inchikey,smiles,cid
FGHJSNGBTCVANJ-UHFFFAOYSA-O,C=C(C(=O)OC)c1[nH]c2ccccc2c1CC[NH+]1C=C(CC)C=CC1,135398075
HSTOKWSFWGCZMH-UHFFFAOYSA-N,Nc1ccc(-c2ccc(N)c(N)c2)cc1N,7071
RNQHMTFBUSSBJQ-UHFFFAOYSA-L,CC(C)C(C(=O)[O-])C(O)C(=O)[O-],6419714
JERGUCIJOXJXHF-TVWVXWENSA-N,CC(=O)[C@@]1(O)CC[C@H]2[C@@H]3CC=C4C[C@@H](O)CC[C@]4(C)[C@H]3CC[C@@]21C,91451
FAKRSMQSSFJEIM-RQJHMYQMSA-N,C[C@H](CS)C(=O)N1CCC[C@H]1C(=O)O,44093
RKDYKIHMFYAPMZ-MRXNPFEDSA-N,NC(N)=NCCC[C@@H](NC(=O)c1ccccc1)C(=O)Nc1ccc([N+](=O)[O-])cc1,440290
FEWPCPCEGBPTAL-UHFFFAOYSA-N,Nc1cn[nH]c(=O)c1Cl,95827
OWZREIFADZCYQD-NSHGMRRFSA-N,CC1(C)[C@H](C(=O)O[C@H](C#N)c2cccc(Oc3ccccc3)c2)[C@@H]1C=C(Br)Br,40585
OGCGGWYLHSJRFY-UHFFFAOYSA-N,CC1=CCC(CC=O)C1(C)C,98497
BIOJTMVLNXQLNJ-ZAUOLEOUSA-N,CCCCCCCCCCCC(=O)OC[C@H](CO[C@@H]1O[C@H](CO)[C@H](O)[C@H](O)[C@H]1O)OC(=O)CCCCCCCCCCC,68446743
JDSSVQWHYUVDDF-UPHRSURJSA-M,NC(=O)N/C=C\C(=O)[O-],1751483
CAOVWYZQMPNAFJ-UHFFFAOYSA-M,Nc1ccccc1C(=O)CC(=O)C(=O)[O-],23615302
YTIVTFGABIZHHX-UHFFFAOYSA-L,O=C([O-])C#CC(=O)[O-],4220380
RBIGKSZIQCTIJF-UHFFFAOYSA-N,O=Cc1ccsc1,68135
RGZIXZYRGZWDMI-QXBXTPPVSA-M,CC/C=C\CC1OC1C/C=C\C/C=C\C/C=C\CCCC(=O)[O-],126456540
GGAXPLCKKANQED-UHFFFAOYSA-N,CC1CCC(C(C)C)OC(=O)C1,62349
CUSDWPFQTXVFJL-UHFFFAOYSA-M,CCCCCCCCCCCCCCCCCCCCCCCC(O)C(=O)[O-],21707970
FZCQMIRJCGWWCL-UHFFFAOYSA-N,Nc1ccc(Cl)cc1O,91591
ASBJGPTTYPEMLP-REOHCLBHSA-N,N[C@@H](CCl)C(=O)O,439772
OPDQSNQDIGJUIR-FEHKDBFISA-N,C=C1CC[C@H](O)C(C)(C)[C@@H]1CC/C(C)=C/CCC1=C(C)CC[C@@]2(C)CCC(C)(C)C[C@@H]12,24873746
ACAAVKGSTVOIQB-BASWHVEKSA-N,O=C1/C(=C/c2cc(O)c(O)c(O)c2)Oc2cc(O)cc(O)c21,5281221
PPDQWYOCNSWEMD-RKVCGOANSA-N,O=C1c2c(O)cc(O)cc2O[C@H](c2ccc(O)c(O)c2)[C@H]1O[C@@H]1O[C@@H](CO)[C@H](O)[C@H]1O,72193665
PVMPDMIKUVNOBD-CIUDSAMLSA-N,CC(C)C[C@H](N)C(=O)N[C@@H](CC(=O)O)C(=O)N[C@@H](CO)C(=O)O,71464621
RNFWAFOKCVKQGB-LBPRGKRZSA-N,CC(C)(COP(=O)(O)O)[C@@H](O)C(=O)NCCC(=O)NCCSC(=O)CC(=O)O,50990909
NUJGJRNETVAIRJ-UHFFFAOYSA-N,CCCCCCCC=O,454
KRKNYBCHXYNGOX-UHFFFAOYSA-L,O=C([O-])CC(O)(CC(=O)[O-])C(=O)O,4099777
YTVRFBQKVFJIQD-UHFFFAOYSA-M,CCCCCCCCCCNS(=O)(=O)[O-],24796778
PYFOXRACBORDCT-GOSXWKPOSA-N,CC[C@@]1(O)C[C@H](O)c2c(O)c3c(c(O)c2[C@H]1C(=O)OC)C(=O)c1cccc(O)c1C3=O,99207
AUTOLBMXDDTRRT-UHFFFAOYSA-M,CC1NC(=O)NC1CCCCCC(=O)[O-],25244917
TYPRWJJYCBNAQC-UHFFFAOYSA-N,O=C(O)c1cc(=O)c2ccc(O)c(O)c2[nH]1,439403
STTADZBLEUMJRG-IKNOHUQMSA-N,Br.COc1ccc2c(c1)[C@]13CCCC[C@@H]1[C@H](C2)N(C)CC3.O,5462351
XPQPWPZFBULGKT-UHFFFAOYSA-N,CCCCCCCCCCC(=O)OC,15607
VGSHXNQBJVLXRV-HENWMNBSSA-O,CC(=O)N[C@H]1C(O)O[C@H](COP(=O)(O)OCC[N+](C)(C)C)[C@H](O)[C@@H]1O,45266822
VKOBVWXKNCXXDE-UHFFFAOYSA-M,CCCCCCCCCCCCCCCCCCCC(=O)[O-],5461017
RTTXIBKRJFIBBG-UHFFFAOYSA-N,[NH3+]CC(O)P(=O)([O-])O,74545633
SZHMATBACCQYNZ-LMRICTRBSA-N,COC(/C=C/C(C)=C/C=C/C(C)=C1\C(=O)C[C@H]2[C@@]3(C)CC[C@@H](O)[C@](C)(C(=O)O)[C@@H]3CC[C@]12C)C(C)(C)O,10839555
WIJWBOWLVOOYFR-BDSSXFGHSA-N,CC/C=C\C[C@H]1C(=O)CC[C@H]1CCCCCC(=O)O,5716901
SPBWCBIQZFYDOE-UHFFFAOYSA-N,NC(CCCCNCCC(=O)O)C(=O)O,49852413
SHDNXWHTEHEILL-UHFFFAOYSA-N,CNC(=O)c1nn(C)c2c1C(C)(C)Cc1cnc(Nc3ccc(N4CCN(C)CC4)cc3C)nc1-2,138911168
ANXVUHHMAOYZPG-BOCYDZBOSA-N,CCCCC/C=C\C\C=C/C=C/C=C/C[C@H]1O[C@@H]1CCC(=O)O,5280534
UGAGPNKCDRTDHP-UHFFFAOYSA-N,O=C(O)CCCCCCCCCCCCCCCO,10466
OTJHLDXXJHAZTN-BYPYZUCNSA-N,N[C@@H](CSCCB(O)O)C(=O)O,9877608
UBVTVSINEVHYSY-UHFFFAOYSA-N,Cc1nnc(-c2ccc(-c3cc(C(=O)NC4CC4)ccc3C)c(C)c2)o1,10089048
LICTUMJMBMBMQH-UHFFFAOYSA-M,CC(C)CCCC(C)COS(=O)(=O)[O-],21630866
AIONOLUJZLIMTK-AWEZNQCLSA-M,COc1ccc([C@@H]2CC(=O)c3c([O-])cc(O)cc3O2)cc1O,49859576
KJADKKWYZYXHBB-XBWDGYHZSA-N,CC1(C)O[C@@H]2[C@@H](CO[C@@]3(COS(N)(=O)=O)OC(C)(C)O[C@@H]23)O1,5284627
CNNVSINJDJNHQK-LMOVPXPDSA-N,CN1CCO[C@@H](c2ccccc2)c2ccccc2C1.Cl,6452867
BCMCBBGGLRIHSE-UHFFFAOYSA-N,c1ccc2ocnc2c1,9228
HZPRKBBGTWCENZ-UHFFFAOYSA-N,N#Cc1ncn(Nc2ccccc2)c1N,124202395
DLNRUGDIZLLLEA-JGCGQSQUSA-N,CCCCCCCCCCCCCCCCCC(=O)OC[C@H](COP(=O)([O-])OCC[N+](C)(C)C)OC(=O)CCCCCCC,129626768
DQLJWDPIMMGMIA-QDUWNOHVSA-M,CC/C=C\CC1CC1C[C@@H](O)[C@@H](CC)C(=O)[O-],91972290
POKFFFWIOJPOJZ-OADPAQMCSA-N,CC[C@H](C)C(=O)[C@H]1C(=O)O[C@@]2(C)C(=O)C=C3C=C(C)O[C@H](O)[C@H]3[C@H]12,53355011
UVTNFZQICZKOEM-UHFFFAOYSA-N,CC(C)N(CCC(C(N)=O)(c1ccccc1)c1ccccn1)C(C)C,3114
NETSQGRTUNRXEO-XUXIUFHCSA-N,C=C1CC[C@H]2C(=C)CC[C@H]3C(=C)C(=O)O[C@@H]3[C@@H]12,73174
OQNWUUGFAWNUME-UHFFFAOYSA-N,CC(COCCO)OCCO,10154203
XJOOMMHNYOJWCZ-UKRRQHHQSA-N,CC1=C[C@@H]2c3cccc4[nH]cc(c34)C[C@H]2N(C)C1,73484
HTORTGVWUGQTHQ-WUAUYOTNSA-N,C[C@]12CC[C@@H]3c4ccc(O)cc4[C@@H](O)C[C@H]3[C@@H]1CCC2=O,21122975
HRPQWSOMACYCRG-UHFFFAOYSA-N,CCCCCCCCCCCCc1cccc(S(=O)(=O)O)c1,25456
FFPCPCUQRSSBKV-SFHFHHNFSA-N,CCCCCCCCCCCCCCCCCCCCCCCC(=O)N[C@@H](CO)[C@H](O)CCCCCCCCCCC(C)CC,118797944
HPKHSOHEPOWJGC-DQUFGQPPSA-N,Cc1ccc(O)cc1CC[C@@H]1C(=O)CC[C@]2(C)[C@@H]([C@H](C)C(=O)O)CC[C@@H]12,90659783
KBTQMAFDKPKMEJ-UYNYGYNWSA-N,C[C@H](CCCCC(=O)O)O[C@@H]1O[C@@H](C)[C@H](O)C[C@H]1O,11471380
DKZBBWMURDFHNE-NSCUHMNNSA-N,COc1cc(/C=C/C=O)ccc1O,5280536
BLGXFZZNTVWLAY-SCYLSFHTSA-N,COC(=O)[C@@H]1[C@H]2C[C@H]3c4[nH]c5ccccc5c4CCN3C[C@@H]2CC[C@@H]1O,8969
BUESVEVOCVSHOF-CRPILRSJSA-N,CCCCCCCC/C=C\CCCCCCCCCC(=O)O[C@H](COC(=O)CCCCCCCCCCCCCCCCCCC)COP(=O)([O-])OCC[N+](C)(C)C,24779042
SNFYYXUGUBUECJ-UHFFFAOYSA-N,CCC(CC)C(c1ccc(Nc2nc3ccccc3s2)cc1)n1cncn1,9799888
VQPVVWAFTIFKDD-LURJTMIESA-N,N#CCCNC(=O)CC[C@H](N)C(=O)O,440920
ZOJBYZNEUISWFT-UHFFFAOYSA-N,C=CCN=C=S,5971
JWNVZJZMJXISNG-UHFFFAOYSA-N,CC1(C)Nc2nc(N)[nH]c(=O)c2N=C1CO,135428690
XLTFNNCXVBYBSX-UHFFFAOYSA-M,COc1c(O)cc([O-])c2c(=O)cc(-c3ccccc3)oc12,86289529
AMYWVAAMWXSUTL-PWUCFTJHSA-M,CC[C@H](C)C(=O)C/C=C/C(C)C[C@@H](O)[C@@H](CC)C(=O)[O-],91972254
ZLIHRGDEFDFVOK-ZRDIBKRKSA-N,O=C(O)CNC(=O)/C=C/CCCCCCCCCC=C(Br)Br,25242622
FIMVTNBZKNVWDN-MRVPVSSYSA-L,CCCCCC(=O)OC[C@@H](O)COP(=O)([O-])[O-],86289479
BIPAHAFBQLWRMC-DKLMTRRASA-N,CC1=CC(O)CC(C)(C)C1/C=C/C(C)=C/C=C/C(C)=C/C=C/C=C(C)/C=C/C=C(C)/C=C/C1C(C)=CC(O)CC1(C)C,6384258
IKQGYCWFBVEAKF-UHFFFAOYSA-M,[NH3+]CCc1c[nH]c2cccc(OP(=O)([O-])[O-])c12,131801259
FEBCMJRMESQQMH-UHFFFAOYSA-N,CCCCCCCCCCC(F)(F)C(F)(F)C(F)(F)C(F)(F)C(F)(F)C(F)(F)F,197559
OZMJDTPATROLQC-BYPYZUCNSA-N,[NH3+][C@@H](CCCNO)C(=O)[O-],44237382
QOLPXKINHMJZAV-UHFFFAOYSA-N,O=C1C=CC(=O)N1CC[c-]1[cH-][cH-][cH-][cH-]1.[Fe].c1cc[cH-]c1,11986118
ZINJLDJMHCUBIP-UHFFFAOYSA-N,CCOc1nc(NC)nc(NC(=O)NS(=O)(=O)c2ccccc2C(=O)OC)n1,91756
WGXUDTHMEITUBO-YFKPBYRVSA-N,[NH3+][C@@H](CCC(=O)NCCS(=O)(=O)O)C(=O)[O-],132472326
SBQZBOCQYMVLTC-UHFFFAOYSA-N,O=C(O)C(CO)Nc1ccc([N+](=O)[O-])cc1[N+](=O)[O-],259582
DUNKXUFBGCUVQW-UHFFFAOYSA-J,[Cl][Zr]([Cl])([Cl])[Cl],24817
QYOJSKGCWNAKGW-PBXRRBTRSA-N,O=C(O)C1=C[C@@H](OP(=O)(O)O)[C@@H](O)[C@H](O)C1,121947
VDYDCVUWILIYQF-CSMHCCOUSA-M,C[C@@H](O)C(=O)SC[C@H](NC(=O)CC[C@H]([NH3+])C(=O)[O-])C(=O)NCC(=O)[O-],46878377
BZUIJMCJNWUGKQ-BDAKNGLRSA-N,NCC[C@@H](O)CNCCCC[C@H](N)C(=O)O,10922432
BJGIWVGXMRUMNA-WBYCZGBQSA-N,COc1cc2c(O[C@@H]3O[C@H](CO)[C@@H](O)[C@H](O)[C@H]3O)c3c(c(-c4ccc5c(c4)OCO5)c2cc1OC)C(=O)OC3,119458
HEYOPWSFHOXZQH-ZEEHAMELSA-N,CC(=O)O[C@@H]([C@H]1C[C@@H]1C(=O)C(C)OC(=O)/C=C/c1ccc(O)cc1)[C@H]1CC=CC(=O)O1,44178664
BUJOWQKLLDUNTC-UHFFFAOYSA-N,COc1cc2oc3c(OC)c(OC)c(O)cc3c2cc1O,441782
QCYVUUAIJUUUPI-BBVRLYRLSA-N,Cc1nc2c(=O)[nH]c(=O)[nH]c2n(C[C@H](O)[C@H](O)[C@H](O)CO)c1=O,440869
RZJQGNCSTQAWON-UHFFFAOYSA-N,CS(=O)(=O)c1ccc(C2=C(c3ccccc3)C(=O)OC2)cc1,5090
RZHIZFURFGRHHQ-UHFFFAOYSA-N,C=C(C)C(O)Cc1c(O)c(CC=C(C)C)c(O)c2c(=O)c(-c3ccc(O)c(O)c3)coc12,11597321
CPPLWBNAWKMJON-UHFFFAOYSA-N,C=C(C)C#Cc1c(OC)cc(OC)c(OC)c1C,16737471
SGTUOBURCVMACZ-WHKAPZRYSA-M,CCCCC/C=C\C[C@H]1O[C@@H]1/C=C/[C@H](O)C/C=C\CCCC(=O)[O-],71728442
KTOAGBIQQPGNIR-WBHUJUFNSA-N,COc1cc(C(=O)O[C@@H]2C[C@@H]3CC[C@@]2(C)C3(C)C)ccc1O,1294694
OOEDHTCVMHDXRH-IWQZZHSRSA-L,O=C([O-])/C=C\CC(=O)C(=O)[O-],5460095
ODOAOGXWFNLKLU-LPLXGARPSA-N,O=C(OC[C@H]1O[C@@H](Oc2c(-c3ccc(O)c(O)c3)oc3cc(O)cc(O)c3c2=O)[C@H](O)[C@@H](O)[C@H]1O)c1ccc(O)cc1,91666354
IYIKLHRQXLHMJQ-UHFFFAOYSA-N,CCCCc1oc2ccccc2c1C(=O)c1cc(I)c(OCCN(CC)CC)c(I)c1,2157
BKAYIFDRRZZKNF-VIFPVBQESA-N,CC(=O)NCCC(=O)N[C@@H](Cc1cnc[nH]1)C(=O)O,9903482
HFDZHKBVRYIMOG-QMMMGPOBSA-N,O=C(O)[C@H](Cc1ccc(O)cc1)NS(=O)(=O)O,66643700
WIKYUJGCLQQFNW-UHFFFAOYSA-N,CN1CCN(CCCN2c3ccccc3Sc3ccc(Cl)cc32)CC1,4917
FBPFZTCFMRRESA-JGWLITMVSA-N,OC[C@@H](O)[C@@H](O)[C@H](O)[C@@H](O)CO,5780
XPHVDOXZJRTIMV-UHFFFAOYSA-N,CC1(C)C2CC=C(C(=O)O)C1C2,86840
UGDOFRYHDCDVHD-GFMLYYSJSA-N,CCCCCCCC/C=C\CCCCCCCC(=O)OC[C@@H](O)COP(=O)(O)OC1[C@H](O)[C@H](O)C(O)[C@H](O)[C@H]1O,86289645
KMIPKYQIOVAHOP-YLGJWRNMSA-N,CO/N=C(\C(=O)N[C@@H]1C(=O)N2C(C(=O)O)=C(/C=C\c3scnc3C)CS[C@H]12)c1csc(N)n1,9870843
PQEHILHGDWJAOT-YODGCNRUSA-N,N[C@@H](CS/C(Cc1c[nH]c2ccccc12)=N/O)C(=O)NCC(=O)O,90657215
WIMWMKZEIBHDTH-UHFFFAOYSA-N,CN(C)CCCN1c2ccccc2CCc2ccc(Cl)cc21.Cl,68539
QYPPRTNMGCREIM-UHFFFAOYSA-M,C[As](=O)([O-])O,5460701
SDZPYNMXGUHFMZ-TZIWHRDSSA-N,O=C(O[C@@H]1Cc2c(O)cc(O)cc2O[C@@H]1c1ccc(O)cc1)c1cc(O)c(O)c(O)c1,467295
KMIKSOYDDIZGBV-OVURDINGSA-N,OC[C@H]1OC(OC[C@H]2OC(O)[C@@H](O)[C@@H]2O)[C@@H](O)[C@@H](O)[C@@H]1O,91846154
HADGPAWFBKHJNM-SQFISAMPSA-N,CCCCCC/C=C\CCCCCCCC(=O)OC(CCCCCCCCCCCCC)CCCC(=O)O,126456524
UCRHFBCYFMIWHC-UHFFFAOYSA-N,Clc1ccc2c(N3CCN(CCCN4CCN(c5ccnc6cc(Cl)ccc56)CC4)CC3)ccnc2c1,122262
LULAYUGMBFYYEX-UHFFFAOYSA-N,O=C(O)c1cccc(Cl)c1,447
AOXQMDNIXINZBX-NIGQNHAHSA-N,Cc1cc(C)cc(N2C(=O)NC(=O)/C(=C/C=C/c3ccc(N(C)C)cc3)C2=O)c1,1628057
OEUMAONYVQQDBW-HMRFFJRGSA-N,CC(C)C(=O)/C=C\C=C(\O)C(=O)O,5280967
LYBOINSLCFYPDG-UHFFFAOYSA-N,O=C(CC(=O)c1c(O)cc(O)cc1O)c1ccc(O)cc1,71728402
YPWJVPXHSDMPQB-UHFFFAOYSA-M,O=C([O-])Cc1c(Cl)ccc(Cl)c1Cl.[Na+],23691996
KVUDODPZCDAFRS-UHFFFAOYSA-N,N#CC(=O)c1c[nH]c2cccc(O)c12,122234931
FCXZBWSIAGGPCB-YFKPBYRVSA-N,CC(=O)OCC[C@H](N)C(=O)O,439389
FHYQIQMSODIFCP-WARYXCEBSA-N,COc1cc([C@@H]2Oc3c(OC)cc(/C=C/C(=O)O)cc3[C@H]2CO)ccc1O,38356815
IFBHRQDFSNCLOZ-YBXAARCKSA-N,O=[N+]([O-])c1ccc(O[C@@H]2O[C@H](CO)[C@H](O)[C@H](O)[C@H]2O)cc1,65115
ZOKVLMBYDSIDKG-CSMHCCOUSA-N,C[C@@H](O)[C@H](NC(=O)[C@@H](N)CCCCN)C(=O)O,7010718
MQHLMHIZUIDKOO-AYHJJNSGSA-O,CCC(C)(C)c1ccc(CC(C)C[NH+]2C[C@@H](C)O[C@@H](C)C2)cc1,91826547
JRGYNXKJYVLQBR-QPBHWVAKSA-N,CC1(C)C(=O)CC[C@]2(C)[C@H]3CC[C@@H]4[C@@H]([C@]5(C)C=CC(=O)O5)CC[C@@]4(C)[C@]3(C)CC[C@@H]12,50908214
JESPWQGCCOLVKQ-AVFWISQGSA-N,Oc1ccc([C@H]2Oc3cc(O)cc(O)c3[C@@H](c3c(O)cc(O)c4c3O[C@H](c3ccc(O)cc3)[C@@H](O)C4)[C@@H]2O)cc1,442671
UWWISKPOVFKUES-SITIDLGXSA-N,OC[C@@H](O)[C@@H](/C=C/c1ccc(O)cc1)c1ccc(O)c(O)c1,12315463
UXYYOHOTPOQJPD-QNKGIFIZSA-N,C/C1=C\CC[C@@]2(C)O[C@H]2CC(C)(C)/C=C/C1=O,52940771
PMCYMVXRSAUBSH-UHFFFAOYSA-M,O=C1C=C([O-])C(=O)NC1=O,139036276
GHVMTHKJUAOZJP-CGTJXYLNSA-N,CNC(=O)[C@@H](NC(=O)[C@H](CCCc1ccccc1)[C@H](C)N(O)C=O)C(C)(C)C,9952396
PBMSWVPMRUJMPE-UHFFFAOYSA-N,O=C(O)c1ccccc1C(=O)Nc1ccc(S(=O)(=O)Nc2nccs2)cc1,4806
ORFPWVRKFLOQHK-UHFFFAOYSA-N,CC(C)c1nn(C(=O)NC(C)(C)C)c(=O)n1N,153920
DCSUBABJRXZOMT-IRLDBZIGSA-N,COc1cc(N)c(Cl)cc1C(=O)N[C@@H]1CCN(CCCOc2ccc(F)cc2)C[C@@H]1OC,6917698
WXNXCEHXYPACJF-ZETCQYMHSA-N,CC(=O)N[C@@H](CC(C)C)C(=O)O,70912
JZGOFJIAHJJJDK-ICZJPRMTSA-N,C/C1=C/C[C@H]2C(C)(C)CC[C@]2(C)/C=C2\[C@@H](CC[C@@H]2C)C1,129320446
SVHUWZOIWWJJJM-BYPYZUCNSA-N,CC[C@H]([NH3+])C(=O)NCC(=O)[O-],7019935
GHPVDCPCKSNJDR-UHFFFAOYSA-M,CCCCCCCCC(O)C(=O)[O-],21584721
SQMDJKFNRLCHMW-IUJOKSNGSA-N,O=C(O)C1(O)C[C@H](O)[C@@H](O)CO1,71728446
IXORZMNAPKEEDV-OBDJNFEBSA-M,C=C1C[C@]23C[C@@]1(O)CC[C@H]2[C@@]12C=C[C@H](O)[C@@](C)(C(=O)O1)[C@H]2[C@@H]3C(=O)[O-],7567105
KNTSMTUFIKIJQO-JUYTZFGZSA-N,C[C@H](CCCCC[C@@H](O)CC(=O)O)O[C@@H]1O[C@@H](C)[C@H](OC(=O)c2c[nH]c3ccccc23)C[C@H]1O,86289888
WNGVUZWBXZKQES-YUMQZZPRSA-N,CC(C)C[C@H](N)C(=O)N[C@@H](C)C(=O)NCC(=O)O,9834954
SOUHUMACVWVDME-UHFFFAOYSA-N,Nc1ccc2nc3ccc(N)cc3[n+](-c3ccccc3)c2c1.[Cl-],65732
MBNRADMGBBUWJK-OWOJBTEDSA-M,O=C([O-])/C=C/[N+](=O)[O-],21714378
DFATXMYLKPCSCX-UHFFFAOYSA-N,CC1CC(=O)OC1=O,20051
JWKHXZXIDRXHAT-HCIHMXRSSA-N,O=C(CCCCCCCCCCC(=O)OC[C@H](O)[C@H]1OC(=O)C(O)=C1O)OC[C@H](O)[C@H]1OC(=O)C(O)=C1O,54750751
PTYXOLTZOUXIKI-ZLXVQWIVSA-N,CC/C=C\C/C=C\C[C@@H](/C=C/CCCCCCC(=O)O)OO,71728395
AGBQKNBQESQNJD-UHFFFAOYSA-M,O=C([O-])CCCCC1CCSS1,5460326
UUHFPYZUZFHRJP-VOTSOKGWSA-N,CCC(C)C/C=C/C(C)C,5364645
UNOREBDSQVPLRN-CFFKTVTHSA-L,CCCCCCCC/C=C\CCCCCCCC(=O)OC[C@H](COP(=O)([O-])[O-])OC(=O)CCCCCCCCCCCCCCCCCC,71668334
XCTYLCDETUVOIP-UHFFFAOYSA-N,CCSc1ccc2c(c1)N(CCCN1CCN(C)CC1)c1ccccc1S2,5440
LINVVMHRTUSXHL-GGVPDPBRSA-N,CC(C)CCC[C@@H](C)[C@H]1CC(=O)C2=C3CC[C@H]4C[C@@H](O)CC[C@]4(C)[C@H]3CC[C@@]21C,10046567
ZGGHKIMDNBDHJB-NRFPMOEYSA-M,CC(C)n1c(/C=C/[C@@H](O)C[C@@H](O)CC(=O)[O-])c(-c2ccc(F)cc2)c2ccccc21.[Na+],23663976
CPBSBMPDIRRVGP-HYXAFXHYSA-N,CC(=O)N/C=C(/CC(=O)O)C(=O)O,5280408
VRBKIVRKKCLPHA-UHFFFAOYSA-N,CCc1nn(CCCN2CCN(c3cccc(Cl)c3)CC2)c(=O)n1CCOc1ccccc1,4449
RGYLYUZOGHTBRF-BIHRQFPBSA-N,CSCC[C@H](NC(=O)[C@@H](N)Cc1c[nH]c2ccccc12)C(=O)N[C@@H](CC(=O)O)C(=O)N[C@@H](Cc1ccccc1)C(N)=O,446569
QZTWUDDGLIDXSE-UHFFFAOYSA-N,Cc1c2ccncc2c(C)c2c1[nH]c1ccc(O)cc12,91643
OJFSRAVBTAGBIM-UXWTYBCRSA-N,CC(C)CCC[C@@H](C)[C@H]1CC[C@H]2[C@@H]3C[C@@H]4O[C@@]45CCCC[C@]5(C)[C@H]3CC[C@]12C,12568515
LMJVXQOOTLMXHB-UHFFFAOYSA-N,COc1c(-c2ccc(O)cc2)cc(OC)c2c1oc1cc(O)c(O)cc12,24011606
QVXAZNMRZNYTNS-PSXMRANNSA-O,CCCCCCCCCCCCCCCC(=O)OC[C@H](COP(=O)(O)OCC[N+](C)(C)C)OC(=O)CCCCCCCCCCCNc1ccc([N+](=O)[O-])c2nonc12,45480563
KZLVPXXVKVLMCG-UHFFFAOYSA-N,O=C1NC(C(=O)O)C(=O)Nc2ccccc21,91825662
XIERONXOJKEALF-PXYGFXEISA-N,CCCCCCCC/C=C\CCCCCCCC(=O)OC[C@H](COP(=O)(O)O)OC(=O)CCCCCCCCCCCCCCCCC,52929549
QZIGLSSUDXBTLJ-ZBRFXRBCSA-M,C[C@]12CC[C@@H]3c4ccc(OS(=O)(=O)[O-])cc4CC[C@H]3[C@@H]1CC[C@@H]2O,71434364
YQFJJDSGBAAUPW-INIZCTEOSA-N,CCCCCCCCCCCC(=O)CC(=O)N[C@H]1CCOC1=O,9883786
JVTAAEKCZFNVCJ-REOHCLBHSA-M,C[C@H](O)C(=O)[O-],5460161
OFWYIUYVHYPQNX-JXFKEZNVSA-N,CC(C)=CCc1c(O)ccc2c1O[C@H]1c3ccc(O)cc3OC[C@@H]21,119268
JRLGPAXAGHMNOL-LURJTMIESA-N,CC(=O)N[C@@H](CCC[NH3+])C(=O)[O-],6992102
JGSUNMCABQUBOY-UHFFFAOYSA-M,O=C([O-])CCC(=O)c1cccnc1,7021185
DDKWQLRWSLILIV-UHFFFAOYSA-M,CN(C)c1ccc(C(=C2C=CC(=[N+](C)C)C=C2)c2ccc(N=C=S)cc2)cc1.[O-][Cl+3]([O-])([O-])[O-],25195446
ZVQOOHYFBIDMTQ-LWESTGQBSA-N,C[C@H](c1ccc(C(F)(F)F)nc1)[S@@](C)(=O)=NC#N,122164820
FQQQKGAFQIIGLQ-VYFUBJQISA-M,CCCCCCCC/C=C\CCCCCCCC(=O)OC[C@@H](O)COP(=O)([O-])OCC(O)CO,86583377
CGQFTTVSUUOBNW-JQWIXIFHSA-N,NC(=O)CC[C@H](NC(=O)[C@@H]1CCCN1c1ccc([N+](=O)[O-])cc1[N+](=O)[O-])C(=O)O,70788996
QDHFHIQKOVNCNC-UHFFFAOYSA-N,CCCCS(=O)(=O)O,49935
RGMMTOZHCJCZRW-UHFFFAOYSA-N,CCCCCC(=O)c1c(O)cc(O)cc1O,6917096
KYYQMVUKYQCSQY-AATRIKPKSA-N,O=C(O)/C=C/c1nn(Cc2ccc(Cl)cc2Cl)c2cc(C(F)(F)F)ccc12,11212172
XXKFQTJOJZELMD-JICBSJGISA-N,CC/C=C\C/C=C\C/C=C\CCCCCCCC(=O)OC[C@H](COP(=O)([O-])OCC[N+](C)(C)C)OC(=O)CCCCCCC/C=C\C/C=C\C/C=C\CC,24778990
LCIIOYPBHIZBOD-JMVBYTIWSA-N,CC(C)/C=c1\[nH]c(=O)/c(=C/c2ccccc2)[nH]c1=O,6109346
XQKLJTSTLMVZHF-HCCOWPQCSA-N,C[C@@H]1O[C@@H](OCCCCCC/C=C/C(=O)O)[C@H](O)C[C@H]1OC(=O)c1c[nH]c2ccccc12,86289758
UVTGFMKBPVLATL-DSOJQRAMSA-N,CC(=O)[C@H]1CC[C@H]2[C@@H]3CC[C@H]4C[C@@H](OC(=O)CCC(=O)O)CC[C@]4(C)[C@H]3CC[C@]12C,5289324
UMMADZJLZAPZAW-OVXHCKHTSA-N,CCCCC[C@](C)(O)/C=C/[C@@H]1[C@@H](C/C=C\CCCC(=O)[O-])[C@@H](O)C[C@@H]1O.[NH3+]C(CO)(CO)CO,45266502
AWKBYGDVFUXVBB-OUBSXGCGSA-N,C=C1C[C@@]23C=CC(=O)[C@@](C)(CCC(=O)Nc4c(O)ccc(C(=O)OC)c4O)[C@@H]2C[C@@H]1[C@@H](O)C3,71728344
HCZKYJDFEPMADG-UHFFFAOYSA-N,CC(Cc1ccc(O)c(O)c1)C(C)Cc1ccc(O)c(O)c1,4534
RTLCSWCXZWROFK-XKHJDCLGSA-N,COC(=O)[C@@]1(O)C[C@@H](O)[C@H](OC(=O)/C=C/c2ccc(O)c(OC)c2)[C@H](OC(=O)/C=C/c2ccc(O)c(O)c2)C1,91666355
NJXYMGTXZMAACL-UHFFFAOYSA-N,O=C(O)c1ccc(C(O)O)o1,86290066
CRXOALRUOMUPMC-UMMCILCDSA-N,Nc1nc(N[C@@H]2O[C@H](COP(=O)(O)OP(=O)(O)OP(=O)(O)O)[C@@H](O)[C@H]2O)c(N)c(=O)[nH]1,135398720
FHYWNBUFNGHNCP-UHFFFAOYSA-N,Br.Cc1cccc(C2CN(C)CCc3c2cc(O)c(O)c3Cl)c1,11957685
QCONCWPZAHEPSP-UHFFFAOYSA-N,COc1cc([N+](=O)[O-])ccc1[N+]#N,91799
BNQDCRGUHNALGH-UHFFFAOYSA-O,[NH3+]C(CO)C(=O)NNCc1ccc(O)c(O)c1O,56927906
MPFXTYXHOXVKPU-YWVZRHFBSA-N,CO[C@@H]1[C@H](N)C[C@H]2O[C@]1(C)n1c3ccc(O)c(O)c3c3c4c(c5c6ccccc6n2c5c31)C(=O)NC4=O,24899411
PORPENFLTBBHSG-UHFFFAOYSA-L,CCCCCCCCCCCCCCCC(=O)OCC(COP(=O)([O-])[O-])OC(=O)CCCCCCCCCCCCCCC,4343850
WNWJSYYPDDQIQV-JTQLQIEISA-N,N[C@@H](O)Cc1c[nH]c2ccccc12,20846113
WHMXLRRVANEOOG-RQZHECMVSA-L,CC(C)=CCC/C(C)=C/CC/C(C)=C/CC/C(C)=C/COCC(COP(=O)([O-])[O-])OC/C=C(\C)CC/C=C(\C)CC/C=C(\C)CCC=C(C)C,25246031
UKRXAPMQXXXXTD-QMEIEYGNSA-N,CCCCC/C=C\C/C=C\[C@H](O)CCCCCCC(=O)O,5281117
IOIZWEJGGCZDOL-RQDYSCIWSA-N,CC(C)CCC[C@@H](C)[C@H]1CC[C@H]2[C@@H]3[C@H](O)CC4=CC(=O)CC[C@]4(C)[C@H]3CC[C@]12C,123743
PGRQANKWVMVANW-UNYLCCJPSA-N,CC1CN([C@H]2C[C@H](O)[C@@H](COP(=O)(O)O)O2)C(=O)NC1=O,15276861
MUNWAHDYFVYIKH-PHDIDXHHSA-N,C[N+]1(C)C[C@H](O)C[C@@H]1C(=O)[O-],6560290
XMHGFBLEMNQVKR-UHFFFAOYSA-N,CC(C)(C)C12C3(C(C)(C)C)C1(C(C)(C)C)C23C(C)(C)C,144194
AWUCVROLDVIAJX-GSVOUGTGSA-L,O=P([O-])([O-])OC[C@H](O)CO,7048686
IXFFNMASKMJNRE-UHFFFAOYSA-N,COCCOc1cnc([N-]S(=O)(=O)c2ccccc2)nc1,145944428
CAHGCLMLTWQZNJ-BQNIITSRSA-N,CC(C)=CCC[C@@H](C)[C@H]1CC[C@@]2(C)C3=C(CC[C@]12C)[C@@]1(C)CC[C@H](O)C(C)(C)[C@@H]1CC3,246983
POIARNZEYGURDG-FNORWQNLSA-N,C/C=C/C(=O)C1=C(C)C=CCC1(C)C,5366074
FFQDLQUGGMXGIS-UHFFFAOYSA-N,CC(=O)Nc1ccc(S(=O)(=O)N2CCCCC2c2nc3ccccc3s2)cc1,18097107
PGPMCWZMPPZJML-NAFNZUQFSA-N,CCCCCC/C=C\CCCCCCCC(=O)OC[C@H](COP(=O)([O-])OCC[NH3+])OC(=O)CCCCCCC/C=C\CCCCCC,90657244
IXAMNXQQWDOFMN-NZONWQNASA-M,CC(O)/C=C\C/C=C\C/C=C\C/C=C\C/C=C\C/C=C\CCC(=O)[O-],119058182
TWLSWZMXZCBDMX-CYBMUJFWSA-N,CC1(C)CCC=C([C@@H]2CC=C(CO)CC2)C1,134716635
KYBQHRJTFDLLFL-UHFFFAOYSA-N,O=S(=O)(O)c1cc(O)cc(O)c1,14112811
BHHGXPLMPWCGHP-UHFFFAOYSA-O,[NH3+]CCc1ccccc1,448751
DNYWTMVKWUGHCB-GQCTYLIASA-N,CSCCC/C=N/O,25010747
QNRKTRKCMAQCAK-SBIWHPGTSA-N,COc1cc(/C=C/C(C)=C/C(C)=O)oc(=O)c1C,53483953
UXYJCYXWJGAKQY-HNNXBMFYSA-N,c1cc2c(c3c1C[C@H]1c4cc5c(cc4CCN1C3)OCO5)OCO2,440583
ARSRBNBHOADGJU-UHFFFAOYSA-N,Cc1c2ccccc2c(C)c2c1ccc1ccccc12,6001
KOHIRBRYDXPAMZ-UHFFFAOYSA-N,OC(CNCC(O)C1CCc2cc(F)ccc2O1)C1CCc2cc(F)ccc2O1,71301
BVEWMNTVZPFPQI-UHFFFAOYSA-N,O=C1NC(=O)C(O)C(=O)N1,179547
ZYHXFTQSOKDEDR-UHFFFAOYSA-N,Cc1cc(O)c2c(c1)C(=O)c1c(c(O)cc(O)c1-c1c(C)cc(O)c3c1C(=O)c1cc(O)cc(O)c1C3=O)C2=O,12304530
JBSOOFITVPOOSY-KTKRTIGZSA-M,CCCCCCCC/C=C\CCCCCCC(O)C(=O)[O-],137333836
SVSYJTYGPLVUOZ-UHFFFAOYSA-N,N#Cc1c(-c2ccccc2)cc(-c2cc(Br)ccc2O)[nH]c1=O,1235170
DNVPQKQSNYMLRS-APGDWVJJSA-N,CC(C)[C@@H](C)/C=C/[C@@H](C)[C@H]1CC[C@H]2C3=CC=C4C[C@@H](O)CC[C@]4(C)[C@H]3CC[C@]12C,444679
CXJAAWRLVGAKDV-UHFFFAOYSA-M,CC(=O)NCCS(=O)(=O)[O-],20521519
KWCCUYSXAYTNKA-UHFFFAOYSA-N,COc1cc(C(=O)O)cc(O)c1O,19829
DPJITPZADZSLBP-DQXQJKBJSA-N,COCc1c(F)c(F)c(COC(=O)[C@@H]2[C@@H](/C=C(/C)C#N)C2(C)C)c(F)c1F,25015075
AMSNINGPDSUBHZ-WAUQNXBMSA-N,Oc1cccc2c1[nH]c1c(C3=C[C@@]4(O)CC/C=C\CCCCN5CC[C@@H]3[C@]3(C[C@@H]6/C=C\CCCCN6[C@H]34)C5)nccc12,5270765
QAPKSMIEGHZSPY-UHFFFAOYSA-N,CCOCC(OC)c1ccco1,573718
USYHWJOVIHODCM-OQLLNIDSSA-N,CC(C)=CCC/C(C)=C/COc1cc(O)c2c(=O)c3cc(O)ccc3oc2c1,70697909
IGBBVTAVILYDIO-MDZDMXLPSA-N,CCCCCCCC/C=C/C(=O)O,5282728
JPRHYONDYMOGHT-UHFFFAOYSA-N,COC(=O)CSc1cc(-n2c(=O)n3n(c2=S)CCCC3)c(F)cc1Cl,101659112
CDUVSQMTLOYKTR-ZHALLVOQSA-N,CCCCCC(=O)CC[C@H]1[C@H](O)CC(=O)[C@@H]1CCCCCCC(=O)O,165284
QVBARITWSQCBBV-QBDGMKJCSA-N,CC1(C)CC(=O)c2c(ccc3c2NC(=O)[C@]32C[C@]3([N+](=O)[O-])CN4CCC[C@H]4C[C@@H]3C2(C)C)O1,86289102
XZKIHKMTEMTJQX-UHFFFAOYSA-L,O=[N+]([O-])c1ccc(OP(=O)([O-])[O-])cc1,4686862
ZSRRCEDBZQNHMN-AREMUKBSSA-M,CCCCCCCCCCCCCCCCOC[C@H](COP(=O)([O-])OCC[N+](C)(C)C)OC(=O)CCC(=O)[O-],86289557
IHYXTIZGRRSCNF-UHFFFAOYSA-N,COCC(=O)CO,14926651
PPSSXNJBIKWOLE-JNHSIYEJSA-N,C[C@H](N)C(=O)N[C@@H](Cc1ccccc1)C(=O)N[C@@H](Cc1c[nH]c2ccccc12)C(=O)N[C@@H](CC(N)=O)C(=O)O,71464524
UCYKVNRGXFJHHE-OKFGHLOFSA-N,C[C@@H](O)CCCCCCCCCCC/C=C/C(=O)O,86289719
FJYQVOPLAANXAB-UHFFFAOYSA-N,O=C(O)C(O)C(O)C(OP(=O)(O)O)C(O)C(=O)O,25244160
CCIHHCZWSDAQGO-ROXMKHFISA-N,CC(=O)[C@H]1CC[C@H]2[C@@H]3CCC4=CC(=O)[C@H](C)C[C@]4(C)[C@@]3(F)C(=O)C[C@]12C,242491
FTZIQBGFCYJWKA-UHFFFAOYSA-N,Cc1nc(-[n+]2nc(-c3ccccc3)nn2-c2ccccc2)sc1C,64966
UTQCSTJVMLODHM-RHCAYAJFSA-N,Nc1ncnc2c1ncn2[C@@H]1O[C@H](COP(=O)(O)OC(=O)CCCC[C@@H]2SC[C@@H]3NC(=O)N[C@@H]32)[C@@H](O)[C@H]1O,5326875
KEXNVBSLXJLOPR-XMSPSUPSSA-M,CCCCC[C@@H](/C=C/C=C\CCCCCCCCCC(=O)[O-])OO,139036273
YEMKIGUKNDOZEG-UHFFFAOYSA-M,O=CCP(=O)([O-])O,25245167
PIMZUZSSNYHVCU-YKWPQBAZSA-N,C=C(C)[C@@H]1[C@H]2OC(=O)[C@@H]1[C@]1(O)C[C@H]3O[C@]34C(=O)O[C@H]2[C@]14C,442292
DXUUXWKFVDVHIK-UHFFFAOYSA-N,CC[N+](CC)(CCNC(=O)C(=O)NCC[N+](CC)(CC)Cc1ccccc1Cl)Cc1ccccc1Cl.[Cl-].[Cl-],8288
WQCWELFQKXIPCN-JSYAWONVSA-N,O=C(/C=C/c1ccc(O)cc1)c1c(O)cc(O)cc1O[C@@H]1O[C@H](CO)[C@@H](O)[C@H](O)[C@H]1O,5318659
MWCNCFCBBXKOCI-CMTGZUNTSA-N,COc1cc2c(c(O)c1OC)-c1c(cc3c(c1OC)OCO3)[C@H](OC(=O)/C=C/c1ccccc1)[C@H](C)[C@H](C)C2,11635141
QFBWOLBPVQLZEH-GASJEMHNSA-N,O=S(=O)(O)C[C@H]1OC(O)[C@H](O)[C@@H](O)[C@@H]1O,10880539
FFOWJDCTFSWUMJ-JXMROGBWSA-L,CC(C)=CCC/C(C)=C/COP(=O)([O-])[O-],52940120
YXWCBRDRVXHABN-JCMHNJIXSA-N,CC1(C)C(/C=C(\Cl)c2ccc(Cl)cc2)C1C(=O)OC(C#N)c1ccc(F)c(Oc2ccccc2)c1,6033664
DJJCXFVJDGTHFX-XVFCMESISA-L,O=c1ccn([C@@H]2O[C@H](COP(=O)([O-])[O-])[C@@H](O)[C@H]2O)c(=O)[nH]1,1778309
IVHDZUFNZLETBM-UHFFFAOYSA-N,CN=c1ccc2cc3ccc(NC)cc3oc-2c1.Cl,23617766
MIOPJNTWMNEORI-GMSGAONNSA-M,CC1(C)[C@@H]2CC[C@@]1(CS(=O)(=O)[O-])C(=O)C2,6993953
LBARATORRVNNQM-UHFFFAOYSA-N,CN(C)C(=O)Oc1cc(OC(=O)N(C)C)cc(C(O)CNC(C)(C)C)c1.Cl,54765
CMUHFUGDYMFHEI-QMMMGPOBSA-N,Nc1ccc(C[C@H](N)C(=O)O)cc1,151001
XJABYZRQSHIMPE-ZJLQSMOZSA-N,CCCCC/C=C\C/C=C\C/C=C\C/C=C\CCCC(=O)O[C@@H](CO)COCCCCCCCCCCCCCCCC,16759358
NUHWTADXTBESTA-UHFFFAOYSA-N,CC1(C)C=Cc2c(O)ccc(C3COc4cc(O)ccc4C3=O)c2O1,1812
CGKMKXBKVBXUGK-UHFFFAOYSA-N,CC(C)CCCC(C)CCCC(C)CCCC(C)C(O)C(=O)O,189026
DRUBOMIDMLWOQH-UHFFFAOYSA-N,COc1cc(=O)n2c3ccccc3c3ccnc1c32,11687449
APNQQQRDLMWNLM-UHFFFAOYSA-N,CCCCCCCCCCC1=CC(=O)C(C)=C(C)C1=O,5158539
JPCGABBYVSDYMQ-AKGZTFGVSA-M,CC([NH3+])C(=O)O[C@@H](CO)COP(=O)([O-])[O-],46878597
HRBCPXBJAWPPIC-FLISOKMQSA-N,Nc1nc2c(c(=O)[nH]1)N[C@H]1N2[C@@H]2O[C@H](COP(=O)(O)OP(=O)(O)OP(=O)(O)O)[C@]1(O)[C@H]2O,135921687
BHTRKEVKTKCXOH-LBSADWJPSA-N,C[C@H](CCC(=O)NCCS(=O)(=O)O)[C@H]1CC[C@H]2[C@@H]3[C@@H](O)C[C@@H]4C[C@H](O)CC[C@]4(C)[C@H]3CC[C@]12C,9848818
RDROALZQSJZKED-JLNKQSITSA-N,CC/C=C\C/C=C\C/C=C\C/C=C\C/C=C\CCCCCCCCCCCC(=O)O,52921808
ZDUUJTSRZWILGW-UHFFFAOYSA-N,O=C(O)C=CC1=CC(=O)C(O)=CC1O,25203288
YOXLBXCEDZBDAK-RQOUDQJUSA-N,CCCCC/C=C\C/C=C\C/C=C\C/C=C\CCCC(=O)OC[C@@H](CO)OC(=O)CCCCCCC/C=C\CCCCCCCC,71728429
MAFJMPFLJJCSTB-FQBQTYDJSA-M,C[C@H](CCC(=O)[O-])[C@H]1CC[C@H]2[C@@H]3C(=O)C[C@@H]4C[C@H](O)CC[C@]4(C)[C@H]3CC(=O)[C@]12C,129626819
XUJNEKJLAYXESH-UHFFFAOYSA-N,[NH3+]C(CS)C(=O)[O-],5260155
ZDVZKBOFCHOPLM-SUNYJGFJSA-N,COc1cc([C@H]2c3c(cc(OC)c(O)c3OC)C[C@@H](CO)[C@@H]2CO)cc(OC)c1O,11711453
WTIIULQJLZEHGZ-UHFFFAOYSA-N,CC(C(=O)O)C(C)(O)C(=O)O,392323
BLWNYSZZZWQCKO-UHFFFAOYSA-N,CC(=O)Oc1c(C)cc(OCC(O)C[NH2+]C(C)C)c(C)c1C.[Cl-],53262283
AZHSPOPOMNJPFD-PCTZFDORSA-M,CCCCCC(O)/C=C/C=C\C/C=C\C=C\C(CCCC(=O)[O-])OO,102571776
MXAYKZJJDUDWDS-LBPRGKRZSA-N,CC(C)C[C@H](NC(=O)CNC(=O)c1cc(Cl)ccc1Cl)B(O)O,25183872
QBTJOLCUKWLTIC-AXRBAIMGSA-N,CC/C=C\C[C@@H](O)/C=C/C=C\C[C@@H](O)/C=C/C=C/C=C\[C@@H](O)CCC(=O)O,77845952
BJFJQOMZCSHBMY-YUMQZZPRSA-N,CSCC[C@H](N)C(=O)N[C@H](C(=O)O)C(C)C,7010520
PNDKCRDVVKJPKG-WHERJAGFSA-N,CCCCOCCOc1ccc(-c2ccc3c(c2)/C=C(/C(=O)Nc2ccc([S@@](=O)Cc4cncn4CCC)cc2)CCCN3CC(C)C)cc1,11285792
UYYLYVBSUPHXSX-PFTFKKIYSA-N,C[C@H]1OC(=O)CC[C@@H]2[C@]1(C)CC[C@H]1[C@@]2(C)CC[C@@]2(C)[C@@H]3CC(C)(C)CC[C@]3(C)CC[C@]12C,14105790
ZOJBSSVHFSBHMP-JJJSWPRASA-N,CCCCC/C=C\C/C=C\C/C=C\C/C=C\CCCCCC(=O)OC[C@@H](O)COP(=O)([O-])OCC[N+](C)(C)C,52924039
PLORYRPFPGAIDS-UHFFFAOYSA-N,COc1cc(-c2oc3cc(O)cc(O)c3c(=O)c2OC)cc(OC)c1O,44259712
RONMOMUOZGIDET-HIFRSBDPSA-N,C[C@@H]1CCN(C(=O)N2CCCC2)C[C@@H]1N(C)c1ncnc2[nH]ccc12,53344620
HRJXKKSJPNWKCP-PBEJIIKFSA-M,C/C(=C/C=C(/[O-])C(=O)O)C(=O)CC[C@@H]1C(=O)CC[C@]2(C)C(=O)CC[C@@H]12,54710088
XAGHGLSSJDVTMX-NOUVZJLJSA-N,CCCCCCCCCCCCCC[C@@H](O)[C@@H](O)[C@H](CO[C@H]1O[C@H](CO)[C@H](O)[C@H](O)[C@H]1O)NC(=O)CCCCCCCCCC,90677410
LBHQTVBKPMHICN-KTKRTIGZSA-N,CCCCCCCC/C=C\CCCCCCCCCC(N)=O,5365374
NFEIBWMZVIVJLQ-UHFFFAOYSA-N,Cc1cccc(C)c1OCC(C)[NH3+].[Cl-],44724350
PDBIWYOLPQXSTF-JLTXGRSLSA-N,CC(=O)CCCC(C)(C)C(=O)/C=C/C(C)=C/C=C/C(C)=C/C=C/C=C(C)/C=C/C=C(C)/C=C/C1=C(C)CCCC1(C)C,14409605
YKPLJNOOLKUEBS-RIYRYSNMSA-N,CC/C=C\C[C@H](O)/C=C/C=C\C\C=C/C=C/C=C/[C@@H](O)[C@@H](O)CCC(=O)O,58436112
DHVLDKHFGIVEIP-UHFFFAOYSA-N,N#CCCC(Br)(C#N)CBr,61948
DTFXGVGIKNSCQQ-UHFFFAOYSA-N,Cc1c(O)cc2oc(-c3ccc(O)c(O)c3)c(O)c(=O)c2c1O,5281679
MTCUAOILFDZKCO-UHFFFAOYSA-N,C[N+](C)(C)CCCCCCCCCC[N+](C)(C)C,2968
OWDLFBLNMPCXSD-UHFFFAOYSA-N,Cc1cccc(C)c1N(C(=O)CCl)C1CCOC1=O,42850
PXVCMZCJAUJLJP-YUMQZZPRSA-N,N[C@@H](CCC(=O)N[C@@H](Cc1cnc[nH]1)C(=O)O)C(=O)O,7017195
HXKKHQJGJAFBHI-UHFFFAOYSA-N,CC(O)CN,4
LOEDKMLIGFMQKR-JXOAFFINSA-O,[NH3+]Cc1cn([C@@H]2O[C@H](CO)[C@@H](O)[C@H]2O)c(=S)[nH]c1=O,86289107
GQFJDWYHPRLNHR-UHFFFAOYSA-N,CCn1c(C)cc(=O)c(C(=O)O)c1-c1ccc(Cl)cc1,157722
UJVHVMNGOZXSOZ-VKHMYHEASA-N,CNC[C@H](N)C(=O)O,105089
VGYFMXBACGZSIL-MCBHFWOFSA-N,O=C(O)C[C@H](O)C[C@H](O)/C=C/c1c(C2CC2)nc2ccccc2c1-c1ccc(F)cc1,5282452
VEQOALNAAJBPNY-UHFFFAOYSA-N,Cc1cc(=O)n(-c2ccccc2)n1C,2206
AFLXUGKIZQFJJI-OQPNEMOVSA-N,CCCCCCCC/C=C\CCCCCCCC(=O)OC[C@H](COC(=O)CCCCCCCCCCCCC)OC(=O)CCCCCCC/C=C\CCCCCCCC,86289328
QYDYPVFESGNLHU-KHPPLWFESA-N,CCCCCCCC/C=C\CCCCCCCC(=O)OC,5364509
IXZNKTPIYKDIGG-REOHCLBHSA-K,N[C@@H](CC(=O)OP(=O)([O-])[O-])C(=O)[O-],5460236
WTDRDQBEARUVNC-UHFFFAOYSA-N,NC(Cc1ccc(O)c(O)c1)C(=O)O,836
RYYKJJJTJZKILX-UHFFFAOYSA-M,CCCCCCCCCCCCCCCCCC(=O)[O-].[Na+],2724691
LTXRLUQBZWBCGH-UHFFFAOYSA-N,COc1ccc(CCN(C)Cc2ccc(OC)c(OC)c2)cc1,441586
GOSWTRUMMSCNCW-HNNGNKQASA-N,C/C(=C\CNc1ncnc2c1ncn2[C@@H]1O[C@H](CO)[C@@H](O)[C@H]1O)CO,6440982
WFOFKRKDDKGRIK-UHFFFAOYSA-M,O=C([O-])C1CC(O)C=N1,23615442
MZHCENGPTKEIGP-YFKPBYRVSA-M,C[C@H](Oc1ccc(Cl)cc1Cl)C(=O)[O-],6921590
VKYKSIONXSXAKP-UHFFFAOYSA-N,C1N2CN3CN1CN(C2)C3,4101
JDBGXEHEIRGOBU-UHFFFAOYSA-N,O=c1[nH]cc(CO)c(=O)[nH]1,78168
UYEMGAFJOZZIFP-UHFFFAOYSA-N,O=C(O)c1cc(O)cc(O)c1,7424
OABOXRPGTFRBFZ-IMJSIDKUSA-N,N[C@@H](CS)C(=O)N[C@@H](CS)C(=O)O,152238
SQFSKOYWJBQGKQ-UHFFFAOYSA-N,COc1ccc(-c2oc3cc(O)cc(O)c3c(=O)c2O)cc1,5281666
MGNFYQILYYYUBS-UHFFFAOYSA-N,CC(Cc1ccc(C(C)(C)C)cc1)CN1CCCCC1,91694
BFWYTORDSFIVKP-VAEKSGALSA-N,CCCCC[C@@H](/C=C/C=C\C/C=C\C/C=C\CCCC(=O)O)OO,5280893
LDRFQSZFVGJGGP-GSVOUGTGSA-N,CC(C)(O)[C@H](N)C(=O)O,192763
UGJMXCAKCUNAIE-UHFFFAOYSA-N,NCC1(CC(=O)O)CCCCC1,3446
AGBQKNBQESQNJD-UHFFFAOYSA-N,O=C(O)CCCCC1CCSS1,864
CIEXPHRYOLIQQD-CYBMUJFWSA-N,COC(=O)[C@@H](C)N(C(=O)c1ccco1)c1c(C)cccc1C,12767955
QUPRNMGEDWRDBX-GZTJUZNOSA-N,COc1ccc(/C=C(\C#N)C(C#N)Cc2ccc(OC)cc2)cc1,10087245
ZPBYVFQJHWLTFB-UHFFFAOYSA-N,Cn1cnc(=N)c2[nH]cnc21,135398661
JHEDABDMLBOYRG-LLWSESFUSA-N,C[C@H]1O[C@H](OP(=O)(O)OP(=O)(O)OC[C@H]2O[C@@H](n3ccc(N)nc3=O)[C@H](O)[C@@H]2O)[C@@H](O)C[C@@H]1O,24892738
RRKSDDREVOXSJD-TXARQUJHSA-N,CC1=C(O)C(=O)C=C2C1=CC=C1[C@@]2(C)CC[C@@]2(C)[C@@H]3C[C@@H](CO)CC[C@]3(C)CC[C@]12C,21575471
LWQBAQJPCYBWJQ-BYPYZUCNSA-L,CSCC[C@H](NC(=O)[O-])C(=O)[O-],51351701
OXHDYFKENBXUEM-UHFFFAOYSA-N,O=C(O)CN(CP(=O)(O)O)CP(=O)(O)O,17112
YIKWKLYQRFRGPM-UHFFFAOYSA-N,CC(=O)O.CCCCCCCCCCCCN=C(N)N,17110
YSFZWUJOBANROZ-UHFFFAOYSA-N,CCCCCCCC(C(=O)O)C(=O)O,136574
VRCBYTZZZFFKEN-RBZNUJCTSA-M,COc1ccc(-c2coc3cc(O[C@@H]4O[C@H](COC(=O)CC(=O)[O-])[C@@H](O)[C@H](O)[C@H]4O)cc(O)c3c2=O)cc1,25201045
VBCLNKLOMFDNGC-JMAMMSEDSA-N,O=C(/C=C/C=C/C=C/c1ccc(O)c(NC(=O)/C=C/C=C/C=C/C2CCCCC2)c1)NC1=C(O)CCC1=O,118796884
YCOYDOIWSSHVCK-UHFFFAOYSA-N,Clc1ccc(Nc2nnc(Cc3ccncc3)c3ccccc23)cc1,151194
FGQFOYHRJSUHMR-UHFFFAOYSA-N,O=C(O)CSc1nnc(Br)n1-c1ccc(C2CC2)c2ccccc12,53465279
ZQLOWXRDVDYRGA-UHFFFAOYSA-N,Oc1ccc2c(c1O)Cc1ccccc1-2,441321
LPZDTQCWCMPFND-UHFFFAOYSA-M,CNc1nc2c(Cc3cccnc3)c(C)c(OS(=O)(=O)[O-])c(C)c2s1,138911108
OXNIZHLAWKMVMX-UHFFFAOYSA-N,O=[N+]([O-])c1cc([N+](=O)[O-])c(O)c([N+](=O)[O-])c1,6954
TXXHDPDFNKHHGW-ZPUQHVIOSA-M,O=C([O-])/C=C/C=C/C(=O)O,9548712
ARZWATDYIYAUTA-UHFFFAOYSA-N,Cn1c(N)nc2c3cccnc3ccc21,53462
KGNHJDRDIDXUHY-UHFFFAOYSA-N,CC(C)=CCCN,533848
SSECKXODJGCASI-KUJNIBRASA-M,CCCCC/C=C\C[C@@H](/C=C/C=C\C/C=C\CCCC(=O)NCCS(=O)(=O)[O-])OO,121232667
WHBMMWSBFZVSSR-GSVOUGTGSA-M,C[C@@H](O)CC(=O)[O-],6971058
HDVGBFCTHLFNEE-ASKATJPDSA-N,C[C@H]1CCC[C@@]2(C)CCC=CC12,16667386
JXKPEJDQGNYQSM-UHFFFAOYSA-M,CCC(=O)[O-].[Na+],2723816
BRYCUMKDWMEGMK-BYPYZUCNSA-N,NC(=O)[C@@H]1CNCCN1,7009432
OAPVUSSHCBRCOL-KBHRXELFSA-N,CN(C)[C@@H]1C(=O)C(C(N)=O)=C(O)[C@@]2(O)C(=O)C3=C(O)c4c(O)ccc(Cl)c4[C@@H](O)[C@H]3C[C@@H]12.Cl,54686764
ITPLBNCCPZSWEU-PYDDKJGSSA-N,C/C(=C\COP(=O)(O)OP(=O)(O)O)CCC[C@H](C)CCC[C@H](C)CCCC(C)C,14556929
FJGXDMQHNYEUHI-CNMPHPJXSA-N,CC(=O)N[C@H]1C(O[C@H]2[C@@H](O)[C@@H](CO)OC(O)[C@@H]2NC(C)=O)O[C@H](CO)[C@H](O)[C@@H]1O,51351767
VIBYZHWNCSGZMC-AANDXKHTSA-N,C[C@]1(CCCCCC/C=C/C=C/c2ccccc2)C[C@]2(C)OC(=O)C[C@@H]2OO1,51042405
JSPANIZMKMFECH-UHFFFAOYSA-L,O.O.O=S(=O)([O-])[O-].[Mn+2],22613964
KWPPWWBPUGGYLA-QGZVFWFLSA-N,NC(N)=NCCC[C@@H](NC(=O)c1ccc(OC(=O)c2c[nH]c3cc(O)ccc23)cc1)C(=O)O,53493852
QGERZRKJXVVRQA-NJACTVBXSA-N,CC(C)=CCC/C(C)=C/CC/C(C)=C/CC[C@@H]1[C@@]2(C)CC[C@H](O)C(C)(C)[C@@H]2CC[C@@]1(C)O,57401582
JXMYTVOBSFOHAF-UHFFFAOYSA-O,Cc1cccc(C2C[NH+](C)CCc3c2cc(O)c(O)c3Cl)c1,56927856
SRPWOOOHEPICQU-UHFFFAOYSA-N,O=C(O)c1ccc2c(c1)C(=O)OC2=O,11089
IXWNIYCPCRHGAE-AOSOVIHDSA-N,CC(=O)N[C@H]1[C@H](O[C@H]2[C@@H](O)[C@@H](CO)OC(O)[C@@H]2O)O[C@H](CO)[C@H](O)[C@@H]1O,46906083
GHMALMMXVUBOFV-TWOGUOSYSA-N,CC(C)=CCC[C@@H](C)[C@H]1CC[C@@]2(C)[C@@H]3CC[C@H]4[C@](C)(C(=O)O)[C@@H](O)CC[C@@]45C[C@@]35CC[C@]12C,137333848
YSMODUONRAFBET-UHFFFAOYSA-O,[NH3+]CC(O)CCC([NH3+])C(=O)[O-],23278058
LFZGUGJDVUUGLK-REOHCLBHSA-M,[NH3+][C@@H](COS(=O)(=O)[O-])C(=O)[O-],7098632
WBVHJGBFCZGJRZ-CBBWQLFWSA-N,CC1=CC[C@@]2(C)C[C@H](O)[C@@](O)(C(C)C)[C@@H]2CC1,10376935
GHOKWGTUZJEAQD-ZETCQYMHSA-M,CC(C)(CO)[C@@H](O)C(=O)NCCC(=O)[O-],167945
CWVRJTMFETXNAD-XYXZIBEBSA-N,O=C(/C=C\c1ccc(O)c(O)c1)O[C@@H]1C[C@](O)(C(=O)O)C[C@@H](O)[C@H]1O,1794425
GGIDWJQWCUJYRY-UHFFFAOYSA-L,C=CC1=C(C)c2cc3[n-]c(cc4nc(cc5[n-]c(cc1n2)c(C)c5CCC(=O)O)C(CCC(=O)O)=C4C)c(C)c3C=C.[Fe+3],9548817
BSKROLLIUIDPDT-ZDUSSCGKSA-N,N[C@@H](Cc1cc(N=CCc2ccccc2)c(O)cc1O)C(=O)O,46937041
MPNSEMULLQLQCF-UHFFFAOYSA-N,COc1nc2ccc(CN3CCN(C(=N)N)CC3)cc2cc1Cc1ccc(Cl)cc1,68633745
MSTNYGQPCMXVAQ-KIYNQFGBSA-L,Nc1nc2c(c(=O)[nH]1)NC(CNc1ccc(C(=O)N[C@@H](CCC(=O)[O-])C(=O)[O-])cc1)CN2,136234289
WEYVVCKOOFYHRW-GOSISDBHSA-N,CC(=O)C1=C(O)C=C2Oc3c(C(C)=O)c(O)c(C)c(O)c3[C@]2(C)C1=O,442614
PGHYEQDODATLLZ-ITVUJDHZSA-N,CCCCCCCCCCCCCCCCCCCCCCCCCCCC(=O)N[C@@H](COP(=O)([O-])OCC[N+](C)(C)C)[C@H](O)[C@H](O)CCCCCCCCCCC(C)C,70679087
VFLPBSMLOKMOID-ZBHICJROSA-N,CC(=O)N[C@@H](CSC(=O)C(O)CO)C(=O)O,54389248
ZQEIXNIJLIKNTD-LBPRGKRZSA-N,COCC(=O)N(c1c(C)cccc1C)[C@@H](C)C(=O)OC,156840
VRCBYTZZZFFKEN-RBZNUJCTSA-N,COc1ccc(-c2coc3cc(O[C@@H]4O[C@H](COC(=O)CC(=O)O)[C@@H](O)[C@H](O)[C@H]4O)cc(O)c3c2=O)cc1,5282148
DQQCCKFZJNINST-VCPZKGNQSA-N,C[C@@H]1N[C@H]2N(C1=O)c1ccccc1[C@@]2(O)C[C@@H]1C(=O)N[C@@H](C)c2nc3ccccc3c(=O)n21,11247802
YNBIUHDYZWCBSF-UHFFFAOYSA-N,CCCCCCCCCCCCCCC(OC)C(=O)O,656825
RGHHSNMVTDWUBI-UHFFFAOYSA-N,O=Cc1ccc(O)cc1,126
REKJIYYOAJFPLI-FGZHOGPDSA-N,C[C@@H](O)CCCCCCCCCCCCCCCCCC[C@@H](O)CC(=O)O,86289843
INEWUINFEYGSDK-ACCUITESSA-N,CC(O)CCCCCCCCCC/C=C/C(=O)O,86289715
IXUSDMGLUJZNFO-BXUZGUMPSA-L,CC(=O)OCC1=C(C(=O)[O-])N2C(=O)[C@@H](NC(=O)CCCC(=O)[O-])[C@H]2SC1,25202736
LQWUHEDAVONVEF-UHFFFAOYSA-N,COc1cc(CCc2ccc(O)c(O)c2)cc(O)c1O,25208515
QQGLQYQXUKHWPX-RFEZBLSLSA-N,O=S(=O)(O)O/N=C(/Cc1ccccc1)S[C@@H]1O[C@H](CO)[C@@H](O)[C@H](O)[C@H]1O,6537197
KRSCQOPJLNSQDL-AMGKYWFPSA-N,N#CC(SC[C@H]([NH3+])C(=O)NCC(=O)[O-])c1c[nH]c2ccccc12,123131567
DJVAMCYXFUWMLS-QUPGBHKMSA-N,C[C@H](CCC(=O)O)[C@H]1CC[C@H]2[C@@H]3C=CC4=CC(=O)CC[C@]4(C)[C@H]3C[C@H](O)[C@]12C,166839
PGEQHCHOUZXRSA-CRNPJGAVSA-N,CC(=O)N[C@H]1[C@H](C=O)OC(O)(C(=O)O)C[C@@H]1O,53239696
SYJFEGQWDCRVNX-UHFFFAOYSA-N,c1cc[n+]2c(c1)-c1cccc[n+]1CC2,6795
AMXYRHBJZOVHOL-ODYTWBPASA-N,CC/C=C\CC/C=C/CO,5362833
PNMUAGGSDZXTHX-BYPYZUCNSA-N,NCC(=O)N[C@@H](CCC(N)=O)C(=O)O,123913
MDQGTDMBVJCTBN-JCGDXUMPSA-M,CC1(C)S[C@@H]2[C@H](NC=O)C(=O)N2[C@H]1C(=O)[O-],45259181
PQMCQNOVNFNPFJ-GORDUTHDSA-K,CC1=NC(C(=O)[O-])S/C1=C/COP(=O)([O-])[O-],46878472
CSPVUHYZUZZRGF-RNFRBKRXSA-N,C[C@@H]1C[C@@H](O)CC(C)(C)C1=O,10313234
SYVVJZLOTVDBCP-IIPHORNXSA-M,CCCC/C(=N/OS(=O)(=O)[O-])S[C@@H]1O[C@H](CO)[C@@H](O)[C@H](O)[C@H]1O,20843365
DZMMGSFVLBBPIA-UHFFFAOYSA-N,COc1ccc(-c2cc3cc(CCCO)ccc3o2)c(O)c1,14213211
XKTQDSMBOPQHOR-UHFFFAOYSA-N,CN(C)c1cccc2c(S(=O)(=O)NCc3ccc(N=O)cc3)cccc12,45266900
SAHHOESMIODDOI-LSBDQBMESA-N,CC(O)[C@H](Nc1ccc([N+](=O)[O-])cc1[N+](=O)[O-])C(=O)N[C@@H](CCC(N)=O)C(=O)O,70789019
YHUFRVYVNKGICT-UHFFFAOYSA-N,O=CC(=O)CCC(=O)O,119412
TXHIPUZLOILIIU-RAJZRIHCSA-M,CC[C@H](C)[C@H](NC(=O)C[C@H]1CCC(=O)[C@H]1C/C=C\CCO)C(=O)[O-],126456509
DGGUVLXVLHAAGT-NJGYIYPDSA-N,Nc1nc2c(c(=O)[nH]1)N=C([C@H](O)[C@@H](O)COP(=O)(O)OP(=O)(O)OP(=O)(O)O)CN2,135398606
CEPGYONTKGWENW-QIGLBIQCSA-N,C/C=C(\C)CC/C=C(\C)C(=O)OCC(C)(C)CC1=C(O)c2ccccc2C(=O)C1=O,6474554
HGLAYHSJJRYIBI-UHFFFAOYSA-N,C=CCOP(=O)(O)OP(=O)(O)O,44363362
UDGHXQPQKQPSBB-BOXHHOBZSA-N,O=C(O)CCCN1CCC(O[C@@H](c2ccc(Cl)cc2)c2ccccn2)CC1.O=S(=O)(O)c1ccccc1,164521
JKIXLEKBXHMXTN-UHFFFAOYSA-N,CCc1cc2c(=O)c(-c3nc4ccccc4s3)coc2c(CN2CCCCC2)c1O,1286902
ZKNRLOCMOKOKHW-WOUKDFQISA-M,CN(C)c1nc2c(c(=O)[nH]1)n(C)c[n+]2[C@@H]1O[C@H](COP(=O)([O-])[O-])[C@@H](O)[C@H]1O,136242939
MQLSOVRLZHTATK-PEYNGXJCSA-N,C=C[C@H]1[C@H](O[C@@H]2O[C@H](CO)[C@@H](O)[C@H](O)[C@H]2O)OC=C(C(=O)OC)[C@H]1CC(=O)O,162868
RWTNPBWLLIMQHL-UHFFFAOYSA-N,CC(C)(C(=O)O)c1ccc(C(O)CCCN2CCC(C(O)(c3ccccc3)c3ccccc3)CC2)cc1,3348
SXNYIVOHZKYIJV-VKHMYHEASA-N,N[C@@H](CCC(=O)NP(=O)(O)O)C(=O)O,126961722
BCUVLMCXSDWQQC-SLPGGIOYSA-M,O=C[C@H](O)[C@@H](O)[C@H](O)[C@H](O)COS(=O)(=O)[O-],21123007
OXZSOVAKZDHECN-UHFFFAOYSA-N,CC(C)N1C(=O)Cc2cc(Nc3ncc(C(F)(F)F)c(NCc4cccc(S(C)(=O)=O)c4)n3)ccc21,139036271
FJHBVJOVLFPMQE-QFIPXVFZSA-N,CCc1c2c(nc3ccc(O)cc13)-c1cc3c(c(=O)n1C2)COC(=O)[C@]3(O)CC,104842
MHWLWQUZZRMNGJ-UHFFFAOYSA-N,CCn1cc(C(=O)O)c(=O)c2ccc(C)nc21,4421
JXMYTVOBSFOHAF-UHFFFAOYSA-N,Cc1cccc(C2CN(C)CCc3c2cc(O)c(O)c3Cl)c1,133538
NIPZZXUFJPQHNH-UHFFFAOYSA-N,O=C(O)c1cnccn1,1047
ZRQXMKMBBMNNQC-UHFFFAOYSA-N,CC(C)CC(=O)NCC(=O)O,546304
DZKXJUASMGQEMA-UHFFFAOYSA-N,CCCCCCCCCCCCCCOC(=O)CCCCCCCCCCCCC,18605
HLBPOYVRLSXWJJ-PDSMFRHLSA-N,COc1cc([C@@H]2c3cc4c(c(O)c3C[C@H]3COC(=O)[C@@H]32)OCO4)cc(OC)c1OC,92122
RUFPHBVGCFYCNW-UHFFFAOYSA-N,Nc1cccc2ccccc12,8640
RLHYLTRNTUTEBU-BMRADRMJSA-N,COc1c(O)c(C)c(C/C=C(\C)CCCCCCc2ccccc2)oc1=O,54728953
RQKDPSTWKKMBPM-XLPZGREQSA-K,Nc1nc(=O)n([C@H]2C[C@H](O)[C@@H](COP(=O)([O-])OP(=O)([O-])[O-])O2)cc1CO,21145194
HNDVDQJCIGZPNO-UHFFFAOYSA-N,NC(Cc1cnc[nH]1)C(=O)O,773
MPIPASJGOJYODL-GOSISDBHSA-O,Clc1ccc([C@@H](Cn2ccnc2)OCc2c(Cl)cccc2Cl)c(Cl)c1.[H+],86290113
PIYDVAYKYBWPPY-UHFFFAOYSA-N,CCCCCCCCCCCCCCCCC=O,71552
YLEKZMUIJDSEKO-PAUXXPOVSA-M,CC/C=C\C/C=C\C/C=C\C/C=C\C/C=C\C/C=C\CCC(=O)NCCOP(=O)([O-])OC[C@H](O)CO,91666414
YICAQFPUDACYGQ-VIFPVBQESA-N,CC(C)(C)C(=O)O[C@@H](CC(=O)[O-])C[N+](C)(C)C,91825716
GYOZYWVXFNDGLU-XLPZGREQSA-L,Cc1cn([C@H]2C[C@H](O)[C@@H](COP(=O)([O-])[O-])O2)c(=O)[nH]c1=O,16755631
SCZSSSOEHFCMKR-ONIXZVGUSA-N,C[C@@H]1O[C@@H](OCCCCCCC/C=C/C(=O)O)[C@H](O)C[C@H]1OC(=O)c1c[nH]c2ccccc12,86289761
PPRRDFIXUUSXRA-UHFFFAOYSA-N,O=c1[nH]c2ccccc2n1CCN1CCN(c2cccc(C(F)(F)F)c2)CC1,6918248
WISSQECJGFKWLU-OWVCEBFMSA-N,CO[C@H](C=C(C)C)C[C@H](C)[C@@H]1CC[C@]2(C)C3=CC[C@H]4C(C)(C)C(=O)CC[C@]4(C)C3=CC[C@@]12C,50994308
KXFRJVFUDDQWHC-JCROAMGPSA-N,CCCCNC(=O)[C@H](CS)NC(=O)/C(=N\OC)c1ccco1,56927768
LXQDZCCPYLOHOJ-UYSNGIAKSA-N,NC(N)=NC1[C@@H](O)[C@H](O)C(O)[C@H](O)[C@H]1O,440281
NNNPTHYQKQZIDE-NUPCUBJNSA-M,COC(=O)[C@@]12C(=O)C(C)=C([O-])[C@]1(C)C(C)=C[C@H]1[C@]3(C)CC[C@H](O)C(C)(C)[C@H]3CC[C@@]12C,135563721
OREAFAJWWJHCOT-UHFFFAOYSA-N,CC(C)(C(=O)O)C(=O)O,11686
DGUIKAVSMBLZCL-MKSLXUROSA-N,C=CC1=CC(=O)[C@@H]2[C@H](CC[C@@H]3C(C)(C)[C@H](O)C(=O)C[C@@]23C)[C@@H]1C,11278519
ASXQQFFJWJUYLO-UHFFFAOYSA-N,CC(=O)Cc1cc2cc(O)cc(O)c2c(=O)o1,102304306
DKOQGJHPHLTOJR-WHRDSVKCSA-N,CO/N=C(\C(=O)N[C@@H]1C(=O)N2C(C(=O)[O-])=C(C[n+]3cccc4c3CCC4)CS[C@H]12)c1csc(N)n1,5479539
GWENQMVPLJAMAE-UHFFFAOYSA-N,NCCCCC(=O)C(=O)O,439954
MBIMXMBSWOGVPF-UHFFFAOYSA-N,CC(C)=CCc1ccc(-c2oc3c(CC=C(C)C)c(O)c4c(c3c(=O)c2O)OC(C)(C)CC4)cc1O,25180898
BBOWBNGUEWHNQZ-MDZDMXLPSA-N,CCCCCCCC/C=C/CCCCCCCCC(=O)O,5312512
VWFCHDSQECPREK-LURJTMIESA-M,Nc1ccn(C[C@@H](CO)OCP(=O)([O-])O)c(=O)n1,29922751
JIFVMXFPCPTMIM-UHFFFAOYSA-N,NCc1ccc(-c2nc3c(c(=O)[nH]2)CSCC3)cc1,135939124
JTFITTQBRJDSTL-KVTDHHQDSA-L,CSC[C@H]1O[C@H](OP(=O)([O-])[O-])[C@H](O)[C@@H]1O,45266677
RTSODCRZYKSCLO-UHFFFAOYSA-N,COC(=O)C(O)CC(=O)O,12100555
MWQRAOGWLXTMIC-TUGJPZLJSA-N,COc1cc([C@@H](O)[C@@H]2CO[C@H](c3ccc(O)c(OC)c3)[C@H]2CO)ccc1O,21630005
NUKYPUAOHBNCPY-UHFFFAOYSA-N,Nc1ccncc1,1727
SWUARLUWKZWEBQ-VQHVLOKHSA-N,O=C(/C=C/c1ccc(O)c(O)c1)OCCc1ccccc1,5281787
PYGLBYQINHTALU-FXQIFTODSA-N,N[C@@H](CSc1cc(C[C@H](N)C(=O)O)c(SC[C@H](N)C(=O)O)c(O)c1O)C(=O)O,189169
AAAFZMYJJHWUPN-TXICZTDVSA-J,O=P([O-])([O-])OC[C@H]1O[C@H](OP(=O)([O-])[O-])[C@H](O)[C@@H]1O,70678980
XEBKSQSGNGRGDW-YFHOEESVSA-M,CCCCC/C=C\CC(O)C(O)CCCCCCCC(=O)[O-],86583480
AJMQKDTUOKAQNT-SDVFQCAASA-N,COc1cc([C@@H]2OC[C@@H]3[C@H]2CO[C@H]3c2cc(OC)c(OC)c(OC)c2)cc(OC)c1O,53356312
ZVENTDGZQVBWNA-RCIYGOBDSA-N,CC(C)=CCC/C(C)=C/CC/C(C)=C/CC/C(C)=C/CC/C(C)=C/CC/C(C)=C/Cc1c(C)c(O)c2ccccc2c1O,6441040
OWKGVPXWOHLTSL-LIUJFMQASA-N,CC(C)CCC[C@@H](C)[C@H]1CC[C@H]2C3=CC[C@H]4[C@H](C)C(=O)CC[C@]4(C)[C@H]3CC[C@]12C,440345
OEEZRBUCLFMTLD-YFKPBYRVSA-N,N[C@@H](CCC(=O)NC1(O)CC1)C(=O)O,108079
VWRMUTKBDQWLAX-BYPYZUCNSA-M,CC(C)[C@@H](C(=O)[O-])N(O)O,25202132
QJTZZBJSNNHONP-LYJZGNKWSA-N,CCCCC/C=C\C/C=C\CCCCCCCC(=O)O[C@H](COC(=O)CCCCCCCCCCCCCCC)COP(=O)(O)OCCNC(=O)CCC,91666438
XEQAHADLFLAPQL-RBIQQSKKSA-N,CCCCCC(=O)/C=C/[C@H]1C(=O)C[C@H](O)[C@@H]1C/C=C\CCCC(=O)O,5280727
PGJQPLVEUVHSFQ-UHFFFAOYSA-N,COC(=O)c1ccc(OC(C)=O)cc1,578495
NJHXRWOUQCGQAV-YGNOGLJPSA-N,C=C1C[C@]23C[C@H]1CC[C@H]2[C@@]12CC=C[C@@](C)(C(=O)O1)[C@H]2[C@@H]3C(=O)O,5281986
RKDFGWAXBBGKMR-IONNQARKSA-M,O=C([O-])CCC1=CC=C[C@H](O)[C@@H]1O,46878520
GWZCCUDJHOGOSO-UHFFFAOYSA-N,O=C(O)c1ccccc1-c1ccccc1C(=O)O,10210
RMGVZKRVHHSUIM-UHFFFAOYSA-M,O=S(=O)([O-])S(=O)(=O)O,6857573
ZHECJFNKDQXHIW-FHZGLPGMSA-N,CC1CC(=O)c2c(cc3c(-c4c(O)cc(O)c5c(O)c6c(cc45)O[C@H](C)[C@@H](C)C6=O)c(O)cc(O)c3c2O)O1,46886842
NFMVWIXBGOEENC-VJCWLMRASA-N,C=C1CC[C@@H]2[C@@](C)(CCC(Cl)C(C)(C)Br)[C@H](Br)CC[C@@]2(C)[C@@H]1Cc1cc(Br)cc(Br)c1O,23584430
ROILTUODAPUWLG-NRFWZUBKSA-N,C[C@@H]1O[C@@H](O[C@H]2C[C@](O)(C(=O)CO)Cc3cc4c(c(O)c32)C(=O)c2c(O)cccc2C4=O)C[C@H](N)[C@@H]1O,5288076
VFLUXFSSKVKHEL-ZCVGYKRBSA-N,C[C@@H]1O[C@@H](O)[C@@H](O)[C@H](O)[C@@H]1O[C@@H]1O[C@H](CO)[C@@H](O)[C@H](O)[C@H]1O,91860012
MZHCENGPTKEIGP-RXMQYKEDSA-M,C[C@@H](Oc1ccc(Cl)cc1Cl)C(=O)[O-],6921591
FAMJUFMHYAFYNU-SNVBAGLBSA-N,CC1=CC[C@@H](C(C)C)CC1,11815433
CTNZOGJNVIFEBA-MOKAZRKYSA-L,[NH3+][C@@H](CCOc1ccc(/C(=N/[O-])C(=O)N[C@H]2CN([C@@H](C(=O)[O-])c3ccc(O)cc3)C2=O)cc1)C(=O)[O-],135563647
OVBPIULPVIDEAO-LBPRGKRZSA-L,Nc1nc2ncc(CNc3ccc(C(=O)N[C@@H](CCC(=O)[O-])C(=O)[O-])cc3)nc2c(=O)[nH]1,135761165
QZXWGGGNYORFOK-UHFFFAOYSA-M,O=CCC(CO)C(=O)[O-],21145077
QNSVTPUDNHNRQZ-UHFFFAOYSA-N,CC1(C)C=Cc2c(cc(O)c3c(=O)cc(-c4ccc(O)c(O)c4)oc23)O1,10247422
ZLIRCPWCWHTYNP-UHFFFAOYSA-N,O=C1c2cc(O)cc(O)c2C(=O)c2c1cc(O)c(C(CO)CCO)c2O,22357942
IHKNVZISLLDMOR-GQCTYLIASA-N,COc1cc(/C=C/C(=O)O)ccc1OC(C)=O,5354677
RGCVKNLCSQQDEP-UHFFFAOYSA-N,OCCN1CCN(CCCN2c3ccccc3Sc3ccc(Cl)cc32)CC1,4748
DJVAMCYXFUWMLS-QUPGBHKMSA-M,C[C@H](CCC(=O)[O-])[C@H]1CC[C@H]2[C@@H]3C=CC4=CC(=O)CC[C@]4(C)[C@H]3C[C@H](O)[C@]12C,20848947
QQOGTJREOAHYMT-UHFFFAOYSA-N,O=S(=O)(O)Oc1cccc(O)c1,20573881
GFYLSDSUCHVORB-IOSLPCCCSA-N,Cn1cnc2c(ncn2[C@@H]2O[C@H](CO)[C@@H](O)[C@H]2O)c1=N,27476
NQFUSWIGRKFAHK-UHFFFAOYSA-N,CC1(C)C2CC3OC3(C)C1C2,91508
OXGUCUVFOIWWQJ-FOJOTVKPSA-N,C[C@@H]1O[C@H](Oc2c(-c3ccc(O)c(O)c3)oc3cc(O)cc(O)c3c2=O)[C@@H](O)[C@H](O)[C@@H]1O,5320852
FUZOZPRKGAXGOB-UHFFFAOYSA-N,CCC(NC(=O)CCC(N)C(=O)O)C(=O)O,14253341
WQLVFSAGQJTQCK-VKROHFNGSA-N,C[C@@H]1CC[C@@]2(OC1)O[C@H]1C[C@H]3[C@@H]4CC=C5C[C@@H](O)CC[C@]5(C)[C@H]4CC[C@]3(C)[C@H]1[C@@H]2C,99474
PDGDCUUTDPJPTI-UHFFFAOYSA-N,COc1cc2c(c(OC)c1OC)C(=O)CC(c1ccc(O)cc1)O2,244387
CMDASQIIPCUQNP-FXMFQVEGSA-N,CCCCC/C=C\C/C=C\C/C=C\C/C=C\CCCC(=O)NCCOP(=O)(O)OC[C@H](O)CO/C=C\CCCCCCCCCCCCCCCC,129011067
TXXHDPDFNKHHGW-ZPUQHVIOSA-L,O=C([O-])/C=C/C=C/C(=O)[O-],7269401
HEASGCOZOMIKFU-WBXWDXDJSA-N,CCCCCCCCCCCCCCCC/C=C\OC[C@H](COP(=O)(O)OCCN)OC(=O)CCCCCCCCCCCCCCC,52925073
IOZRSGUDLCETGJ-RMKNXTFCSA-N,COC(=O)C(C(=O)OC/C=C/c1ccccc1)S(=O)(=O)c1ccc(C)cc1,12172476
RYPQSGURZSTFSX-UHFFFAOYSA-N,CCC(CCC(C)O)COC(=O)c1ccccc1C(=O)O,170295
FPTPAIQTXYFGJC-UHFFFAOYSA-N,Cc1ncc([N+](=O)[O-])n1CCO.Cl,68592
PXOZAFXVEWKXED-UHFFFAOYSA-N,CC(=O)Nc1ccc(N=Nc2cc(C)ccc2O)cc1,17811
RDFMDVXONNIGBC-UHFFFAOYSA-N,CCCCCC(N)C(=O)O,227939
HODFCFXCOMKRCG-UHFFFAOYSA-N,CS(=O)(=O)[O-].Cc1ccc(C(=O)Oc2ccc(C(O)C[NH2+]C(C)(C)C)cc2OC(=O)c2ccc(C)cc2)cc1,45266501
HYNNWLVWJXWXFO-UHFFFAOYSA-N,CN(c1nccc(-c2cnc3ccccn23)n1)C1CCCCC1,24801862
LRWFMQCGNBOTQP-OLZOCXBDSA-N,CC1(C)S[C@H](CNC(=O)Cc2ccccc2)N[C@H]1C(=O)O,2825766
WJEDAXQWYZLHII-LKCYJCQHSA-N,CC1(C)S[C@H]([C@H](NC(=O)Cc2ccccc2)C(=O)NCCCC[C@H](N)C(=O)O)N[C@H]1C(=O)O,124081804
USSIQXCVUWKGNF-UHFFFAOYSA-N,CCC(=O)C(CC(C)N(C)C)(c1ccccc1)c1ccccc1,4095
ZWKRXBCJAUKDCI-KRCVMZOZSA-N,CC(CSSC[C@@H](C)C(=O)N1CCC[C@H]1C(=O)O)C(=O)N1CCC[C@H]1C(=O)O,163066
IZXIZTKNFFYFOF-UHFFFAOYSA-N,O=C1NCCO1,73949
IESFZVCAVACGPH-PEFMBERDSA-N,CC[C@H](C)[C@H](NC(=O)[C@H](CC(=O)O)NC(=O)[C@@H](N)CCC(=O)O)C(=O)O,71464589
NJFOSFIPGRXARF-BRTULJEKSA-N,C=C(C)[C@@H]1CC[C@@H]2[C@]3(CC[C@]4(C)[C@@H]([C@H](C)CC/C=C(/C)C(=O)O)CC[C@@]24C)C[C@]13CCC(=O)O,10814237
BIGYHYCRZXFCJX-UUOKFMHZSA-N,Nc1ncnc2c1nnn2[C@@H]1O[C@@H]2COP(=O)(O)O[C@H]2[C@H]1O,91666333
XDTMQSROBMDMFD-UHFFFAOYSA-N,C1CCCCC1,8078
CBQJSKKFNMDLON-SNVBAGLBSA-M,CC(=O)N[C@H](Cc1ccccc1)C(=O)[O-],6928500
XSXQXHMPBBNYRD-BQVOAQMCSA-N,OC[C@H]1O[C@H](O[C@@H]2[C@H](O)COC(O)[C@H]2O)[C@H](O)[C@@H](O)[C@@H]1O,91850980
BBGNINPPDHJETF-UHFFFAOYSA-N,CCCCCCCCCCCCCCCCCc1cc(O)cc(O)c1,181700
DWONKORAGIKGGD-AATRIKPKSA-N,Cc1cccc(/C=C/C(=O)C(=O)O)c1O,9543158
LDIMXAXYWUCEAM-UTJQPWESSA-N,CCCCC/C=C\C/C=C\CCCCCCCCCCCC(=O)OC(CC(=O)[O-])C[N+](C)(C)C,71464511
HLJHXSCXSDXLNW-OHDHZNPQSA-N,CCCCC/C=C\C/C=C\C/C=C\CCCCCCC(=O)O[C@H](COC(=O)CCCCCCC/C=C\CCCCCCCC)COP(=O)([O-])OCC[N+](C)(C)C,52922697
HFVMLYAGWXSTQI-QYXZOKGRSA-N,C[C@]12CCC(=O)C[C@@H]1CC[C@@H]1[C@@H]2CC[C@]2(C)C=CC[C@@H]12,6852393
BLBGRTHACSTGEL-UHFFFAOYSA-M,Cc1cc(O)cc2c(C(=O)O)c([O-])ccc12,86289503
JVDOKQYTTYUYDV-UHFFFAOYSA-N,Cc1cnc(Nc2ccc(N3CCN(C)CC3)cc2)nc1Nc1cccc(S(=O)(=O)NC(C)(C)C)c1,16722832
PKDBCJSWQUOKDO-UHFFFAOYSA-M,[Cl-].c1ccc(-c2nn(-c3ccccc3)[n+](-c3ccccc3)n2)cc1,9283
VAUYGGXCASQWHK-QMMMGPOBSA-N,N[C@@H](Cc1c(O)[nH]c2ccccc12)C(=O)O,17754204
NTFDPMTZBRANNS-RKDXNWHRSA-N,C[C@@H](O)CCCCC[C@@H](O)CC(=O)O,86289817
XUYPXLNMDZIRQH-LURJTMIESA-M,CSCC[C@H](NC(C)=O)C(=O)[O-],6991985
VGSUMLIRUGDCTF-NSMRCOLJSA-N,CCCCC/C=C\C/C=C\C/C=C\CCCCCCC(=O)O[C@H](COC(=O)CCCCCCCCCCCCCCCCC)COP(=O)([O-])OCC[N+](C)(C)C,24778857
GFSTXYOTEVLASN-UHFFFAOYSA-J,O=C([O-])CN1CCN(CC(=O)[O-])CCN(CC(=O)[O-])CCN(CC(=O)[O-])CC1.[Gd+3],71300448
GSDBGCKBBJVPNC-BYPYZUCNSA-N,NC(N)=NCCOP(=O)(O)OC[C@H](N)C(=O)O,159847
SXDXRJZUAJBNFL-XKSSXDPKSA-M,Cc1nc2c(=O)nc([O-])nc-2n(C[C@H](O)[C@H](O)[C@H](O)CO)c1C,46931117
HWMGTNOVUDIKRE-UWVGGRQHSA-N,N[C@@H](Cc1ccccc1)C(=O)N[C@@H](CC(=O)O)C(=O)O,6992643
IMBKASBLAKCLEM-UHFFFAOYSA-L,O=S(=O)([O-])[O-].O=S(=O)([O-])[O-].[Fe+2].[NH4+].[NH4+],24863
QQDIFLSJMFDTCQ-FIFLTTCUSA-N,Cn1c(/C=C/C(=O)NO)ccc1/C=C/C(=O)c1cccc(F)c1,71311876
ICGKEQXHPZUYSF-OWOJBTEDSA-L,O=C([O-])C/C=C/CC(=O)C(=O)[O-],22057616
IKFAUGXNBOBQDM-XFMPMKITSA-N,CC/C=C\C[C@H](O)[C@H](O)/C=C/C=C/C=C\C=C\[C@@H](O)C/C=C\CCC(=O)O,11383310
BJPSSVHNEGMBDQ-OAACRXHESA-N,CC1=CC(=O)C2=C(C)CC[C@@H]3[C@H](OC(=O)[C@@H]3C)[C@@H]12,442139
KRZHNRULRHECRF-UHFFFAOYSA-N,O=C(O)C1CC2(C(=O)O)C=CC(O)C(C2)O1,4473763
DXOCDBGWDZAYRQ-AURDAFMXSA-N,C[C@H](CCC(=O)O)[C@H]1CC[C@H]2[C@@H]3C(=O)C[C@@H]4C[C@H](O)CC[C@]4(C)[C@H]3CC[C@]12C,444262
BYPXGAVDTZXOLE-WHFBIAKZSA-N,O=C(O)[C@H]1CC[C@H](O)C(=O)C1,440432
RBXVKQIMYZTQER-ZXXLSYNSSA-N,CN1CC[C@]23C(=O)C[C@H]4C(=CCO[C@H]5CC(=O)N(c6cc(O)ccc62)[C@H]3[C@H]54)C1,57412270
VKMYTDDVUBGBDH-UUOKFMHZSA-N,Nc1nc(N[C@@H]2O[C@H](COP(=O)(O)O)[C@@H](O)[C@H]2O)c(NC=O)c(=O)[nH]1,135476781
BCVRWZODRSBEQZ-UHFFFAOYSA-N,CC[n+]1c(/C=C/C=C/c2ccc(N(C)C)cc2)ccc2cc(N(C)C)ccc21,5706753
SATZAQAJSHXNSJ-UHFFFAOYSA-N,CC(c1ccccc1)C1OCCO1,97785
CDQCYVXBXRQUOL-NSCUHMNNSA-N,CC(=O)Oc1ccc(/C=C/C=O)cc1,11137923
UJMBCXLDXJUMFB-UHFFFAOYSA-K,O=C([O-])C1=NN(c2ccc(S(=O)(=O)[O-])cc2)C(=O)C1N=Nc1ccc(S(=O)(=O)[O-])cc1.[Na+].[Na+].[Na+],164825
ICMUIFDBEVJCQA-HAFAVUGZSA-M,CC(=O)N[C@H]1C(O)O[C@H](CO)[C@@H](O)[C@@H]1O[C@H](C)C(=O)N[C@@H](C)C(=O)[O-],86290134
YLYKAEKEKWAWLH-VZFHVOOUSA-L,O=P([O-])([O-])O[C@H]1C=C(CO)[C@@H](O)[C@H](O)[C@H]1O,118796916
POTCZYQVVNXUIG-BQBZGAKWSA-N,N[C@@H](CC(=O)O)C(=O)NCC(=O)N1CCC[C@H]1C(=O)O,11989732
PQCXVIPXISBFPN-UHFFFAOYSA-N,O=C1NC(=O)C(c2ccccc2[N+](=O)[O-])=C1Nc1ccc(O)c(Cl)c1,4210951
PNIYMXIOPMSWEU-ZCNNSNEGSA-N,CCCCCCCCCCCCCCCC[C@@H](O)[C@@H](O)[C@@H](N)COP(=O)(O)O,57339214
ZOIPFFUVGMVQGE-DTQPDNRZSA-N,C[C@]12CC[C@H]3[C@@H](CCC4=CC(=O)[C@H](O)C[C@@]43C)[C@@H]1CC[C@@H]2O,14311666
LAYJNQDEPNUUEI-GFLYYBHISA-L,C=CC1=C(C)c2cc3[n-]c(cc4nc(cc5[n-]c(cc1n2)c(C)c5C=C)[C@](C)(O)[C@]41CCC(=O)O1)c(CCC(=O)[O-])c3C.[Fe],53356695
YQEZLKZALYSWHR-CYBMUJFWSA-N,CN[C@@]1(c2ccccc2Cl)CCCCC1=O,644025
CAQGVXNKMLYRMF-UHFFFAOYSA-L,O=C([O-])Cc1cn(-c2ccccc2)nc1-c1ccc(Cl)cc1.O=C([O-])Cc1cn(-c2ccccc2)nc1-c1ccc(Cl)cc1.[Ca+2],6917852
WRBRCYPPGUCRHW-UHFFFAOYSA-N,CCC(=N)C(=O)O,18454345
WBLTVUMJMJIOGQ-YCGCYHNXSA-N,C[C@@H]1CC[C@H]2C(C(=O)O)=C[C@@H]3[C@@H](O)C(C)(C)C[C@@]132,10988713
JSOOHERMGHRAQI-WMJCWLERSA-N,O=C1CC=C2[C@H]3C[C@H]4[C@@]5(CC[N+]4([O-])C/C3=C/CO)c3ccccc3N1[C@@H]25,124079391
BUJAGSGYPOAWEI-UHFFFAOYSA-N,Cc1cccc(C)c1NC(=O)C(C)N,38945
XLPXUPOZUYGVPD-SILLCRNTSA-N,C/C=C(/C=O)C(CC=O)CC(=O)OCCc1ccc(O)c(O)c1,11823361
WCZBMGWSWYHCAA-PDNFSXIVSA-N,C=C1C(=O)O[C@H]2C=C(C)[C@@H]3[C@@H]([C@@H](O)[C@H]12)[C@](C)(O)C[C@@H]3OC(C)=O,54671718
WGXUDTHMEITUBO-YFKPBYRVSA-N,N[C@@H](CCC(=O)NCCS(=O)(=O)O)C(=O)O,68759
ZSSIKYJYLIRCAK-LODBTCKLSA-N,CC(=O)N[C@@H]1[C@@H](O[C@@H]2O[C@H](COS(=O)(=O)O)[C@H](O)[C@H](O)[C@H]2O)[C@H](O)[C@@H](CO)O[C@H]1O,91828243
WQABCVAJNWAXTE-UHFFFAOYSA-N,OCC(S)CS,3080
LRCNOZRCYBNMEP-SECBINFHSA-N,CC(C)C(=O)O[C@H](CC(=O)[O-])C[N+](C)(C)C,168379
LWXJVHTUEDHDLG-XUXIUFHCSA-N,CC(C)C[C@H](NC(=O)[C@H](CC(C)C)NC(=O)[C@@H](N)CC(N)=O)C(=O)N[C@@H](CO)C(=O)O,71464614
ZJTJUVIJVLLGSP-UHFFFAOYSA-N,Cc1cc2nc3[nH]c(=O)[nH]c(=O)c3nc2cc1C,5326566
WDQPAMHFFCXSNU-UHFFFAOYSA-N,CC(C)N=c1cc2n(-c3ccc(Cl)cc3)c3ccccc3nc-2cc1Nc1ccc(Cl)cc1,2794
KNFJWKJXKURGQU-CYBMUJFWSA-N,C[C@@H](O)CCCCCCCCCCCC(=O)O,11086022
JLQSXXWTCJPCBC-UHFFFAOYSA-N,Cn1cc(C(N)=O)ccc1=O,69698
JBIZUYWOIKFETJ-UHFFFAOYSA-N,O=c1oc2ccccc2c2oc3ccccc3c12,638309
JEDIEMIJYSRUBB-FOHZUACHSA-N,C[C@@H](O)[C@H](N)C(=O)N[C@@H](CC(=O)O)C(=O)NCC(=O)O,71728366
SIEHZFPZQUNSAS-GCVUPTOQSA-N,COC(=O)[C@@H](N)CSC/C=C(\C)CC/C=C(\C)CCC=C(C)C,6439225
NHZMQXZHNVQTQA-UHFFFAOYSA-N,Cc1ncc(CO)c(CN)c1O,1052
QLLZAVDYYAQESE-AATRIKPKSA-N,CN(CCCCC(=O)O)c1ccc(/C=C/c2ccc([N+](=O)[O-])cc2)cc1,11963512
GZKLJWGUPQBVJQ-UHFFFAOYSA-N,O=C1NCCN1CCN1CCC(c2cn(-c3ccc(F)cc3)c3ccc(Cl)cc23)CC1,60149
KINNIEOBQSTCFI-JHHIBIJLSA-N,C/C=C/C=C/CCCC/C=C/c1cc(OC)c(C=O)c(=O)o1,11748655
PDJCFPSNNLWTLK-BJEMOUNTSA-N,C[C@@H]1OC(O)[C@@H](O[C@H]2O[C@H](CO)[C@@H](O)[C@H](O)[C@H]2O)[C@H](O)[C@@H]1O,91858235
QEAQJVYOZNBPLR-KSJZJIFISA-M,CC/C=C\C/C=C\C[C@@H](/C=C/C=C\C=C\CC/C=C\CCC(=O)[O-])OO,132282538
FSYKKLYZXJSNPZ-UHFFFAOYSA-O,C[NH2+]CC(=O)O,16755639
BSMCAPRUBJMWDF-KRWDZBQOSA-O,O=C(c1ccc(F)c(F)c1Nc1ccc(I)cc1F)N1CC(O)([C@@H]2CCCC[NH2+]2)C1,71772577
VKTIONYPMSCHQI-XAGFEHLVSA-N,CCCCCC(=O)CC[C@@H]1[C@@H](C/C=C\CCCC(=O)O)[C@@H](O)C[C@H]1O,5283039
JKSGMXGOUDXURP-CXUHLZMHSA-N,CC/C(C)=N/Nc1nc(-c2ccc(Cl)cc2)cs1,27210083
AUZONCFQVSMFAP-UHFFFAOYSA-N,CCN(CC)C(=S)SSC(=S)N(CC)CC,3117
BMYWCJXYXPFCJV-UHFFFAOYSA-N,O=C(c1cc(COc2c(F)cccc2F)on1)N1CCC(c2ccncc2)CC1,16189154
ULSSJYNJIZWPSB-CVRXJBIPSA-N,C[C@H](NC(=O)[C@@H](O)c1cc(F)cc(F)c1)C(=O)N[C@@H]1C(=O)N(C)c2ccccc2-c2ccccc21,10435235
FJZZPCZKBUKGGU-AUSIDOKSSA-O,CCCCCCCC(=O)N[C@H](C[NH+]1CCCC1)[C@H](O)c1ccc2c(c1)OCCO2,86290062
DSNRWDQKZIEDDB-SQYFZQSCSA-M,CCCCCCCC/C=C\CCCCCCCC(=O)OC[C@H](COP(=O)([O-])OC[C@@H](O)CO)OC(=O)CCCCCCC/C=C\CCCCCCCC,71728338
IRLPACMLTUPBCL-KQYNXXCUSA-N,Nc1ncnc2c1ncn2[C@@H]1O[C@H](COP(=O)(O)OS(=O)(=O)O)[C@@H](O)[C@H]1O,10238
SVCNNZDUGWLODJ-RAYFHMIRSA-N,C=C1C/C(=C/C)C(=O)O[C@@H]2CCN3CC=C(COC(=O)[C@@]1(O)CO)[C@H]23,5281744
UYDZYCPIQSRXKU-VGMNWLOBSA-N,C=C1C[C@@H]1C[C@H](NC(=O)CC[C@H](N)C(=O)O)C(=O)O,76966805
XPQIPNORJZZYPV-UHFFFAOYSA-N,O=C(O)CCC(CO)C(=O)O,10261389
PCOBBVZJEWWZFR-UHFFFAOYSA-N,CCOC(=O)Nc1ccc(NCc2ccc(F)cc2)cc1N,121892
USNXMSKYBRAGPQ-UHFFFAOYSA-N,CCCCCCCCCCCCCCCC(=O)OC(CCCCCCCCCCC)CCCCCC(=O)O,86290207
NNYBQONXHNTVIJ-KRWDZBQOSA-N,CCc1cccc2c3c([nH]c12)[C@](CC)(CC(=O)O)OCC3,688461
ANQXYDNAHFDKKH-AFEVRESMSA-N,CC(=O)O[C@@H]1C[C@H]2C(C)(C)C(=O)C=C[C@]2(C)[C@H]2CC[C@@]3(C)C(=CC(=O)[C@H]3C3=CCOC3=O)[C@@]21C,70697889
JGVWCANSWKRBCS-UHFFFAOYSA-N,CN(C)c1ccc2c(-c3ccc(SC#N)cc3C(=O)O)c3ccc(=[N+](C)C)cc-3oc2c1.[Cl-],65134
YYLPAYRRVSQJRR-KSZLIROESA-N,C=C(C)[C@@H]1C[C@H](O)C(C)=C[C@H]1c1c(O)cc(CCCCC)cc1O,53357350
WBHHMMIMDMUBKC-QJWNTBNXSA-M,CCCCCC[C@@H](O)C/C=C\CCCCCCCC(=O)[O-],25630959
OFKDGLASQWCAIZ-YLIHFPLRSA-N,CCCCC/C=C\C[C@@H](/C=C/C=C\C/C=C\CCCC(=O)NCCCC(=O)O)OO,121232674
AATAEFKOGVRLNH-UXPWSPDFSA-N,CC(C)c1ccc(O)c2c1CC[C@H]1[C@@](C)(C(=O)O)CCC[C@]21C,52937174
APUHCCTYZGXKTG-DMTNHVFBSA-N,C[C@](O)(CCCCCCCCCCCCc1ccccc1)C[C@@]1(C)OC(=O)C[C@H]1O,51042407
BNWKMHUFFKDAMV-UHFFFAOYSA-N,CCCCCC(O)CCCCCC(=O)O,5312743
OSJPPGNTCRNQQC-UHFFFAOYSA-K,O=C([O-])C(O)COP(=O)([O-])[O-],49791969
AHLPHDHHMVZTML-BYPYZUCNSA-M,NCCC[C@H](N)C(=O)[O-],16755645
HZTLJZSOMGPVTM-UHFFFAOYSA-N,CCC1=C(c2ccc(OC)cc2)C(C)(C)Oc2cc(OC(C)=O)ccc21,253934
RGSFGYAAUTVSQA-UHFFFAOYSA-N,C1CCCC1,9253
HVXDVKYNXIKCLY-CQKNUQCDSA-M,CC[C@H](C)[C@H](C/C=C/C(C)C[C@@H](O)[C@@H](CC)C(=O)[O-])OC,91972274
AWUCVROLDVIAJX-GSVOUGTGSA-N,O=P(O)(O)OC[C@H](O)CO,439162
WHKUVVPPKQRRBV-UHFFFAOYSA-N,Cc1cc(Cl)ccc1OCC(=O)O,7204
LEVWYRKDKASIDU-QWWZWVQMSA-N,[NH3+][C@H](CSSC[C@@H]([NH3+])C(=O)[O-])C(=O)[O-],6991967
APFSAMXTZRYBKF-REOHCLBHSA-N,NC(=O)N[C@@H](CS)C(=O)O,90546
QISLMXIYRQCLIR-FUMNGEBKSA-N,CSCC[C@H](NC(=O)[C@H](Cc1ccccc1)NC[C@@H](NC[C@@H](N)CS)C(C)C)C(=O)O,132887
JKTYGPATCNUWKN-UHFFFAOYSA-N,O=[N+]([O-])c1ccc(CO)cc1,69275
YFUPBIBIDVFELV-UHFFFAOYSA-M,COC(=O)C(O)C(C(=O)[O-])C(C)C,44176395
UJOYFRCOTPUKAK-UHFFFAOYSA-N,NC(CC(=O)O)c1ccccc1,69189
OMOMUFTZPTXCHP-UHFFFAOYSA-N,CCCC(CCC)C(N)=O,71113
RAXXELZNTBOGNW-UHFFFAOYSA-N,c1c[nH]cn1,795
NQNQLGPYASRQND-KNFPFGBTSA-N,COC(=O)c1ccc2c(c1)C[C@H]1[C@]3(C)C[C@@H](O)[C@H]4C(C)(C)CC[C@@H](O)[C@]4(C)[C@H]3CC[C@]1(C)O2,177341
ZAZVCYBIABTSJR-SZAPHMHZSA-N,C=C/C(C)=C\C[C@@H]1[C@@]2(C)CCCC(C)(C)[C@@H]2CC[C@@]1(C)O,643723
IGAZHQIYONOHQN-UHFFFAOYSA-N,N=c1ccc2c(-c3ccc(C(=O)O)cc3C(=O)O)c3ccc(N)c(S(=O)(=O)O)c3oc-2c1S(=O)(=O)O,9832481
DEFBCZWQLILOJF-UHFFFAOYSA-N,CCN(CC)CCCC(C)Nc1nc(C)cc(Nc2ccc3nc(C)cc(N)c3c2)n1,409805
RUZIUYOSRDWYQF-HNNXBMFYSA-O,COc1cc2c(cc1OC)-c1c(OC)c(OC)cc3c1[C@H](C2)[NH+](C)CC3,6963957
FNZIZWQXFYAOOE-LJQANCHMSA-N,CC(=O)O[C@H](CCCCc1ccc(O)cc1)CCc1ccc(O)c(O)c1,49832001
BDHFFHBFJUZSBF-BYPYZUCNSA-N,[NH3+][C@@H](Cn1ccc(=O)o1)C(=O)[O-],72715807
QGUPUDUDXSOSNF-UHFFFAOYSA-M,[O]=[W](=[O])([O-])[OH],500062
GEJXSVNGWOSZPC-UHFFFAOYSA-M,O=C([O-])C1=NCCCC1,5460387
PZXLDAYOXMEITH-YYFRNVAQSA-N,CCCCC[C@H](O)/C=C/[C@@H]1[C@@H](CCCCCCCO)[C@@H](O)C[C@H]1O,16061105
XYTVIOHQRFERMN-UHFFFAOYSA-N,C=CC(C)(C)c1cc(O)c2oc3c(ccc4ccoc43)c(=O)c2c1O,10404741
JBBNFGYRYNBDIH-DBGGZKJISA-N,CC(=O)[C@H]1CC[C@H]2[C@@H]3CCC4=CC(=O)CC[C@]4(C)[C@H]3[C@H](OC(=O)CCC(=O)O)C[C@]12C,5289373
DCSLGQYKPBZRHI-UHFFFAOYSA-N,O=C(O)C/C=[N+](\[O-])O,11953817
PHYKLCHCKYTLRX-YFKPBYRVSA-K,O=C([O-])C[C@](O)(CP(=O)([O-])O)C(=O)[O-],126456476
HDZZVAMISRMYHH-KCGFPETGSA-N,Nc1ncnc2c1ccn2[C@@H]1O[C@H](CO)[C@@H](O)[C@H]1O,6245
PESQCPHRXOFIPX-RYUDHWBXSA-N,CSCC[C@H](N)C(=O)N[C@@H](Cc1ccc(O)cc1)C(=O)O,7009558
GXDLGHLJTHMDII-WISUUJSJSA-N,C[C@@H](O)[C@H](N)C(=O)N[C@@H](CO)C(=O)O,7016065
YWGDOWXRIALTES-NRFANRHFSA-N,O=C(O)CCCN1CCC(O[C@@H](c2ccc(Cl)cc2)c2ccccn2)CC1,164522
PTALSLHNZQRENZ-UHFFFAOYSA-N,COP(=O)(O)OCCN=C(N)N,440214
CZSLEMCYYGEGKP-UHFFFAOYSA-N,Cc1ccc(C)c(-n2cnc3cc(C(=O)NCc4ccccc4Cl)ccc32)c1,82017756
XLKOZYOVXNPWGT-UHFFFAOYSA-N,CCCCCCCCCCCC(=O)CC(=O)O,454064
UTDJSTSCOBYMHN-SKCKNYEVSA-N,CC(=O)N[C@H]1[C@H](O[C@H](CO)[C@@H](O)[C@@H](O)COP(=O)(O)O)O[C@H](CO)[C@@H](O)[C@@H]1O,134812694
FZQOIMPLZAYIKU-YFKPBYRVSA-N,N[C@@H](CCCCNO)C(=O)O,439370
ULAXHDZCBOQYGV-HEJOTXCHSA-N,CCCCC/C=C\C/C=C\C=C\C(=O)C/C=C\CCCC(=O)O,71668340
JNTOCHDNEULJHD-UHFFFAOYSA-N,Nc1nc2c(ncn2CCC(CO)CO)c(=O)[nH]1,135398748
KVQGGLZHHFGHPU-UHFFFAOYSA-N,COC(=O)CCCN,18614
NSYLWTGDDXBREV-UHFFFAOYSA-N,C=C(c1c(OC)cc(O)c2c(=O)c3ccc(O)c(O)c3oc12)C(C)C,11267860
UBORTCNDUKBEOP-UUOKFMHZSA-N,O=c1[nH]c(=O)c2ncn([C@@H]3O[C@H](CO)[C@@H](O)[C@H]3O)c2[nH]1,64959
MKJSCJNRPNXEGW-FPLINDMSSA-N,CC1(C)[C@@H](O)CC[C@]2(C)C3=CC[C@@]4(C)[C@@H]5C[C@](C)(C(=O)O)CC[C@]5(C)CC[C@]4(C)C3=CC[C@@H]12,70680340
XYSSGYHHAUSTHC-UHFFFAOYSA-O,CN(C)c1ccc(C(=C2C=CC(=[N+](C)C)C=C2)c2ccc(N)cc2)cc1,14345209
XXNDXYPDJRWJNS-WQOZCSOVSA-N,CCCCC/C=C\C/C=C\C/C=C\C/C=C\CCCC(=O)O[C@H](COCCCCCCCC/C=C\CCCCCCCC)COP(=O)(O)O,91666411
KIIBBJKLKFTNQO-WHFBIAKZSA-N,CC1=NC[C@H](O)[C@@H](C(=O)O)N1,12011795
YXGBQKBRCDLZMP-JXMROGBWSA-N,COc1cc(O)c(CC(O)C(C)(C)OC)c(O)c1C(=O)/C=C/c1ccc(O)cc1,11258152
FXNFHKRTJBSTCS-UHFFFAOYSA-N,O=c1cc(-c2ccccc2)oc2cc(O)c(O)c(O)c12,5281605
RQNVIKXOOKXAJQ-UHFFFAOYSA-N,O=C1C=CC(=O)c2c(O)ccc(O)c21,10141
JSDWWNLTJCCSAV-VZBVYBAISA-N,CCCCC[C@H](O)/C=C/[C@H]1OC(O)C[C@H](O)[C@@H]1CCCCCCC(=O)O,71668258
UMDCOKNNLDEKJB-DYKIIFRCSA-N,C[C@]12CC[C@H]3[C@@H](C=CC4=CC(=O)CC[C@@]43C)[C@@H]1CC[C@@H]2O,17209
FQWLMRXWKZGLFI-VYEPLGKGSA-N,Oc1ccc(/C=C/c2cc(O)cc3c2[C@@H](c2cc(O)cc(O)c2)[C@@H](c2ccc(O)cc2)O3)cc1,72551484
RDQUQBHPMYFYMX-XIWVQZPPSA-N,O=C(O)Cc1cn(C2O[C@H](COP(=O)(O)O)[C@@H](O)[C@H]2O)cn1,16019958
LTZQMADYCMVTKI-UVJPKDHBSA-N,CCC(C)CC/C=C(\C)C(=O)NC1=C[C@@](O)(/C=C/C=C/C=C/C(=O)NC2=C(O)CCC2=O)[C@H](O)CC1=O,10481513
RTHCYVBBDHJXIQ-INIZCTEOSA-O,C[NH2+]CC[C@H](Oc1ccc(C(F)(F)F)cc1)c1ccccc1,1548967
KNFFJJFEYQLINT-UHFFFAOYSA-N,CSCCCCC=NO,74388162
KJTLQQUUPVSXIM-ZCFIWIBFSA-M,C[C@@](O)(CCO)CC(=O)[O-],5288798
LXJXRIRHZLFYRP-VKHMYHEASA-L,O=C[C@H](O)COP(=O)([O-])[O-],24794350
SHGAZHPCJJPHSC-JPXMXQIXSA-M,CC1=C(/C=C/C(C)=C/C=C\C(C)=C\C(=O)[O-])C(C)(C)CCC1,29986894
YZEKNINLRZQHRK-WSYRTZMQSA-N,CCCCCCCCC/C=C/[C@@H](O)[C@H](COP(=O)(O)OCCN)NC(=O)CCCCCCCCCCCCCCCCCCC,70698989
OMQAAHBXTQQRLA-UHFFFAOYSA-N,CCCCCCCCCCCCCCCCCCCCOC(=O)CCCCCCCCCCCCCCC,89702
WHUUTDBJXJRKMK-UHFFFAOYSA-M,[NH3+]C(CCC(=O)[O-])C(=O)[O-],4525487
ILDSIMPXNFWKLH-KATARQTJSA-N,CC(C)C[C@H](N)C(=O)N[C@H](C(=O)N[C@@H](CO)C(=O)O)[C@@H](C)O,25253315
LKBDTOYINRNCSY-AFSLFLIVSA-N,CC/C=C\C/C=C\C/C=C\C/C=C\CCCCCCC(=O)OCC,6449488
VWOKINHIVGKNRX-UHFFFAOYSA-N,CCCCCCCCCCCCCCCCOC(=O)CCCCCCCCCCC,88709
ITPHOIFCAFNCLL-CUHNMECISA-N,O=P(O)(O)OC[C@H]1O[C@@H](O[C@H]2[C@H](O)[C@@H](O)C(O)O[C@@H]2CO)[C@H](O)[C@@H](O)[C@@H]1O,5459947
TVYLLZQTGLZFBW-GOEBONIOSA-N,COc1cccc([C@]2(O)CCCC[C@H]2CN(C)C)c1,667511
UKHMZCMKHPHFOT-UHFFFAOYSA-N,Nc1ncnc2c1ncn2C1CCCO1,5270
YGFAMQHMUSBLBC-UHFFFAOYSA-N,CC(C)(c1ccc(O)cc1)c1ccc(O)c(O)c1,656689
RFLJGOACFXZRHJ-ZHIKFPNPSA-N,COc1cc(/C=C/c2cc(O)c3c(c2)OC(C)(C)C(O)C3)cc2c1O[C@]1(C)C[C@@H](O)[C@@H](O)C(C)(C)[C@H]1C2,16116602
VAOCPAMSLUNLGC-UHFFFAOYSA-O,Cc1ncc([N+](=O)[O-])n1CCO.[H+],57339249
PHWAJJWKNLWZGJ-UHFFFAOYSA-M,O=C(O)c1cc(Br)c([O-])c(Br)c1,54675864
RYAOESLKINBXFH-CMOCDZPBSA-N,NC(N)=NCCC[C@H](N)C(=O)N[C@@H](Cc1ccccc1)C(=O)N[C@@H](Cc1ccccc1)C(=O)N[C@@H](CS)C(=O)O,71464609
FEAAYJYTVFABGY-UHNHVWPPSA-N,CC(C)CCC[C@H](C)[C@@H]1CC[C@]2(C)[C@@H]3CC=C4C(C)(C)C(=O)C[C@@H](O)[C@]4(C)[C@H]3CC[C@@]12C,50994389
JSFATNQSLKRBCI-VAEKSGALSA-N,CCCCC[C@H](O)/C=C/C=C\C/C=C\C/C=C\CCCC(=O)O,5280724
YLKFQNUGXOLRNI-QDQPNEQZSA-M,O=C([O-])[C@H]1OC(=O)[C@H](O)[C@@H](O)[C@@H]1O,46926210
AJSTXXYNEIHPMD-UHFFFAOYSA-N,CCOB(OCC)OCC,9009
LJXYMXIWXRFOHR-UHFFFAOYSA-M,CCOC(=O)c1ccc(OS(=O)(=O)[O-])cc1,122198219
OQWZETPYVIVWBB-ZOCYIJKUSA-N,CC1CCN1c1nc(N)nc2c1ncn2[C@H]1C=C[C@@H](CO)C1,126559182
RKIDALSACBQVTN-HHHXNRCGSA-N,CCCCCCCCCCCCCCCC(=O)OC[C@H](COP(=O)([O-])OCC[N+](C)(C)C)OC(=O)CCCC=O,23557187
QFGWDFAYOAGQDH-KVQBGUIXSA-N,Nc1ncnc2c1[nH]c(=O)n2[C@H]1C[C@H](O)[C@@H](COP(=O)(O)O)O1,11046252
ZIIAJIWLQUVGHB-UHFFFAOYSA-N,COc1cc2oc(-c3ccc(O)cc3)cc(=O)c2c(O)c1OC,188323
KUPQDUIOULXTJZ-JTQLQIEISA-L,CC(=O)N[C@@H](CSc1c2nc3cc(C(=O)[O-])ccc3oc-2cc(=O)c1N)C(=O)[O-],71464561
BSJMWHQBCZFXBR-UHFFFAOYSA-N,O=C1C(=O)c2ccccc2C(O)=C1C1CCC(c2ccc(Cl)cc2)CC1,74989
WYTGDNHDOZPMIW-VBNZEHGJSA-O,COC(=O)C1=CO[C@@H](C)[C@H]2C[n+]3ccc4c([nH]c5ccccc54)c3C[C@H]12,73391
DNHODRZUCGXYKU-BGYRXZFFSA-N,O=C1N[C@H](Cc2c[nH]c3ccccc23)C(=O)N[C@H]1Cc1c[nH]c2ccccc12,6571639
VBOYLFNGTSLAAZ-SFHVURJKSA-M,CC(C)=CCc1c([O-])cc(O)c2c1O[C@H](c1ccc(O)cc1O)CC2=O,25201713
IGMNYECMUMZDDF-UHFFFAOYSA-N,O=C(O)Cc1cc(O)ccc1O,780
IIBOWSHDTFRYKU-HLQMJBJHSA-N,C[C@]12CCC(=O)C[C@H]1CC[C@@H]1[C@@H]2[C@@H](O)C[C@]2(C=O)[C@@H](C(=O)CO)CC[C@@H]12,21151226
VLJVSIPTYGANIN-YWCQBWSOSA-N,CC(C)=CC(=O)[C@@H](O)[C@H](C)[C@@H]1CC[C@]2(C)C3=CC[C@H]4C(C)(C)[C@@H](O)CC[C@]4(C)[C@H]3CC[C@@]12C,56666806
INDVLXYUCBVVKW-PXBBAZSNSA-N,C=C(CC[C@@H](C)[C@H]1CC[C@H]2[C@@H]3CC=C4C[C@@H](O)CC[C@]4(C)[C@H]3CC[C@]12C)C(C)C,92113
GITWMSHGVHCOTC-GZSKETOLSA-O,CC[C@]12C=CC[NH+]3CC[C@@]4(c5ccccc5N[C@H]4[C@@](O)(C(=O)OC)C1)[C@@H]32,129900403
RGRNSTGIHROKJB-UHFFFAOYSA-M,CCCC(C)(O)CC(=O)[O-],75669491
ZAXBYLHGBBMAAY-SZAHLOSFSA-N,CCCCCCCCCCCCCCCC(=O)O[C@H](COC(=O)CCCCCCCCCCCCC)COP(=O)(O)OC[C@@H](O)CO,9547116
UOOOPKANIPLQPU-XVFCMESISA-N,Nc1ccn([C@@H]2O[C@H](CO)[C@@H](OP(=O)(O)O)[C@H]2O)c(=O)n1,66535
QJZAWHQVXYMEQR-RWGOWQMXSA-N,CCCCCC/C=C\CCCCCCCC(=O)O[C@H](COC(=O)CCCCCCC/C=C\CCCCCCCC)COP(=O)([O-])OCC[N+](C)(C)C,24778935
PKALKWFZXXGNJD-AATRIKPKSA-N,COC(=O)/C=C/c1cccc(O)c1,5352910
UCQFCFPECQILOL-UHFFFAOYSA-N,CCOP(=O)(O)OCC,654
HIWPGCMGAMJNRG-QENHZAIDSA-N,OC[C@H]1OC(O)[C@H](O[C@H]2O[C@H](CO)[C@@H](O)[C@H](O)[C@@H]2O)[C@@H](O)[C@H]1O,91857279
XKLMZUWKNUAPSZ-HXUWFJFHSA-N,COc1ccccc1OC[C@H](O)CN1CCN(CC(=O)Nc2c(C)cccc2C)CC1,6603987
OSUHJPCHFDQAIT-UHFFFAOYSA-N,CCOC(=O)C(C)Oc1ccc(Oc2cnc3cc(Cl)ccc3n2)cc1,53518
BSOQXXWZTUDTEL-QAQREVAFSA-M,CC(=O)N[C@H]1C(O)O[C@H](CO)[C@@H](O)[C@@H]1O[C@H](C)C(=O)N[C@@H](C)C(=O)N[C@H](CCC(=O)[O-])C(N)=O,146672896
VPQWOQSQAVBHEV-VHLXACGYSA-N,O=C1C[C@@H](c2ccc(O)cc2)Oc2c1c(O)cc(O)c2[C@@H]1O[C@H](CO)[C@@H](O)[C@H](O)[C@H]1O,42607891
ZNHGFTFTCGPOKM-UHFFFAOYSA-N,O=C(c1ccc(Cl)cc1Cl)n1cnc2ccccc21,739883
UVSMMLABJBJNGH-WFMPWKQPSA-N,Nc1ncnc2c1ncn2[C@@H]1O[C@H](C[Se]CC[C@H](N)C(=O)O)[C@@H](O)[C@H]1O,446317
HVHHZSFNAYSPSA-ZCFIWIBFSA-N,C[C@@H]1CC(=O)CC(C)(C)C1=O,10176229
UWKAYLJWKGQEPM-UHFFFAOYSA-N,C=CC(C)(CCC=C(C)C)OC(C)=O,8294
XFUXZHQUWPFWPR-TWVHMNNTSA-M,CC(O)CCC/C=C\C/C=C\C/C=C\C/C=C\CCCC(=O)[O-],72551556
ABCOOORLYAOBOZ-KQYNXXCUSA-L,NC(=O)c1ncn([C@@H]2O[C@H](COP(=O)([O-])[O-])[C@@H](O)[C@H]2O)c1NC=O,45266654
RKEQWDAUYLDNEU-DSTJRUDUSA-N,O=c1cc(-c2ccc(O)cc2)oc2c(O)c(O)c([C@@H]3O[C@H](CO)[C@@H](O)[C@H](O)[C@H]3O)c(O)c12,70697812
PQGCEDQWHSBAJP-TXICZTDVSA-I,O=P([O-])([O-])OC[C@H]1O[C@H](OP(=O)([O-])OP(=O)([O-])[O-])[C@H](O)[C@@H]1O,20848918
ZDKZHVNKFOXMND-ZQARSLAVSA-N,CC1=COC(=O)[C@@H]2[C@@H]1CC[C@@H]2C,442430
ZUOCVLADVGGUGH-OVMCANAPSA-M,CCCCC/C=C\C/C=C\C(O)/C=C\C/C=C\CCCC(=O)[O-],122164880
ROHFNLRQFUQHCH-RXMQYKEDSA-N,CC(C)C[C@@H](N)C(=O)O,439524
ALBNSVAJDFJRKQ-DNKQKWOHSA-M,C[C@]12CC[C@H](OS(=O)(=O)[O-])CC1=CC[C@@H]1[C@@H]2CC[C@]2(C)C(=O)[C@H](O)C[C@@H]12,20848950
NCWZOASIUQVOFA-FWZJPQCDSA-N,CNc1ccc(/C=C/c2ccc(OCCOCCOCC[18F])cc2)cc1,11501341
ZDGJAHTZVHVLOT-YUMQZZPRSA-N,N[C@@H](CCCCN[C@@H](CCC(=O)O)C(=O)O)C(=O)O,160556
NBIIXXVUZAFLBC-UHFFFAOYSA-K,O=P([O-])([O-])[O-],1061
GWHCXVQVJPWHRF-KTKRTIGZSA-N,CCCCCCCC/C=C\CCCCCCCCCCCCCC(=O)O,5281120
JDQVBGQWADMTAM-UHFFFAOYSA-N,CC(C)C(=O)OCCc1ccccc1,7655
ZVLOPMNVFLSSAA-XEPQRQSNSA-N,C=C1C(=O)O[C@@H]2C[C@@H](C)[C@@H]3C=CC(=O)[C@@]3(C)[C@@H](O)[C@H]12,23205
HVQHXBNMBZJPLK-UHFFFAOYSA-N,C=C(C)CNc1c(S(=O)C(F)(F)F)c(C#N)nn1-c1c(Cl)cc(C(F)(F)F)cc1Cl,56841657
NKBMTWFJKBBURQ-ISUQUUIWSA-N,CC(=O)N[C@H]1[C@H](OCCCN)O[C@H](COS(=O)(=O)O)[C@@H](O)[C@@H]1O,90659832
QDHFHIQKOVNCNC-UHFFFAOYSA-M,CCCCS(=O)(=O)[O-],3704751
YYLQUHNPNCGKJQ-NCGGTJAESA-M,[NH3+][C@@H](C(=O)[O-])[C@H](O)C(=O)[O-],40468138
VCRGQEOJJJBBNZ-UHFFFAOYSA-N,C=CC(C)(C)c1c2c(c(O)c3c(=O)c4cccc(O)c4oc13)C=CC(C)(C)O2,11703574
VBUWJOHKCBQXNU-IUYQGCFVSA-M,O=C([O-])C[C@H](O)[C@H](O)CO,21636776
ODXUROYZJHIZHE-UHFFFAOYSA-N,CC(=O)c1c(O)cc2c(c1C)C(=O)CC(O)C2,10243103
CKPBBEOJHAPPBT-HXUWFJFHSA-N,CCCCCCCCCCCCCCCC(=O)O[C@H](CO)COP(=O)(O)OCCN,53480922
XTVQYBHOOSVJTF-KUBAVDMBSA-M,CC/C=C\C/C=C\C/C=C\C/C=C\C/C=C\C/C=C\CCCCCCCCCCCCCCCCC(=O)[O-],86289173
NMJJFJNHVMGPGM-UHFFFAOYSA-N,CCCCOC=O,11614
JARKCYVAAOWBJS-UHFFFAOYSA-N,CCCCCC=O,6184
TVWRQCIPWUCNMI-UHFFFAOYSA-N,Cl.O=C1CN2Cc3c(ccc(Cl)c3Cl)N=C2N1,135413494
UKMKGKZFTWPAOJ-XVFCMESISA-N,Nc1ccn([C@@H]2O[C@H](COP(=O)(O)OP(=O)(O)C(=O)O)[C@@H](O)[C@H]2O)c(=O)n1,16126819
QIGJYVCQYDKYDW-GMAXSEQKSA-N,OC[C@H]1O[C@H](O)[C@H](O)[C@@H](O[C@H]2O[C@H](CO)[C@@H](O)[C@H](O)[C@H]2O)[C@H]1O,91857854
YQGDEPYYFWUPGO-UHFFFAOYSA-N,NCC(O)CC(=O)O,2149
AKUJBENLRBOFTD-QZIXMDIESA-N,CC(=O)OCC(=O)[C@@]1(O)[C@@H](C)C[C@H]2[C@@H]3CCC4=CC(=O)C=C[C@]4(C)[C@@]3(F)[C@@H](O)C[C@@]21C,443967
WVOLTBSCXRRQFR-DLBZAZTESA-N,C=C(C)[C@@H]1CCC(C)=C[C@H]1c1c(O)cc(CCCCC)c(C(=O)O)c1O,160570
QRGLTVKAZBZWSD-BFPSNERPSA-N,O=C(O)[C@H]1O[C@@H](O[C@@H]2CO[C@@H](O)[C@H](O)[C@H]2O)[C@H](O)[C@@H](OS(=O)(=O)O)[C@@H]1O,91859928
WFHNNILBVLUOKP-UHFFFAOYSA-N,CC(C)=CCOc1c(C)cc(O)c2c1C(O)Oc1ccc(CC=C(C)C)c(O)c1C2=O,14034679
FDQAOULAVFHKBX-DBMPWETRSA-N,COc1cc(C2Oc3ccc([C@H]4Oc5cc(O)cc(O)c5C(=O)[C@@H]4O)cc3OC2CO)ccc1O,21723007
VZIVVVUWMAYTQX-LTIPFYSGSA-N,CCCCC/C=C\C/C=C\CCCCCCCC(=O)OC[C@@H](COCCCCCCCCCCCCCCCC)OC(C)=O,86289321
NWCYECXHIYEBJE-UHFFFAOYSA-N,CC(=O)CCOC(C)=O,139100
BYWLLSQTJBXAPV-UHFFFAOYSA-N,COc1cc2oc(-c3ccc(O)c(O)c3)c(OC)c(=O)c2c(O)c1OC,5280699
QUURPCHWPQNNGL-OKKQSCSOSA-L,O=C([O-])C(=O)C[C@H](O)[C@H](O)C(=O)[O-],25245202
CMWZPPYBIGXKPR-LPSJIVJRSA-N,CC(C)[C@@]12CC[C@]3(C)[C@H]4CC[C@@H]5[C@@]6(C)CCC(=O)C(C)(C)[C@@H]6CC[C@@]5(C)[C@]4(C)CC[C@@]13O2,636694
GLVRJEJEXGVOMJ-UHFFFAOYSA-N,Cc1cc2nc3ccc(N(C)C)cc3nc2cc1N,11106
OGBSHLKSHNAPEW-UHFFFAOYSA-N,COc1cc(-c2[o+]c3cc(O)cc(O)c3cc2O)ccc1O.[Cl-],164544
DBESHHFMIFSNRV-RJYQSXAYSA-N,COC1=C(OC)C(=O)C(C/C=C(\C)CC/C=C(\C)CC/C=C(\C)CC/C=C(\C)CC/C=C(\C)CC/C=C(\C)CCC=C(C)C)=C(C)C1=O,5289540
HSMDOSKNXLVXIP-WVGOSAFVSA-N,COc1ccc([C@H]2O[C@@H](c3ccc4c(c3)OCO4)[C@H](C)[C@@H]2C)cc1OC,9548906
AFHJQYHRLPMKHU-OSYMLPPYSA-N,O=C1c2c(O)cccc2[C@H]([C@@H]2O[C@H](CO)[C@@H](O)[C@H](O)[C@H]2O)c2cc(CO)cc(O)c21,12305761
KMUONIBRACKNSN-UHFFFAOYSA-N,[K+].[K+].[O]=[Cr](=[O])([O-])[O][Cr](=[O])(=[O])[O-],24502
GVRCKHXHWSYDEF-QMMMGPOBSA-M,CC(=O)N[C@@H](Cc1cn(C)cn1)C(=O)[O-],121596238
DFVPCNAMNAPBCX-LTGWCKQJSA-N,N#C[C@@]1(c2ccc3c(N)ncnn23)O[C@H](COP(=O)(O)OP(=O)(O)OP(=O)(O)O)[C@@H](O)[C@H]1O,56832906
UTQCSTJVMLODHM-RHCAYAJFSA-M,Nc1ncnc2c1ncn2[C@@H]1O[C@H](COP(=O)([O-])OC(=O)CCCC[C@@H]2SC[C@@H]3NC(=O)N[C@@H]32)[C@@H](O)[C@H]1O,53239798
RGHNJXZEOKUKBD-QTBDOELSSA-M,O=C([O-])[C@@H](O)[C@@H](O)[C@H](O)[C@@H](O)CO,6857680
LQSANMIGNWXLNF-UYSNGIAKSA-N,NC(N)=NC1[C@@H](O)[C@H](O)C(OP(=O)(O)O)[C@H](O)[C@H]1O,439474
UMVSOHBRAQTGQI-XGARDCMYSA-N,C=C1C(=O)O[C@@H]2[C@H]3C(CO)=CC(=O)C3=C(C)C[C@H](OC(=O)Cc3ccc(O)cc3)[C@@H]12,174880
IQBGVZDRJBTLDN-DTWKUNHWSA-M,CC(C)[C@H](O)CC[C@H](C)CC(=O)[O-],56927915
LLVVMXFNKAHVEZ-GAWNPARCSA-L,O=C([O-])C1=C[C@H](O)[C@@H](O)[C@@H](O[C@@H]2[C@H](O)[C@@H](O)C(O)O[C@@H]2C(=O)[O-])O1,46878600
ARIWANIATODDMH-AWEZNQCLSA-N,CCCCCCCCCCCC(=O)OC[C@@H](O)CO,656773
ZLIBICFPKPWGIZ-UHFFFAOYSA-N,Cc1cc(C)nc(Nc2ccccc2)n1,91650
KUWZXOMQXYWKBS-NSCUHMNNSA-N,COc1cc(O)cc(/C=C/c2ccc(O)cc2)c1,5473050
GZCGUPFRVQAUEE-SLPGGIOYSA-N,O=C[C@H](O)[C@@H](O)[C@H](O)[C@H](O)CO,107526
SSWTVBYDDFPFAF-DKOGRLLHSA-N,Nc1nc(/C(=C/CC(=O)O)C(=O)N[C@@H]2C(=O)N3C(C(=O)O)=CCS[C@H]23)cs1.O.O,5282241
UCJWADAPVIQJLU-LURJTMIESA-M,CSCCCC[C@H](NO)C(=O)[O-],90658461
BMRSEYFENKXDIS-OTCYKTEZSA-N,O=C(/C=C/c1ccc(O)cc1)O[C@@H]1C[C@](O)(C(=O)O)C[C@@H](O)[C@H]1O,6441280
RFMMMVDNIPUKGG-YFKPBYRVSA-M,CC(=O)[NH2+][C@@H](CCC(=O)[O-])C(=O)[O-],23657823
HZZVJAQRINQKSD-PBFISZAISA-N,O=C(O)[C@H]1/C(=C/CO)O[C@@H]2CC(=O)N21,5280980
ILJCRVOHKUEEIW-YFKPBYRVSA-N,CC1(C)N[C@@H](C(=O)O)C(C)(C)S1,688362
OKNHVWOSKITDKX-UHFFFAOYSA-N,CC(=O)C(C)C(=O)OCc1ccccc1,440192
DHHGSXPASZBLGC-UHFFFAOYSA-L,CC(=O)Nc1ccc2cc(S(=O)(=O)[O-])c(N=Nc3ccc(S(=O)(=O)CCOS(=O)(=O)[O-])cc3)c(O)c2c1.[Na+].[Na+],30082
MCJGNVYPOGVAJF-UHFFFAOYSA-N,Oc1cccc2cccnc12,1923
MWRBNPKJOOWZPW-NYVOMTAGSA-N,CCCCCCCC/C=C\CCCCCCCC(=O)OC[C@H](COP(=O)(O)OCCN)OC(=O)CCCCCCC/C=C\CCCCCCCC,9546757
XPROBYNUZWGFGY-QMMMGPOBSA-N,Cc1cc(O)cc(O)c1C(=O)OCC(=O)C[C@H](C)O,11482553
QTFVCZBNOHEKLA-LKJFLBAOSA-N,CC(=O)O[C@@H]1CC[C@]2(C)[C@H]3CC[C@@H]4[C@@H]([C@]5(C)C=CC(=O)O5)CC[C@@]4(C)[C@]3(C)CC[C@H]2C1(C)C,50908215
RIGGEAZDTKMXSI-CUHSZNQNSA-N,CC/C=C\C/C=C\C=C\C(O)CCCCCCCC(=O)O,10447175
ZEDVRLBQCALAJC-UHFFFAOYSA-N,CC(=O)C1=C(O)C(Cc2c(OCC=C(C)C)cc(O)c(C(C)=O)c2O)=C(O)C(C)(CC=C(C)C)C1=O,132133
VYTXLSQVYGNWLV-UHFFFAOYSA-N,O=C(O)CCCc1cccs1,78386
DVNZKWQUAXJYGB-LVTNFWOSSA-L,CC/C=C\C/C=C\C/C=C\CCCCCCCC(=O)OC[C@@H](O)COP(=O)([O-])[O-],71627204
RBTBFTRPCNLSDE-UHFFFAOYSA-N,CN(C)c1ccc2nc3ccc(=[N+](C)C)cc-3sc2c1,4139
UNXRWKVEANCORM-UHFFFAOYSA-I,O=P([O-])([O-])OP(=O)([O-])OP(=O)([O-])[O-],3440921
BHUWRPVVYSATJU-PWBGEZQRSA-N,C[C@@]1(CO)CCC[C@]2(C)[C@H]3C[C@@H](O)[C@]4(C)C5=C(CC[C@H]4[C@]3(C)CC[C@@H]12)COC5=O,10092532
NHFDRBXTEDBWCZ-UHFFFAOYSA-N,Cc1[nH]c(C=C2C(=O)Nc3ccccc32)c(C)c1CCC(=O)O,206042
WLJVNTCWHIRURA-UHFFFAOYSA-N,O=C(O)CCCCCC(=O)O,385
QWCRAEMEVRGPNT-UHFFFAOYSA-N,O=C1CC2(CCCC2)CC(=O)N1CCCCN1CCN(c2ncccn2)CC1,2477
JGICZTZSFPGMOK-UHFFFAOYSA-N,C[N+](C)(C)CCOP(=O)(Oc1ccc([N+](=O)[O-])cc1)Oc1ccc([N+](=O)[O-])cc1,92136178
MIABSAQIFYEDJP-UHFFFAOYSA-N,O=P(O)(O)OCCC(F)(F)C(F)(F)C(F)(F)C(F)(F)C(F)(F)C(F)(F)C(F)(F)C(F)(F)F,10143739
MBXJCHZRHROMQA-YVDMJPQFSA-N,C/C=C1/CN2CCc3c([nH]c4ccccc34)[C@@](CO)(C(=O)OC)[C@@H]1CC2,10066724
DDIWZQGTNVZJGO-WKBHYAOGSA-N,C=C1/C(=C\C=C2/CCC[C@]3(C)[C@@H]([C@H](C)[C@@H]4CC[C@H](C(C)(C)O)O4)CC[C@@H]23)C[C@@H](O)C[C@H]1O,132274117
DUWHKUPNNGPNFK-ZEWGMFERSA-N,COC1=C(C(C)C)C(=O)C2=C(C[C@@]34CCCC(C)(C)[C@@H]3C[C@]2(O)O4)C1=O,637171
FDBMKUZJJZNEBJ-UHFFFAOYSA-M,CC(C)=CCc1cccc2c1Nc1c(cccc1C(=O)[O-])N2,86289517
PMZXJPLGCUVUDN-UHFFFAOYSA-N,C=Cc1ccc(C)c(C)c1,33937
QTARRKFUMCSVOF-LBPRGKRZSA-N,NC[C@H](CCCCNC(=O)c1cccc(O)c1O)NC(=O)c1cccc(O)c1O,10873133
JHIWIFRQJXLNEU-XSJUYMIFSA-N,CC(C)=CCC[C@@H](C)[C@H]1CC[C@H]2C3=C(CC[C@]12C)[C@@]1(C)CC[C@H](O)C(C(=O)O)[C@@H]1CC3,56927974
JEFJREKVJYACNK-UHFFFAOYSA-M,O=C([O-])CC(=O)Nc1ccc(Cl)c(Cl)c1,5460062
BTCQMCOBMIXUCG-UHFFFAOYSA-N,CCOc1cc(C=O)ccc1OC(=O)C(C)C,673160
CVJYKALOCTYTRR-HNNRUBMXSA-L,CC(C)=CCC/C(C)=C/CC/C(C)=C/CC/C(C)=C/CC/C(C)=C/CC/C(C)=C/CC/C(C)=C/COC[C@H](O)COP(=O)([O-])[O-],57339276
SUFHOFZQYXKUCA-UHFFFAOYSA-N,COc1cc(C(C)=O)cc(OC)c1OC(C)=O,3015410
AUTNXSQEVVHSJK-YVNDNENWSA-N,CC[C@H](C)[C@H](NC(=O)[C@H](CCC(=O)O)NC(=O)[C@@H](N)CCC(=O)O)C(=O)O,71464590
OHTBGMREZYLZQD-UHFFFAOYSA-N,CCCCCCCCCCCCCCCCCCCCCCCc1cc(O)cc(O)c1,155462
CEQVCLWWGAYCPR-QUTCXQLSSA-N,Cc1cn([C@H]2C[C@H](O)[C@@H](COP(=O)(O)OP(=O)(O)O[C@@H]3C[C@H](N)[C@H](O)[C@H](C)O3)O2)c(=O)[nH]c1=O,23250405
FPEWUPLSXZKPMU-NAFMLRNLSA-M,CCCCC/C=C\C/C=C\C=C\[C@@H](CCCCCCC(=O)[O-])OO,122391305
OQZPHKHJQADXAS-CKMVWSRUSA-N,O=C(OC1O[C@H](CO)[C@@H](O)[C@H](O)[C@H]1O)c1c[nH]c2ccccc12,66655952
GUXHBMASAHGULD-SEYHBJAFSA-N,CN(C)[C@@H]1C(=O)C(C(N)=O)=C(O)[C@@]2(O)C(=O)C3=C(O)c4c(O)ccc(Cl)c4[C@@H](O)[C@H]3C[C@@H]12,54680690
NARQSHREEUXZBT-UHFFFAOYSA-M,CCc1cc(S(=O)(=O)[O-])c2cc(C(C)C)cccc1-2,91825644
VUODRPPTYLBGFM-CMDGGOBGSA-N,CC1(C)CC=C(c2ccccc2)c2cc(/C=C/c3ccc(C(=O)O)cc3)ccc21,9875424
MVLYPCUYRHIJSV-UHFFFAOYSA-N,O=C(Nc1ccc(Br)cc1)c1ccc(N2C(=O)c3ccc(C(=O)Nc4ccc(Br)cc4)cc3C2=O)cc1,2832487
BVLPXKYBBOURAF-UHFFFAOYSA-N,O=C(O)c1c(O)cc2c(c1C(=O)O)C(=O)c1c(O)c(-c3cc(CCO)ccc3O)c(O)c(O)c1C2=O,5491366
RFKITWRHKUYMRJ-UHFFFAOYSA-N,O=C(O)C1=NN(c2ccc(S(=O)(=O)O)cc2)C(=O)C1N=Nc1ccc(S(=O)(=O)O)cc1,62302
ZQNJGIFKNDEJCR-HJEIWOOQSA-N,C[C@@H](C(=O)NCCOC(=O)C[C@](O)(CC(=O)O)C(=O)O)N1C(=O)CCC1(O)C(=O)O.[Fe],90659786
YHCHZGCUBKKYRZ-QWHCGFSZSA-N,CCCCNC(=O)[C@H](CS)NC(=O)[C@H](N)c1ccc(O)cc1,56927809
ZAQJHHRNXZUBTE-WUJLRWPWSA-N,O=C(CO)[C@@H](O)[C@H](O)CO,5289590
HXTJYTSBXOATMS-UIAUGNHASA-N,COC[C@H]1O[C@@H](O)[C@H](O)[C@@H](OC)[C@@H]1O,45480628
LPKFAQWRYNJJRB-SSDOTTSWSA-N,O=C(O)[C@H]1CSC(c2nc3ccc(OS(=O)(=O)O)cc3s2)=N1,122391252
AHBBQQLIUBAPCY-HQTCRMEMSA-N,O=C1NCCc2ccc(c(Br)c2)Oc2cc(cc(Br)c2O)CCNC(=O)/C(=N/O)Cc2cc(Br)c(O)c(c2)Oc2c(Br)cc(cc2Br)C/C1=N/O,44559447
UTRFMZZTJWAJPP-RADKDSRJSA-N,CC(C)C(=O)C1(O)CC([C@@H]2CC[C@]3(C)C4=CC[C@H]5C(C)(C)[C@H](O)CC[C@]5(C)[C@H]4CC[C@@]23C)CO1,56659899
UJOYFRCOTPUKAK-UHFFFAOYSA-N,[NH3+]C(CC(=O)[O-])c1ccccc1,4739550
PAUIQDPAEDELMC-HEZGKBSMSA-N,CC1=C(/C=C/C(C)=C/C=C/C(C)=C/C=C/C=C(\C)C=O)C(C)(C)C[C@H](O)C1,11100652
QFAYEXQEVKDUJW-DGZCRLAFSA-N,CCCCCCCC/C=C\CCCCCCCC(=O)OC[C@H](CO)OC(=O)CCCCCCCCCCCCCCCCC,53478090
OEGQPXPIKZELFM-UHFFFAOYSA-N,C[n+]1c2cc(N)ccc2cc2ccc(N)cc21.Cl.[Cl-],15558347
SOYHFIGRYCLZKD-UHFFFAOYSA-N,CC(C)=CCc1cc(-c2cc3cc4c(cc3o2)OCO4)c(O)cc1O,15953774
IMQUXUBOZWPMFX-UHFFFAOYSA-N,COc1cccc2[nH]cc(CN=C=S)c12,14206109
VLYWMPOKSSWJAL-UHFFFAOYSA-N,COc1ccc(NS(=O)(=O)c2ccc(N)cc2)nn1,5330
ITTPZDMHCNGAGQ-UHFFFAOYSA-M,O=C([O-])CCCCCCCC1OC1CCCCCCCCO,25245732
REZQBEBOWJAQKS-UHFFFAOYSA-N,CCCCCCCCCCCCCCCCCCCCCCCCCCCCCCO,68972
DVMAUGGKVWJBDV-IREHDKGXSA-N,C[C@]12CC[C@@H]3c4ccc(O)cc4CC[C@H]3[C@@H]1C[C@H](O)C2,240337
UQOQENZZLBSFKO-POPPZSFYSA-M,CCCCC[C@H](O)/C=C/[C@H]1C(=O)C=C[C@@H]1C/C=C\CCCC(=O)[O-],25320648
RXMWXENJQAINCC-DMTCNVIQSA-N,O=C(O)C(=O)[C@@H](O)[C@H](O)C(=O)CO,102287
RTHCYVBBDHJXIQ-INIZCTEOSA-N,CNCC[C@H](Oc1ccc(C(F)(F)F)cc1)c1ccccc1,1548968
LFDFWIIFGRXCFR-UHFFFAOYSA-N,C[N+](C)([O-])CCCN1c2ccccc2Sc2ccc(Cl)cc21,443037
WUWFMDMBOJLQIV-UHFFFAOYSA-O,[NH3+]C1CCN(c2nc3c(cc2F)c(=O)c(C(=O)O)cn3-c2ccc(F)cc2F)C1,74441473
YKGKKDOYGJEANO-ZOQSZFPJSA-N,C[C@H](CCC[C@@H](C)[C@H]1CC[C@H]2[C@@H]3CC=C4[C@@H](O)[C@@H](O)CC[C@]4(C)[C@H]3CC[C@]12C)C(=O)O,91825748
MXYATHGRPJZBNA-KRFUXDQASA-N,C=C[C@@]1(C)CC[C@H]2C(=CC[C@@H]3[C@]2(C)CCC[C@@]3(C)C(=O)O)C1,442048
APEJMQOBVMLION-VOTSOKGWSA-N,NC(=O)/C=C/c1ccccc1,5273472
VHLZDSUANXBJHW-QWRGUYRKSA-N,NC(=O)CC[C@H](N)C(=O)N[C@@H](Cc1ccccc1)C(=O)O,57288566
MZPWKJZDOCIALD-UHFFFAOYSA-M,O=S(=O)([O-])Oc1ccccc1O,22052920
WTDRDQBEARUVNC-LURJTMIESA-N,[NH3+][C@@H](Cc1ccc(O)c(O)c1)C(=O)[O-],6971033
SGEGOXDYSFKCPT-UHFFFAOYSA-N,N#Cc1ccc2[nH]cc(CCCCN3CCN(c4ccc5oc(C(N)=O)cc5c4)CC3)c2c1,6918314
HTIQDCPWTUODDW-VMEIHUARSA-M,CCCCCCCC[C@@H](/C=C/CCCCCCC(=O)[O-])OO,86289109
YNDIAUKFXKEXSV-CRYLGTRXSA-N,CNc1ccc(/C=C/c2ccc(OCCOCCOCC[18F])nc2)cc1,24822371
YIOCIFXUGBYCJR-UHFFFAOYSA-N,O=C(O)C(c1ccc(Cl)cc1)c1ccc(Cl)cc1,6730
OGLDWXZKYODSOB-UHFFFAOYSA-N,CC1=CCC(C(C)C)C=C1,7460
YSTVFDAKLDMYCR-NDEPHWFRSA-N,Cc1cc(Cn2cnc3c2C[C@@H](C(=O)O)N(C(=O)C(c2ccccc2)c2ccccc2)C3)ccc1N(C)C,5311345
JCAIWDXKLCEQEO-PGHZQYBFSA-N,C=C1CC[C@@H]2C(C)(C)CCC[C@@]2(C)[C@@H]1CC/C(C)=C/COP(=O)(O)OP(=O)(O)O,5280897
IJBFSOLHRKELLR-BQYQJAHWSA-M,CCCCCC/C=C/CCCC(=O)[O-],20034325
FGSKBDHSKRORJJ-XRJCJLGXSA-N,N#CC(SC[C@H](NC(=O)CC[C@H](N)C(=O)O)C(=O)O)c1c[nH]c2ccccc12,70678683
KOZCZZVUFDCZGG-UHFFFAOYSA-N,C=COC(=O)c1ccccc1,13037
PXMQUEGJJUADKD-DHGKCCLASA-N,CC(=O)N[C@H]1[C@H](Oc2ccccc2[N+](=O)[O-])O[C@H](CO)[C@@H](O)[C@@H]1O,83279
OYIFNHCXNCRBQI-BYPYZUCNSA-N,N[C@@H](CCCC(=O)O)C(=O)O,92136
VCMJCVGFSROFHV-WZGZYPNHSA-N,CC(C)OC(=O)OCOP(=O)(CO[C@H](C)Cn1cnc2c(N)ncnc21)OCOC(=O)OC(C)C.O=C(O)/C=C/C(=O)O,6398764
RBEJCQPPFCKTRZ-LHMZYYNSSA-O,CCCCCCCCCCCC/C=C/[C@@H](O)[C@@H]([NH3+])CO,71581052
WVLHHJGFWORTSI-UHFFFAOYSA-N,O=C(ON1C(=O)CCC1=O)c1cc(Cl)c2c(c1Cl)C1(OC2=O)c2cc(Cl)c(O)cc2Oc2cc(O)c(Cl)cc21,44140628
SWINWPBPEKHUOD-JPVZDGGYSA-N,C[C@]12CC[C@@H]3c4cc(O)c(O)cc4CC[C@H]3[C@@H]1CCC2=O,440623
LYSGIJUGUGJIPS-UOMVISFLSA-N,CC/C=C\C[C@H]1[C@@H](CC(=O)O)CC[C@@H]1O,5281159
XGIZPVUTLMXXTK-VNSZYHACSA-N,CC(C)[C@H](C)C[C@H](O)[C@@H](C)[C@H]1CC[C@H]2[C@@H]3CC[C@H]4CC(=O)CC[C@]4(C)[C@H]3CC[C@]12C,46878488
XYIQDUUJTXPBFG-JKUSIIDJSA-N,CCCCC/C=C\C/C=C\C/C=C\CCCCCCC(=O)O[C@@H](CO)COC(=O)CCCCCCCCCCCCCCC,9543728
URYIEBAECVJCIQ-GBUXOBLISA-N,CC(CCCCCC/C=C\CCCCCCCC(=O)O)O[C@@H]1O[C@H](CO)[C@@H](O)[C@H](O)[C@H]1O,71245406
DWXOPJCPYKBNEC-UHFFFAOYSA-N,O=C(O)CCCCCCCCCCCCO,139065
SBJKKFFYIZUCET-JLAZNSOCSA-N,O=C1O[C@H]([C@@H](O)CO)C(=O)C1=O,440667
QSBYPNXLFMSGKH-HJWRWDBZSA-M,CCCCCCC/C=C\CCCCCCCC(=O)[O-],129626646
UBWXUGDQUBIEIZ-QNTYDACNSA-N,C[C@]12CC[C@H]3[C@@H](CCC4=CC(=O)CC[C@@H]43)[C@@H]1CC[C@@H]2OC(=O)CCc1ccccc1,229455
FHSUFDYFOHSYHI-UHFFFAOYSA-M,CCC(=O)CC(=O)[O-],16722120
VTDWDDILICLAEK-RDGCENLJSA-N,C=C1[C@H]2C[C@@H]3C[C@H](O)C(C)=C(CC[C@]2(C)CC[C@@H]1O)C3(C)C,443487
VGLBFRZJJZBAST-ZBEGNZNMSA-N,Oc1ccc2c(c1)OC[C@@H](c1cc3c(cc1O)OCO3)[C@H]2O,91820072
KGNHPHVILCBASG-UHFFFAOYSA-M,O=C([O-])CCCCCCCCCCCCCCCCc1ccc(O)cc1,102515148
QWSAYEBSTMCFKY-BMPGWQKJSA-N,O=C(O)[C@H]1O[C@@H](Oc2cc(O)cc(/C=C\c3ccc(O)cc3)c2)[C@H](O)[C@@H](O)[C@@H]1O,29986850
XFOUAXMJRHNTOP-PFQXTLEHSA-N,C[C@H](N)C(=O)N[C@@H](C[C@@H]1CCC(=O)[C@@H]2O[C@H]12)C(=O)O,86583338
BGOJKUCHTMYINI-DTLRTWKJSA-L,O=C([O-])CCC/C=C\C/C=C\C/C=C\C/C=C\CCCCC(=O)[O-],35027229
KWMLJOLKUYYJFJ-VFUOTHLCSA-N,O=C(O)[C@H](O)[C@H](O)[C@@H](O)[C@H](O)[C@H](O)CO,25588
NBIIXXVUZAFLBC-UHFFFAOYSA-L,O=P([O-])([O-])O,3681305
CDAHFUWPMGXLON-UHFFFAOYSA-N,O=C(O)C(=O)Cc1ccc(O)c(I)c1,440184
YYEUHNBQISBESB-OFUJBLJQSA-N,C=CCC1=C[C@]2(OC)[C@H](C)[C@@H](c3ccc(OC)c(OC)c3)[C@H](C1=O)[C@H]2O,11439770
ASFORWUCPCKFPY-BYNIDDHOSA-N,CCCCCCCC(=O)O[C@@H]1O[C@H](C(=O)O)[C@@H](O)[C@H](O)[C@H]1O,127448
NJZRLXNBGZBREL-UHFFFAOYSA-N,C[N+](C)(C)CC(=O)[O-].O,24884197
UFEODZBUAFNAEU-NLRVBDNBSA-N,CO/N=C(/C1=NOCCO1)c1ccccc1Oc1ncnc(Oc2ccccc2Cl)c1F,11048796
WOMAZEJKVZLLFE-UHFFFAOYSA-N,CCC(=O)NCC(=O)O,98681
PDJZPNKVLDWEKI-GOEBONIOSA-N,CCOC(=O)[C@@]1(c2ccccc2)CCC=C[C@@H]1NC,162321
KRKUDGHUGTVPJN-UHFFFAOYSA-L,N=c1ccc2c(-c3cc(C(=O)O)ccc3C(=O)O)c3ccc(N)c(S(=O)(=O)[O-])c3oc-2c1S(=O)(=O)[O-],44176406
BYHHYJWGZWUAIG-UHFFFAOYSA-N,Cc1ccc(C(=O)n2c(=S)nc3sc4ccccc4n32)cc1,629744
WGJKMUHOVVKNEQ-VFEZIHALSA-N,COc1cc(O)cc2c1C(=O)OC(C[C@H]1CCC(O)[C@H](C)O1)C2,71768075
YMDYUWHAQBYOMU-HYAYUQHRSA-N,C=C1C[C@]23C[C@H]1CC[C@H]2[C@]1(C)CC[C@H](O)[C@@](C)(C(=O)O)[C@H]1[C@@H]3C=O,443446
QUKONIROJIAMOO-ZMNXUKPGSA-M,CC(/C=C/C1=C(CO)C(=O)CCC1(C)C)=C\C=C\C(C)=C\C(=O)[O-],131953113
YUGKGSBEHZYJDB-UHFFFAOYSA-M,CC(=O)CC(=O)c1c(CC(=O)[O-])cc2c(c1O)C(=O)c1c(O)cccc1C2,90659895
PEWXKAOBUSBJLD-MCBGMKGZSA-N,CCCCCCCCCCCCCC/C=C\OC[C@H](COP(=O)([O-])OCC[N+](C)(C)C)OC(=O)CCCCCCCCCCCCCCC,11146967
JCIFZANQIXZLGH-QJLVSEQISA-N,COc1cc(-c2cc(=O)c3c(O)c([C@@H]4O[C@H](CO)[C@@H](O)[C@H](O)[C@H]4O)c(OC)cc3o2)ccc1O,25002956
BMROQCPWMNUZGZ-UHFFFAOYSA-N,O=C1OCC(Cc2ccc(O)c(O)c2)=C1c1cc(O)cc(O)c1,50993752
WASZXVMLVDQNDE-UHFFFAOYSA-N,NCCCNc1cc(C(=O)O)ccc1O,135563785
AKHNGSPNHAFBII-UHFFFAOYSA-L,CC(=O)C(O)C(=O)COP(=O)([O-])[O-],54758622
GHOKWGTUZJEAQD-UHFFFAOYSA-M,CC(C)(CO)C(O)C(=O)NCCC(=O)[O-],5191579
XHMWPVBQGARKQM-UHFFFAOYSA-N,CCOCCCO,8109
ALSKYCOJJPXPFS-BBRMVZONSA-N,CO[C@H]1CC=C2CCN3CCC4=C(CC(=O)OC4)[C@]23C1,31762
QMGVPVSNSZLJIA-FVWCLLPLSA-O,O=C1C[C@@H]2OCC=C3C[NH+]4CC[C@]56c7ccccc7N1[C@H]5[C@H]2[C@H]3C[C@H]46,11859396
QBJCJWAZOPCNIX-JPLJXNOCSA-N,CC(C)C[C@H](NC(=O)[C@@H](N)CC(=O)O)C(=O)N[C@@H](Cc1ccccc1)C(=O)N[C@H](C(=O)O)C(C)C,71464626
CXBMCYHAMVGWJQ-UHFFFAOYSA-N,CC(C)=CC1C(C(=O)OCN2C(=O)C3=C(CCCC3)C2=O)C1(C)C,83975
PRCZPOBZJVCPKL-GTPINHCMSA-N,NCCCCNCCCNC(=O)[C@H](Cc1ccc(O)cc1)NC(=O)C1OC1C(=O)O,70678756
CAHGSEFWVUVGGL-UBNZBFALSA-N,OC[C@H]1O[C@@H](Oc2cc3c(O)cc(O)cc3[o+]c2-c2ccc(O)cc2)[C@H](O)[C@@H](O)[C@@H]1O.[Cl-],3080714
DEFJQIDDEAULHB-IMJSIDKUSA-N,C[C@H](N)C(=O)N[C@@H](C)C(=O)O,5484352
LBSJJNAMGVDGCU-UHFFFAOYSA-N,CC(C)=CCc1cc(C(=O)O)ccc1O,443852
VSMOENVRRABVKN-UHFFFAOYSA-N,C=CC(O)CCCCC,18827
UAGCUQRCYLGHHF-UHFFFAOYSA-S,[NH3+]CCC[NH2+]CCCC[NH+](CCC[NH3+])CCC[NH3+],86289949
UHDGCWIWMRVCDJ-CCXZUQQUSA-N,Nc1ccn([C@@H]2O[C@H](CO)[C@@H](O)[C@@H]2O)c(=O)n1,6253
VTMFDSJJVNQXLT-XQCMRRNBSA-M,COc1cc(/C=C/C(=O)OC2[C@H](O)CC(O)(C(=O)[O-])C[C@H]2O)ccc1O,46878500
BDVPUNXXZLFREO-UHFFFAOYSA-N,CC1=CC(=O)C2(C)C(=O)C3=C(O)C(=O)C4=C(Oc5cc(C)cc(O)c5O4)C3(C)C12,70788959
XWTYSIMOBUGWOL-UHFFFAOYSA-N,CC(C)(C)NCC(O)c1cc(O)cc(O)c1,5403
YMCWOAZGWMZGQT-FPNLOETNSA-N,C[C@]12CC[C@H]3[C@@H](CCC4=CC(=O)CC[C@@]43C)[C@@H]1C[C@@H](O)[C@@H]2O,65545
WGJJROVFWIXTPA-OALUTQOASA-N,CCCCCCCC[C@H]1CCC[C@@H]1CCCCCCC(=O)O,439642
OXSSIXNFGTZQMZ-UHFFFAOYSA-N,CCCCC(O)CC(=O)O,3083220
HJTVQHVGMGKONQ-LUZURFALSA-N,COc1cc(/C=C/C(=O)CC(=O)/C=C/c2ccc(O)cc2)ccc1O,5469424
ZUXNZUWOTSUBMN-UHFFFAOYSA-N,Cl.NNc1nncc2ccccc12,9351
LKZIEAUIOCGXBY-AOIFVJIMSA-M,[NH3+][C@H](C(=O)[O-])C(O)CC(=O)[O-],5460801
RIZMRRKBZQXFOY-UHFFFAOYSA-N,CCOP(=S)(OCC)SCSP(=S)(OCC)OCC,3286
DRVWTOSBCBKXOR-WHOFXGATSA-N,CC(C)[C@@](O)(C(=O)OCC1=CCN2CCC[C@@H]12)[C@H](C)O,442706
TZFWDZFKRBELIQ-UHFFFAOYSA-N,O=c1[nH]c2cc(Cl)ccc2o1,2733
RTMIJLQPWFKAFE-FPYGCLRLSA-N,CCCN(C/C=C/I)C1CCc2ccc(O)cc2C1,6305587
XWKBVEUABODVJJ-YSZBBASGSA-N,Cc1nc2n(C)c3c(ncn3[C@@H]3O[C@H](COP(=O)(O)O)[C@@H](O)[C@H]3O)c(=O)n2c1CC(O)[C@H](N)C(=O)O,71581040
MEYMBLGOKYDGLZ-UHFFFAOYSA-N,NCc1c[nH]c2nc(N)[nH]c(=O)c12,135398563
XOCKKQKIUYNBRG-XYCVKZCMSA-N,CC(C)[C@H](C)CC[C@@H](C)[C@H]1CC[C@H]2[C@@H]3C[C@H](O)[C@H]4C[C@@H](O)CC[C@]4(C)[C@H]3CC[C@]12C,16061348
DECBQELQORZLLP-UHFFFAOYSA-N,O=C1CN(N=CC=Cc2ccc([N+](=O)[O-])o2)C(=O)N1,146690
JQLLSZXDWJGHSJ-ZXXLSYNSSA-N,CN1CC[C@]23C(=O)C[C@H]4C(=CCO[C@H]5CC(=O)N(c6ccc(O)cc62)[C@H]3[C@H]54)C1,57412271
ZNEBXONKCYFJAF-BGKMTWLOSA-N,CC/C=C\C/C=C\CC(O)/C=C/C=C\C/C=C\C/C=C\CCC(=O)O,11566378
BVCZSMAYNCVQDT-WBVITSLISA-N,CCCCCCCCCCCCCCCCCCCC(=O)O[C@H](COCCCCCCCCCCCCCCCCCC)COP(=O)([O-])OCC[N+](C)(C)C,24779329
RGHNJXZEOKUKBD-SQOUGZDYSA-N,O=C(O)[C@H](O)[C@@H](O)[C@H](O)[C@H](O)CO,10690
VCKPUUFAIGNJHC-UHFFFAOYSA-N,Nc1c(O)cccc1C(=O)CC(N)C(=O)O,89
QYWGBWCDPYJCGC-RUZYHRDJSA-N,CC(C)[C@@H]1NC(=O)c2csc(n2)[C@H](C(C)C)NC(=O)c2csc(n2)[C@H](C(C)C)NC(=O)[C@H]([C@@H](C)O)NC1=O,10951899
JOCIRBSYAYKMEF-YDPPSCFKSA-N,CC1(C)CC[C@]2(C)CC[C@]3(C)C(=C2C1)CC[C@@H]1[C@@]2(C)CC[C@H](O)C(C)(C)[C@@H]2CC[C@]13C,12358447
AJAFGTUGXORIBL-SCZZXKLOSA-N,Nc1nc(N2CC(F)C2)c2ncn([C@H]3C=C[C@@H](CO)C3)c2n1,126559187
BBJIPMIXTXKYLZ-UHFFFAOYSA-M,[NH3+]C(CC(=O)[O-])CC(=O)[O-],6971072
YCOZIPAWZNQLMR-UHFFFAOYSA-N,CCCCCCCCCCCCCCC,12391
YKDYCKHEKOEVJM-UHFFFAOYSA-O,COc1cccc2[nH]cc(C[NH3+])c12,28806286
UMEKPPOFCOUEDT-UHFFFAOYSA-N,CCCCCCCCCCCCCCCCCCCC(=O)OCC(O)CO,3246944
WTGQALLALWYDJH-WYHSTMEOSA-N,Br.CN1[C@@H]2CC(OC(=O)[C@H](CO)c3ccccc3)C[C@H]1[C@@H]1O[C@@H]12,6603108
MDQKYGOECVSPIW-UHFFFAOYSA-N,N#Cc1c(O)c(Cl)c(Cl)c(C#N)c1Cl,34217
AHAJUDPVPSLOAM-FJDYEYILSA-N,COC(C)(C)/C=C/C[C@H](C)[C@@H]1CC[C@]2(C)[C@@H]3CC[C@H]4C(C)(C)[C@@H](O)CC[C@]4(C)[C@H]3CC[C@@]12C,50994223
MJOJSHOTYWABPR-WIRXVTQYSA-N,N[C@@H](Cc1ccccc1)C(=O)N[C@@H](Cc1c[nH]c2ccccc12)C(=O)N[C@@H](Cc1c[nH]c2ccccc12)C(=O)O,44611955
HZFGMQJYAFHESD-UHFFFAOYSA-M,Nc1c(CC(=O)[O-])cccc1C(=O)c1ccc(Br)cc1.[Na+],23693301
NJOIWWRMLFSDTM-SECBINFHSA-N,C=C(C)[C@H](CCC(C)=O)CC(=O)O,443189
VHFVKMTVMIZMIK-UHFFFAOYSA-N,Clc1cccc(N2CCNCC2)c1,1355
ZRDUSMYWDRPZRM-UHFFFAOYSA-N,CCC(C)c1cc([N+](=O)[O-])cc([N+](=O)[O-])c1OC(=O)C=C(C)C,10234
GRWFGVWFFZKLTI-RKDXNWHRSA-N,CC1=CC[C@@H]2C[C@H]1C2(C)C,82227
ICEFLCNOUJCINW-FBUVUDCZSA-N,COc1cc2c(cc1OC)[C@]13CC[N+]4([O-])C/C(=C/CO)[C@H](C[C@@H]14)C1=CCC(=O)N2[C@@H]13,124079392
KRUUBWXADMDQSI-YYZLIPTLSA-N,OC[C@H]1O[C@H](n2cnc3c(NCc4ccccc4)ncnc32)[C@H](O)[C@@H](O)[C@@H]1O,25201625
COVFEVWNJUOYRL-UHFFFAOYSA-N,O=C(O)c1cc(O)c(O)c(OC(=O)c2cc(O)c(O)c(O)c2)c1,341
HERJDZWHZQOZLU-UHFFFAOYSA-N,CN(C)c1ccc(C2=C([O-])C(=C3C=CC(=[N+](C)C)C=C3)C2=O)cc1,4260165
WQCJOKYOIJVEFN-ZDUSSCGKSA-N,COc1ccc([C@@H]2COc3cc(O)ccc3C2=O)c(O)c1,439310
DZLNHFMRPBPULJ-GSVOUGTGSA-N,O=C(O)[C@H]1CSCN1,198253
DGCPGJKPROZYMN-ZMNXUKPGSA-M,CC1=C(/C=C/C(C)=C/C=C/C(C)=C/C(=O)[O-])C(C)(CO)CCC1O,131953107
FJMAXCRRCJSCIE-UHFFFAOYSA-N,CNC(=O)CNC(C)=O,439506
GYNSQXCBPSRCAW-UHFFFAOYSA-N,CCCCCCC(C)CCCCCCCCCCC(=O)Cc1cc(O)cc(=O)o1,91825629
UWKNPULCJWBBDD-JRUKXMRZSA-M,CCCCCCCC/C=C\CCCCCCCC(=O)N[C@@H](Cc1ccccc1)C(=O)[O-],122391266
UMYDVEVERVKIFT-UHFFFAOYSA-N,NC(CC1=CC2=C(NC(C(=O)O)CC2C(=O)O)C(=O)C1=O)C(=O)O,11954214
FUYLLJCBCKRIAL-UHFFFAOYSA-N,Cc1cc(=O)oc2cc(OS(=O)(=O)O)ccc12,84843
NHAMBLRUUJAFOY-UHFFFAOYSA-N,COc1cccc2c(NCc3ccccc3)nc(-n3c(N)nc4ccccc43)nc12,49830258
NBOMNTLFRHMDEZ-UHFFFAOYSA-N,O=C(O)c1ccccc1S,5443
LKHKEQFLKWCGTG-BBWFWOEESA-O,CC(C)CCCCCCCCCC[C@@H](O)[C@@H](O)[C@@H]([NH3+])CO,70679251
JSGWNFKWZNPDAV-YDHLFZDLSA-N,CC(C)[C@H](NC(=O)[C@@H](N)Cc1ccccc1)C(=O)N[C@@H](CC(=O)O)C(=O)O,44232355
SJZXNBXKTDRFQH-WFFMJNDQSA-L,O=C([S-])c1[c-]c(C(O)=[SH+])c[n+]([C@@H]2O[C@H](COP(=O)([O-])[O-])[C@@H](O)[C@H]2O)c1.[Ni],129626635
NZGGCMIUTMKVIG-WADNSWHXSA-N,O=C1C=C(/C=C/c2ccccc2)O[C@H](C[C@H]2CC=CC(=O)O2)C1,11370316
BGGFPZPRXRJKGG-XVENTEFESA-N,CC(C=O)CCC[C@@H](C)[C@H]1CC[C@H]2[C@@H]3CCC4=CC(=O)CC[C@]4(C)[C@H]3CC[C@]12C,86290218
NGDLSXMSQYUVSJ-WHFBIAKZSA-N,C[C@H](N)C[C@H](N)CC(=O)O,439430
YMTINGFKWWXKFG-UHFFFAOYSA-N,CC(C)OC(=O)C(C)(C)Oc1ccc(C(=O)c2ccc(Cl)cc2)cc1,3339
KNJNBKINYHZUGC-UHFFFAOYSA-M,O=c1c(-c2ccc3c(c2)OCO3)coc2cc([O-])ccc12,86289525
SLUDRBHRUDRZJZ-IWQZZHSRSA-K,O=C([O-])/C=C\C=C(C(=O)[O-])C(=O)[O-],25245707
YILIDCGSXCGACV-NFOQIUCISA-N,C[C@@H]1O[C@H](Oc2ccc([N+](=O)[O-])cc2)[C@@H](O)[C@H](O)[C@@H]1O,89609
ARAIATBRBSWLHC-ZJUUUORDSA-N,Nc1nc(N2CCC2)c2ncn([C@H]3C=C[C@@H](CO)C3)c2n1,15953949
OHRURASPPZQGQM-GCCNXGTGSA-N,C/C=C1\NC(=O)[C@H]2CSSCC/C=C/[C@H](CC(=O)N[C@H](C(C)C)C(=O)N2)OC(=O)[C@H](C(C)C)NC1=O,5352062
DTUIBOJYJDJTLH-YKIXKYLVSA-N,CC(=O)N[C@H]1[C@H](OC[C@H]2O[C@H](O)[C@@H](O)[C@@H](O)[C@@H]2O)O[C@H](CO)[C@@H](O)[C@@H]1O,53778848
HCCFPODVEOBUMM-YOQTYQRRSA-N,O=C1C[C@@H]2OCC=C3CN4CC[C@]56c7ccccc7N1[C@H]5[C@H]2[C@H]3C[C@]46O,21723446
IBCJHQBSQYNQJM-UHFFFAOYSA-N,CC(=O)Nc1cccc(Nc2nc(-c3ccccc3)nc3ccccc23)c1,2549745
HRGUSFBJBOKSML-UHFFFAOYSA-M,COc1cc(-c2cc(=O)c3c(O)cc(O)cc3o2)cc(OC)c1[O-],46878516
APJYDQYYACXCRM-UHFFFAOYSA-N,NCCc1c[nH]c2ccccc12,1150
GFBGZDGVFNNXRE-IENPIDJESA-N,C[NH+](C)C(CCc1ncc(C[C@H]([NH3+])C(=O)[O-])[nH]1)C(=O)[O-],71464654
SSECKXODJGCASI-KUJNIBRASA-N,CCCCC/C=C\C[C@@H](/C=C/C=C\C/C=C\CCCC(=O)NCCS(=O)(=O)O)OO,121232668
ZHNHJYYFCGUZNQ-KBIXCLLPSA-N,CC[C@H](C)[C@H](NC(=O)[C@@H](N)CCC(=O)O)C(=O)N[C@@H](CO)C(=O)O,71464663
MOMCHYGXXYBDCD-UHFFFAOYSA-N,CCn1cc(C(=O)O)c(=O)c2c(N)c(F)c(NC3CCCCC3)cc21,72193864
QQHKVAJCQFQGMF-YFKVPUFHSA-N,CCCCCCCC/C=C\CCCCCCCC(=O)O[C@H](CO)COP(=O)(O)OC[C@H](N)C(=O)O,86289215
IWMCPJZTADUIFX-UHFFFAOYSA-N,COc1cc(C(=O)N2CCC(N3CCN(C)CC3)CC2)ccc1Nc1ncc2c(n1)N(C)c1ccccc1C(=O)N2C,46843906
OSKHFTHBEFJNCM-UHFFFAOYSA-M,CCC(=O)CC(=O)c1c(CC(=O)[O-])cc2c(c1O)C(=O)c1c(O)cccc1C2=O,71668309
BSKSJHKKONCCLN-UHFFFAOYSA-N,O=Nc1ccc(S(=O)(=O)Nc2ccccn2)cc1,49852399
CCSVTZVGUPRGFX-MACXSXHHSA-N,Nc1ncnc2c1ncn2[C@@H]1O[C@H](COP(=O)(O)O)[C@@H](OC(=O)[C@@H](N)CO)[C@H]1O,53714398
CJIIERPDFZUYPI-UHFFFAOYSA-N,O=C(Cc1ccc(O)cc1)Nc1ncc(-c2ccc(O)cc2)nc1Cc1ccccc1,448487
PLYSCVSCYOQVRP-UHFFFAOYSA-N,Cc1ncc2n1-c1ccc(Cl)cc1C(c1ccccc1F)=NC2.Cl,43032
WSPRAEIJBDUDRX-FBJXRMALSA-N,CC(C)=CCC[C@@H](C)[C@H]1CC[C@@]2(C)[C@@H]3CC=C4[C@@H](CC[C@H](O)C4(C)C)[C@]3(C)CC[C@]12C,14543446
VSRVRBXGIRFARR-YABSRVOSSA-N,C[C@@H]1O[C@H](O[C@@H]2[C@@H](O)[C@H](O)[C@@H](CO)O[C@H]2O)[C@@H](O)[C@H](O)[C@@H]1O,91848742
WBLTVUMJMJIOGQ-YCGCYHNXSA-M,C[C@@H]1CC[C@H]2C(C(=O)[O-])=C[C@@H]3[C@@H](O)C(C)(C)C[C@@]132,70678937
XCPGHVQEEXUHNC-UHFFFAOYSA-N,COc1cc(NS(C)(=O)=O)ccc1Nc1c2ccccc2nc2ccccc12,2179
AEUBLTTWYCDTGM-HXOXMVQHSA-M,O=C([O-])/C=C/C1=CC=C[C@H](O)[C@@H]1O,46878521
KZSNJWFQEVHDMF-BYPYZUCNSA-N,CC(C)[C@H]([NH3+])C(=O)[O-],6971018
PCSKKIUURRTAEM-UHFFFAOYSA-N,O=C(O)c1ccc(CO)o1,80642
MNIGYIKCFSPQRJ-UHFFFAOYSA-N,CC(O)CN(CC(C)O)N=O,40828
SCSGVVIUUUPOOJ-GSVOUGTGSA-M,O=C([O-])[C@H](O)C(=O)CO,25201352
GKIRPKYJQBWNGO-OCEACIFDSA-N,CCN(CC)CCOc1ccc(/C(=C(/Cl)c2ccccc2)c2ccccc2)cc1,1548953
ZFONAUHRORWDHV-FPLPWBNLSA-N,O=C(O)/C=C(\O)CCCCCCC(=O)O,121232666
IUGYQRQAERSCNH-UHFFFAOYSA-N,CC(C)(C)C(=O)O,6417
WMHJCSAICLADIN-WYWSWGBSSA-N,CC1=C(C=O)C(C)(C)C[C@H](O[C@@H]2O[C@H](CO)[C@@H](O)[C@H](O)[C@H]2O)C1,130796
DGADNPLBVRLJGD-UHFFFAOYSA-N,CC(O)(CO)C(=O)O,560781
IEKOTSCYBBDIJC-UHFFFAOYSA-N,CCCCCN(CCCCC)C(=O)C(CCC(=O)O)NC(=O)c1ccc(Cl)c(Cl)c1,3960
MEANFMOQMXYMCT-OLZOCXBDSA-O,Nc1nc2c(c(=O)[nH]1)[N+]1=CN(c3ccc(C(=O)N[C@@H](CCC(=O)O)C(=O)O)cc3)C[C@H]1CN2,135405047
RSIBBCSPEXMNFQ-UHFFFAOYSA-O,N#[N+]c1ccc([As](=O)(O)O)cc1,12832981
SZQIFWWUIBRPBZ-UHFFFAOYSA-N,CCN1C(=O)NC(c2ccccc2)C1=O,3292
JMHGBISEAGEKAI-NJIWHLQVSA-N,CCCCCCCCCCCCCCCCCCCC(=O)N[C@@H](CO[C@@H]1O[C@H](CO)[C@H](O)[C@H](O)[C@H]1O)[C@H](O)CCCCCCCCCCCCCCC,90659807
GKXWQOGSNJJLKJ-QMMMGPOBSA-N,C[C@H](O)c1nccc2c1[nH]c1ccccc12,54671999
XWJUDDGELKXYNO-QMMMGPOBSA-M,C[C@H](C(=O)[O-])c1ccc2cc(O)ccc2c1,40428952
PEGSMPHAYGPKIY-UHFFFAOYSA-N,NCCCCCCNc1c(C(=O)O)cc([N+](=O)[O-])cc1[N+](=O)[O-],44558872
BDHQMRXFDYJGII-UEBIAWITSA-N,C=C(CC[C@@H](C)[C@H]1CC[C@@]2(C)[C@@H]3CC[C@H]4C(C)(C)[C@@H](O)CC[C@@]45C[C@@]35CC[C@]12C)C(C)C,94204
IKCLCGXPQILATA-UHFFFAOYSA-N,O=C(O)c1ccccc1Cl,8374
LEBRETLBLINJDM-HSZRJFAPSA-N,CCCCCCCCCCCCCCCCOC[C@H](COP(=O)([O-])OCC[NH3+])OC(C)=O,86289570
CSDPVAKVEWETFG-UHFFFAOYSA-N,O=C(O)C1CCCC=N1,165067
UQBOJOOOTLPNST-UHFFFAOYSA-N,C=C(N)C(=O)O,123991
GMIAWATVTRICKZ-NXJKFLNPSA-N,OC[C@H]1O[C@@H](O)[C@H](O)[C@@H](O)[C@@H]1O[C@@H]1OC[C@@H](O)[C@H](O)[C@H]1O,91847929
FTAGQROYQYQRHF-FCWZHQICSA-M,CC/C=C\C/C=C\C/C=C\C/C=C\C=C\C(O)CCCC(=O)[O-],102571795
IADUEWIQBXOCDZ-UHFFFAOYSA-N,O=C(O)C1CCN1,17288
SAUCHDKDCUROAO-UHFFFAOYSA-N,CC(=O)C(N)C(=O)O,219
QNAYBMKLOCPYGJ-REOHCLBHSA-M,C[C@H](N)C(=O)[O-],5460980
SDQNMZALKPBELF-UHFFFAOYSA-N,CC(O)C1COC(=O)C1,12664706
OJNKDUUHVWZPHM-UHFFFAOYSA-N,COc1cccc2c1c(-c1c3c4c(cc5c(c4c4cccc(OC)c14)OCO5)CCN3)c1c3c(cc4c(c32)OCO4)CCN1,10031219
PJTTXANTBQDXME-VJRJJCRKSA-N,O=P(O)(O)OC[C@H]1O[C@@](CO)(O[C@H]2O[C@H](CO)[C@@H](O)[C@H](O)[C@@H]2O)[C@@H](O)[C@@H]1O,46174043
GRXIELRCPYIEQI-UHFFFAOYSA-N,O=C(Oc1cc(O)cc(O)c1C(=O)O)c1ccc(O)c(O)c1,440370
HNOAJOYERZTSNK-UHFFFAOYSA-L,O=C([O-])CCC(O)CC(=O)C(=O)[O-],23615324
AEMOLEFTQBMNLQ-DTEWXJGMSA-M,O=C([O-])[C@H]1O[C@@H](O)[C@H](O)[C@@H](O)[C@H]1O,6992022
YWNXQSHHYSTFPH-UMMCILCDSA-N,O=c1[nH]c(=O)c2[nH]c(=O)n([C@@H]3O[C@H](COP(=O)(O)O)[C@@H](O)[C@H]3O)c2[nH]1,439973
KQXDGUVSAAQARU-HZJYTTRNSA-N,CCCCC/C=C\C/C=C\CCCCCCCC(=O)NCCO,5283446
YMYRTIQKNKALOE-UHFFFAOYSA-N,C=CCCCCCCCC(=O)Cc1cc(O)cc(=O)o1,91825625
RTGHRDFWYQHVFW-UHFFFAOYSA-L,O=C([O-])CCC(=O)CC(=O)[O-],5459800
KKGQTZUTZRNORY-UHFFFAOYSA-N,CCCCCCCCc1ccc(CCC(N)(CO)CO)cc1,107970
BEYWPGROMZUINL-QJPKHSJYSA-N,CCCCCCCCCC/C=C(/C(=O)OC)[C@H](O)C(C)=O,70697773
ZBELSIALTHIOTO-HUFSBHEJSA-N,C/C1=C/C[C@H]2[C@@H](/C=C(\C)C(=O)[C@@]3(O)C[C@H](C)[C@H](O)[C@@H]3[C@H]1OC(=O)/C=C/c1ccccc1)C2(C)C,53355800
RQCDMLAWAZUOPO-GYFRLOJISA-N,CCCCCCCCCCCCCCCCCCCCCCCCC(=O)N[C@@H](COP(=O)([O-])OCC[N+](C)(C)C)[C@H](O)/C=C/CCCCCCCCCC(C)C,70679102
OFOBLEOULBTSOW-UHFFFAOYSA-L,O=C([O-])CC(=O)[O-],9084
JQVANXRIXMMSKB-LXZIDKIQSA-N,C/C1=C\[C@H]2[C@@H](O)[C@@H](C)C[C@]2(OC(=O)c2ccccc2)C(=O)/C(C)=C/[C@@H]2[C@H](CC1)C2(C)C,53262755
KNEQPJSDSYNUHP-RFPYWGSLSA-N,C=C1C(=O)O[C@H]2CC(=C)[C@H](O)CC/C(C)=C/[C@@H](O)[C@H]12,14191260
OQZCJRJRGMMSGK-UHFFFAOYSA-M,O=P(=O)[O-].[K+],16133895
OZWKMVRBQXNZKK-UHFFFAOYSA-N,O=C(c1ccccc1)c1ccc2n1CCC2C(=O)O,3826
VAYMIYBJLRRIFR-UHFFFAOYSA-N,Cc1ccccc1N=C=O,69194
PFWQSHXPNKRLIV-UHFFFAOYSA-N,CC(C)=CC(=O)NCC(=O)O,169485
MNKCCFOQDGJSLR-UHFFFAOYSA-N,CC1(C)C(=O)C(=O)NC1Cc1ccc(O)cc1,146037143
IGTYILLPRJOVFY-UHFFFAOYSA-N,CC(=O)Nc1ccc(OS(=O)(=O)O)cc1,83939
LEVWYRKDKASIDU-UHFFFAOYSA-N,[NH3+]C(CSSCC([NH3+])C(=O)[O-])C(=O)[O-],24798687
BWMISRWJRUSYEX-SZKNIZGXSA-N,CN(C/C=C/C#CC(C)(C)C)Cc1cccc2ccccc12.Cl,5282481
IRKZFHZUIBLGKU-QFIPXVFZSA-M,CCc1c2c(nc3ccc(O)cc13)-c1cc([C@@](O)(CC)C(=O)[O-])c(CO)c(=O)n1C2,443148
ARSRJFRKVXALTF-UHFFFAOYSA-M,O=c1cc(-c2cc(O)c([O-])c(O)c2)oc2cc(O)cc(O)c12,46878558
QWVNCDVONVDGDV-YFKPBYRVSA-N,CSCC[C@H](N)CC(=O)O,5706673
VJZTVPVXKYQRJZ-UHFFFAOYSA-M,Cc1ncc(C(=O)O)c(CO)c1[O-],54718173
MULNCJWAVSDEKJ-UHFFFAOYSA-N,Cn1c(=O)oc(=O)c2ccc([N+](=O)[O-])cc21,12535373
QRZAKQDHEVVFRX-UHFFFAOYSA-N,O=C(O)Cc1ccc(-c2ccccc2)cc1,3332
OZGNYLLQHRPOBR-DHZHZOJOSA-N,CN(C/C=C/c1ccccc1)Cc1cccc2ccccc12,47641
GNSKLFRGEWLPPA-UHFFFAOYSA-M,O=P([O-])(O)O.[K+],516951
WKGTVHGVLRCTCF-ZETCQYMHSA-N,NCCCCNC(=O)CC[C@H](N)C(=O)O,20841830
UFWGANQPWYXUQI-FDNTWFBCSA-N,COc1cc(-c2oc3cc(O)cc(O)c3c(=O)c2O[C@@H]2O[C@@H](C)[C@H](O)[C@@H](O)[C@H]2O)cc(O)c1O,72551450
UHBVETPGYAJKTB-UHFFFAOYSA-N,Cc1ccc(S(=O)(=O)NCC(CN2CCC2)c2cccnc2)cc1,91828203
PBXVYKHISUQHKY-UHFFFAOYSA-N,[C-]#[N+]c1cc2cc(O)c(O)cc2oc1=O,130034774
RNYNGUYSDYOCLB-UHFFFAOYSA-M,O=C([O-])CC1(Cl)C=C(Cl)C(=O)O1,21145098
UGWAFZVUHJCWOQ-FWJSUUQISA-N,CCCCC[C@@H](O)/C=C/C=C\C/C=C\C/C=C\CCCC(=O)O[C@H](CO)COP(=O)([O-])OCC[N+](C)(C)C,129626803
MLGPKWUKOQAAGI-UHFFFAOYSA-N,CCCCCCCCCCCCCCCC(=O)NCc1ccccc1,11198769
NMHMNPHRMNGLLB-UHFFFAOYSA-N,O=C(O)CCc1ccc(O)cc1,10394
KRVOJOCLBAAKSJ-UHFFFAOYSA-N,CNc1cc(OC)c(C(=O)NC2CCN(Cc3ccccc3)C2C)cc1Cl,4452
JZUFKLXOESDKRF-UHFFFAOYSA-N,NS(=O)(=O)c1cc2c(cc1Cl)NCNS2(=O)=O,3639
GGIZFHSZEPFEJR-GKBAEXNQSA-N,O=C(O)[C@H]1O[C@@H](O[C@@H]2CO[C@@H](O)[C@H](O)[C@H]2O)[C@H](O)[C@@H](O)[C@@H]1O,91857451
OUYCCCASQSFEME-QMMMGPOBSA-N,N[C@@H](Cc1ccc(O)cc1)C(=O)O,6057
LZFZMUMEGBBDTC-QEJZJMRPSA-N,C[C@H](N[C@@H](CCc1ccccc1)C(=O)O)C(=O)N1CCC[C@H]1C(=O)O,5462501
WVUDHRISQRHHPW-NHJHCJIZSA-N,CN[C@H]1[C@H](O)[C@@H](O)[C@H](N)[C@@H](O[C@H]2O[C@H]([C@H](C)N)[C@@H](O)[C@H](O)[C@H]2N)[C@@H]1O,46174017
PMOWTIHVNWZYFI-AATRIKPKSA-M,O=C(O)/C=C/c1ccccc1[O-],54693535
OXCNORDLEQIUCT-UHFFFAOYSA-N,Cc1c(C(=O)O)c(O)cc2cc3c(c(O)c12)C(=O)c1c(O)cc(O)cc1C3=O,196730
BOKVLBSSPUTWLV-MRXNPFEDSA-N,COc1cc2c(cc1O)[C@@H](Cc1ccc(O)cc1)N(C)CC2,440595
UHXNGRCUFWVQPN-QFWQFVLDSA-L,CCCCCCCCCCCCC/C=C/[C@@H](O)[C@H](COP(=O)([O-])[O-])NC(=O)CCCCC,86290015
RITBIFGLPRFTSB-KVTDHHQDSA-K,CP(=O)([O-])O[C@H]1O[C@H](COP(=O)([O-])[O-])[C@@H](O)[C@H]1O,70678984
QAOWNCQODCNURD-UHFFFAOYSA-L,O=S(=O)([O-])[O-],1117
XUIRIUDIZICRKQ-SEFVSHJNSA-N,C[C@@H]1O[C@@H](OCCCCCCCCCC[C@@H](O)CC(=O)O)[C@H](O)C[C@H]1O,86289849
UHNHELGKNQMNGF-AOQKXWSCSA-N,N[C@@H](CS)C(=O)N[C@H]1[C@@H](O[C@@H](CC(=O)O)C(=O)O)O[C@H](CO)[C@@H](O)[C@@H]1O,42614123
KBXXIYHMPQZHCH-SECBINFHSA-N,C[C@@H](NC(=O)CCCP(=O)(O)Oc1ccc([N+](=O)[O-])cc1)C(=O)O,446756
YIWUKEYIRIRTPP-UHFFFAOYSA-N,CCCCC(CC)CO,7720
ODGCEQLVLXJUCC-UHFFFAOYSA-N,F[B-](F)(F)F,26255
SUHOOTKUPISOBE-UHFFFAOYSA-M,[NH3+]CCOP(=O)([O-])[O-],7059434
KPIVDNYJNOPGBE-UHFFFAOYSA-N,Nc1ncccc1C(=O)O,72930
WKMPTBDYDNUJLF-UHFFFAOYSA-N,Nc1nc(F)nc2nc[nH]c12,12790
NRXYKCLIMLPUIO-KWXDATOUSA-N,C[C@H](CCCCCCCCCCCC(=O)O)O[C@@H]1O[C@@H](C)[C@H](O)C[C@H]1O,86289695
CTWAHHIYDLSAPS-UHJGEWICSA-M,CC/C=C\C[C@H](O)C(=O)/C=C/C=C/C=C\C=C\[C@@H](O)C/C=C\CCC(=O)[O-],129626668
PGOOBECODWQEAB-UHFFFAOYSA-N,CN/C(=N\[N+](=O)[O-])NCc1cnc(Cl)s1,86287519
BBNYCLAREVXOSG-UHFFFAOYSA-N,CCCCCCCCCCCCCCCC(=O)OC(CO)CO,123409
LCLFLBUHPXNYNR-SINCLJJZSA-N,CCCCCCCCCCCCCCCCCCCCCCC(=O)N[C@@H](COP(=O)([O-])OCC[N+](C)(C)C)[C@H](O)/C=C/CCCCCCCCCC(C)C,70679155
VWGZQKUCQYRXLX-UHFFFAOYSA-N,CCCCCCCCCCCCCCCOCC(=O)COP(=O)(O)O,86289249
YKFRUJSEPGHZFJ-UHFFFAOYSA-N,C[Si](C)(C)n1ccnc1,28925
IYSOGZMXTXLBGK-QXEVXLTMSA-N,CC(=O)N[C@H]1C(O)O[C@H](COS(=O)(=O)O)[C@@H](O[C@@H]2OC(C(=O)O)=C(O)[C@H](O)[C@H]2O)[C@@H]1O,91855466
SJNDYXPJRUTLNW-ULCDLSAGSA-M,O=C1c2cc(O)cc(O)c2C(=O)c2c1cc1c(c2[O-])[C@@H]2C=CO[C@@H]2O1,25202213
QUCHWTCTBHQQDU-UHFFFAOYSA-N,CC(=O)CC(N)C(=O)O,423
VPHHJAOJUJHJKD-UHFFFAOYSA-M,O=C([O-])c1ccc(Cl)c(Cl)c1,6950171
SRISWFJLVRCABV-HUXZXPIYSA-N,CC[C@H]1[C@@H]2C[C@H]3[C@@H]4N(C)c5ccccc5[C@]45C[C@@H](C2[C@H]5OC(C)=O)N3[C@@H]1O,15942893
YAVLYBVKPXLZEQ-UHFFFAOYSA-Q,[NH3+]CCCC=[NH+]CCC[NH3+],45266746
FRPZMMHWLSIFAZ-UHFFFAOYSA-N,C=CCCCCCCCCC(=O)O,5634
NRWMBHYHFFGEEC-YUQDSPFASA-N,CCCCCCCC/C=C\CCCCCCCCOC[C@@H](O)CO,53242580
HDTRYLNUVZCQOY-NCFXGAEVSA-N,OC[C@H]1O[C@@H](O[C@@H]2O[C@H](CO)[C@@H](O)[C@H](O)[C@H]2O)[C@H](O)[C@@H](O)[C@@H]1O,10783457
IRWRFKUTKSUFST-MDYGELLQSA-N,CCCCC/C=C\C/C=C\C/C=C\C/C=C\CCCCCC(=O)O[C@H](COC(=O)CCCCCCCCCCCCCCC)COP(=O)([O-])OCC[N+](C)(C)C,24778732
DUUGKQCEGZLZNO-UHFFFAOYSA-M,O=C([O-])Cc1c[nH]c2ccc(O)cc12,3772821
HQVHOQAKMCMIIM-HXUWFJFHSA-N,Cc1c(C(=O)c2cccc3ccccc23)c2cccc3c2n1[C@H](CN1CCOCC1)CO3,5311501
DEIYFTQMQPDXOT-UHFFFAOYSA-N,CCCc1nn(C)c2c(=O)[nH]c(-c3cc(S(=O)(=O)N4CCN(C)CC4)ccc3OCC)nc12.O=C(O)CC(O)(CC(=O)O)C(=O)O,135413523
SEJJIPPPKYKRAK-JHOUSYSJSA-N,CCCCCCCCCCCCCCCCC(=O)N[C@@H](CO)[C@H](O)CCCCCCCCCCCC(C)C,71581200
ACKXCNXSQYSCQN-GDBYKDPVSA-N,CC(=O)N[C@H]1C(O)O[C@H](CO[C@H]2O[C@@H](CO)[C@@H](O)[C@@H](O)[C@@H]2O)[C@H](O)[C@@H]1O,91851256
WWTBBRMTEFBUND-WKYRUEGDSA-N,CC(C)CCC[C@@H](C)[C@H]1CC[C@H]2C3=C(CC[C@]12C)[C@@]1(C)CC[C@H](O)[C@@](C)(C=O)[C@@H]1CC3,44263319
OROGSEYTTFOCAN-DNJOTXNNSA-N,COc1ccc2c3c1O[C@H]1[C@@H](O)C=C[C@H]4[C@@H](C2)N(C)CC[C@@]341,5284371
OBTVXWQPGMKACK-UHFFFAOYSA-N,N=C(N)c1c[nH]c2nc(N)[nH]c(=O)c12,136165272
XJNPNXSISMKQEX-UHFFFAOYSA-N,O=[N+]([O-])c1ccc(O)c(O)c1,3505109
YDKQMGVESZZFGP-SETSBSEESA-N,CC(C)=CCC[C@]1(C)CCc2c([C@@H]3CC(=O)c4c(cc(O)c(CC=C(C)C)c4O)O3)ccc(O)c2O1,25155335
AXEUUXHMKSPQAI-YTJHIPEWSA-N,C=C1C[C@]23C[C@@]1(O)CC[C@H]2[C@]1(CO)CCC[C@@](C)(C(=O)O)[C@H]1[C@@H]3C(=O)O,440915
YDLFOQAKBQDMDP-XBKFQHLESA-M,CCCCCC/C=C\CCCCCCCCCCCCC#C[C@@H](OS(=O)(=O)[O-])C(=O)O,70680318
NSEWTSAADLNHNH-LSBOWGMISA-N,Oc1cc(O)c2c(c1)O[C@@]1(c3ccc(O)c(O)c3)Oc3cc(O)c4c(c3[C@@H]2[C@H]1O)O[C@H](c1ccc(O)c(O)c1)[C@H](O)C4,124025
JBZBYHKCRFIXBI-CLELBICESA-N,CCCCCCCC/C=C\CCCCCCCC(=O)OC[C@@H](CO[C@H]1O[C@H](CO)[C@H](O)[C@H](O)[C@H]1O)OC(=O)CCCCCCCCCCCCCCC,46931128
TWGYXCCDWSORFO-QHSBEEBCSA-N,C=C(C)[C@@H]1CC=C2CC[C@@H](O)[C@@H](C)[C@@]2(C)C1,14486926
MPJBVZKNLCGQHF-XAHVSKGQSA-N,CC(=O)O[C@@]1(C)C(=O)OC/C2=C/CN(C)CC[C@@H](OC(=O)[C@@](O)([C@@H](C)O)C[C@H]1C)C2=O,16401574
PJTTXANTBQDXME-UGDNZRGBSA-L,O=P([O-])([O-])OC[C@H]1O[C@@](CO)(O[C@H]2O[C@H](CO)[C@@H](O)[C@H](O)[C@H]2O)[C@@H](O)[C@@H]1O,25245080
SEERZIQQUAZTOL-ANMDKAQQSA-N,COCc1c(C(C)C)nc(C(C)C)c(/C=C/[C@@H](O)C[C@@H](O)CC(=O)O)c1-c1ccc(F)cc1,446156
QYYCNBNXSCGWDD-VPJOWPHRSA-N,CCCCCCCCCCCCCC(=O)OCC(COC1O[C@H](CS(=O)(=O)O)[C@@H](O)[C@H](O)[C@H]1O)OC(=O)CCCCCCCCCCCCC,25235393
TWDBRKLFYIPUTJ-PTYLAXBQSA-N,C[C@@H](O)CCC/C=C/C(=O)O,86289664
WIHMBLDNRMIGDW-VEIFNGETSA-N,Br.CN(C)CCC[C@]1(c2ccc(F)cc2)OCc2cc(C#N)ccc21,45358941
XTUVJUMINZSXGF-UHFFFAOYSA-N,CNC1CCCCC1,7514
DXOCDBGWDZAYRQ-QCXZXCEPSA-N,C[C@H](CCC(=O)O)[C@H]1CC[C@H]2[C@@H]3C(=O)C[C@@H]4C[C@@H](O)CC[C@]4(C)[C@H]3CC[C@]12C,5283924
QSZDTCGHFRXGFB-UHFFFAOYSA-N,COc1cc2c(ccc3c(C)c(C)ccc32)cc1C(C)C,467782
KNFJWKJXKURGQU-UHFFFAOYSA-M,CC(O)CCCCCCCCCCCC(=O)[O-],119058185
HLIAVLHNDJUHFG-HOTGVXAUSA-N,COC(=O)[C@H](Cc1ccccc1)NC(=O)[C@H](CC(=O)O)NCCC(C)(C)C,9810996
DOZKMFVMCATMEH-OZKTZCCCSA-N,CCCCCCCC/C=C\CCCCCCCC(=O)OC[C@H](CO)OC(=O)CCCCCCCCCCCCCCC,5283471
VKTIONYPMSCHQI-XAGFEHLVSA-M,CCCCCC(=O)CC[C@@H]1[C@@H](C/C=C\CCCC(=O)[O-])[C@@H](O)C[C@H]1O,25320834
PWLZXPUSJOUTMB-SOFGYWHQSA-N,CC(C)CNC(=O)/C=C/CCCCc1ccc2c(c1)OCO2,5372065
XBTXTLKLSHACSS-RITPCOANSA-N,N[C@H]1C(C(=O)O)=CC=C[C@H]1O,49852381
DHSHIDBWARFSDH-UHFFFAOYSA-N,CCCCCCCCCCCCCCCc1cc(O)cc(O)c1OC(C)=O,10091080
IKXILDNPCZPPRV-RFMGOVQKSA-N,C[C@@H]1C[C@@]2(C)[C@@H](CC[C@@H]3[C@@H]2CC[C@]2(C)[C@@H](O)CC[C@@H]32)CC1=O,6011
QIGBRXMKCJKVMJ-UHFFFAOYSA-N,Oc1ccc(O)cc1,785
KPGXRSRHYNQIFN-UHFFFAOYSA-N,O=C(O)CCC(=O)C(=O)O,51
HDPUXESLSOZSIB-UHFFFAOYSA-N,CC(C)CCCC(C)CCCC(C)CCO,138824
SQHXETAXRBEYRI-UHFFFAOYSA-N,COc1cc2oc(=O)c3c(O)cc(O)cc3c2c(C)c1Cl,135563653
SSULTCPIIYRGFQ-YQFADDPSSA-N,Cc1ccc(S(=O)(=O)[O-])cc1.O.[NH3+][C@@H]1CCN(c2nc3c(cc2F)c(=O)c(C(=O)O)cn3-c2ccc(F)cc2F)C1,86289284
DVYLVCFIZKRPLK-UHFFFAOYSA-N,O=C1NC(=O)N(CCc2ccccc2)C1=O,10632596
LZBJUTTUMRSJBP-UHFFFAOYSA-N,CCCCCCCCCCCCCCCC(=O)CC(=O)CCCCCCCCCCCCC,441489
URXNJUNXUWLMAY-KZVLYIKRSA-N,CC(C)=CCC/C(C)=C/CC/C(C)=C/CCC1=CCc2cc(C(=O)O)ccc2OC1,23584315
BVJSKAUUFXBDOB-BPGUCPLFSA-M,CCCCCCCCCCCCCCCC(=O)OC[C@@H](O)COP(=O)([O-])OCC(O)CO,86583415
MLIREBYILWEBDM-UHFFFAOYSA-N,N#CCC(=O)O,9740
VOMKSBFLAZZBOW-UUWRZZSWSA-N,CCCCCCCCCCCCCCCC(=O)O[C@@H]1CCCn2c1nc(C)c(CCN1CCC(c3noc4cc(F)ccc34)CC1)c2=O,23724979
LYMUFMGSOHLCHO-WCQYABFASA-N,C=C(C)[C@H]1C[C@H](c2c(O)cc3oc4c(O)c(O)ccc4c(=O)c3c2O)C(C)(C)C1,15958474
IQUHNCOJRJBMSU-UHFFFAOYSA-K,CC(O)CN1CCN(CC(=O)[O-])CCN(CC(=O)[O-])CCN(CC(=O)[O-])CC1,20603332
PLVIOWGDVCMNAH-UHFFFAOYSA-N,Nc1ccc(S(=O)(=O)NCCCC(=O)O)cc1,71346720
OOJZCXFXPZGUBJ-WDSKDSINSA-N,C=C1C[C@H]1C[C@H](N)C(=O)O,441451
NWXMGUDVXFXRIG-WESIUVDSSA-N,C[NH+](C)[C@@H]1C(=O)C(C(N)=O)=C([O-])[C@@]2(O)C(=O)C3=C(O)c4c(O)cccc4[C@@](C)(O)[C@H]3C[C@@H]12,51580080
VFRROHXSMXFLSN-KCDKBNATSA-L,O=C[C@H](O)[C@@H](O)[C@@H](O)[C@H](O)COP(=O)([O-])[O-],21117332
DKQUIODWVIDJTF-UHFFFAOYSA-O,Cc1ccc(Nc2ccc3nc4cc(C)c(N)cc4[n+](-c4ccc(C)cc4)c3c2)cc1,91828234
GFBGZDGVFNNXRE-IENPIDJESA-N,CN(C)C(CCc1ncc(C[C@H](N)C(=O)O)[nH]1)C(=O)O,71464655
QVLMUEOXQBUPAH-VOTSOKGWSA-N,Oc1ccc(/C=C/c2ccccc2)cc1,5284650
QHKABHOOEWYVLI-UHFFFAOYSA-M,CC(C)C(=O)C(=O)[O-],5204641
OLNTVTPDXPETLC-XPWALMASSA-N,O=C1[C@H](CC[C@H](O)c2ccc(F)cc2)[C@@H](c2ccc(O)cc2)N1c1ccc(F)cc1,150311
PBBGTVBGXBUVLT-UHFFFAOYSA-N,Cl.Nc1ccc2cc3ccc(N)cc3nc2c1,197873
VKXLIGGJNVDIOK-UHFFFAOYSA-N,O=C(Nc1ccccc1[N+](=O)[O-])c1cc(S(=O)(=O)N2CCCCC2)ccc1Cl,3092268
KAEAMHPPLLJBKF-UHFFFAOYSA-N,[Fe+3].[Fe+3].[S-2].[S-2].[S-2],160957
DDGLFRJITJFPDK-ZZXKWVIFSA-N,COc1cc(C2Oc3c(OC)cc(/C=C/C(=O)O)cc3C2COS(=O)(=O)O)ccc1O,121232656
BFPSDSIWYFKGBC-UHFFFAOYSA-N,COc1ccc(C(Cl)=C(c2ccc(OC)cc2)c2ccc(OC)cc2)cc1,11289
GHUJOXJDUAROKJ-UHFFFAOYSA-N,CC1C(C=O)=CNC=C1C=O,12502198
HYJDXCFUJGDGSV-NGVJXJJJSA-N,CO[C@@H]1O[C@H](CO)[C@H](O)[C@H](O[C@@H]2O[C@H](C(=O)O)[C@@H](O)[C@H](OS(=O)(=O)O)[C@H]2O)[C@H]1O,129011042
XLNZEKHULJKQBA-UHFFFAOYSA-N,CCOP(=S)(OCC)SCSC(C)(C)C,25670
FQCPPVRJPILDIK-UHFFFAOYSA-N,O=Nc1c(-c2c(O)[nH]c3ccccc23)[nH]c2ccccc12,3707
JDOZJEUDSLGTLU-VWUMJDOOSA-L,C[C@]12C=CC(=O)C=C1CC[C@@H]1[C@@H]2[C@@H](O)C[C@@]2(C)[C@H]1CC[C@]2(O)C(=O)COP(=O)([O-])[O-],40473195
DYAIAHUQIPBDIP-AXAPSJFSSA-N,O=C(O)C1=C(CSc2nnnn2CS(=O)(=O)O)CS[C@@H]2[C@H](NC(=O)[C@H](O)c3ccccc3)C(=O)N12,43594
FEPBITJSIHRMRT-UHFFFAOYSA-N,O=S(=O)(O)c1ccc(O)cc1,4765
WHBMMWSBFZVSSR-GSVOUGTGSA-N,C[C@@H](O)CC(=O)O,92135
FJZZPCZKBUKGGU-AUSIDOKSSA-N,CCCCCCCC(=O)N[C@H](CN1CCCC1)[C@H](O)c1ccc2c(c1)OCCO2,23652731
NPUKDXXFDDZOKR-LLVKDONJSA-N,CCOC(=O)c1cncn1[C@H](C)c1ccccc1,667484
GUBGYTABKSRVRQ-NIUKIHERSA-N,OC[C@H]1O[C@@H](O[C@@H]2[C@H](O)[C@@H](O)C(O)O[C@@H]2CO)[C@H](O)[C@@H](O)[C@@H]1O,91861230
JOOXCMJARBKPKM-UHFFFAOYSA-N,CC(=O)CCC(=O)O,11579
SAKQICHVWOJSNI-ABTNKUQXSA-M,CCCCC/C=C\[C@H](O)/C=C\C/C=C\C/C=C\CCCC(=O)[O-],126456501
RDIKFPRVLJLMER-BQBZGAKWSA-N,CC(C)C[C@H](NC(=O)[C@H](C)[NH3+])C(=O)[O-],6992128
REYFJDPCWQRWAA-UHFFFAOYSA-N,c1ccc(CN(CC2=NCCN2)c2ccccc2)cc1,2200
MYWAIWDQTCHPTH-USCJBPCASA-M,CC(C)=CCC[C@@H](C)[C@H]1CC[C@H]2C3=C(CC[C@]12C)[C@@]1(C)CC[C@H](O)[C@](C)(C(=O)[O-])[C@@H]1CC3,135397984
VVHOUVWJCQOYGG-UHFFFAOYSA-N,NC(N)=NC(CC(=O)O)C(=O)O,97856
DYUSFBWNOCHOFP-RBSFLKMASA-N,C=C1CC[C@]2([C@H](C)CCC=C(C)C)C[C@H]12,90659096
BLAYIQLVUNIICD-UHFFFAOYSA-N,Clc1cc(Cl)c(Cl)c(-c2ccccc2)c1Cl,36402
ZZAJQOPSWWVMBI-UHFFFAOYSA-N,COc1ccc(-c2coc3cc(O)ccc3c2=O)cc1O,5280448
DBWQSCSXHFNTMO-QJVNBQAESA-M,CCCCC/C=C\C/C=C\C[C@@H]1O[C@@H]1C/C=C\CCCC(=O)[O-],40490661
MSLYURLMFHGOET-OLBAJUCDSA-N,CC/C=C\C[C@H](O)C/C=C1/C(=O)C=C[C@@H]1C/C=C\CCCC(=O)O,71497989
NADRVFUNXRGAII-UHFFFAOYSA-N,CS(=O)c1cc(O)cc(CO)c1O,70678768
GJJVAFUKOBZPCB-HQLRYZJNSA-N,CC(C)=CCC/C(C)=C/CC/C(C)=C/CC[C@]1(C)CCc2cc(O)ccc2O1,6857436
QBYUNVOYXHFVKC-GBURMNQMSA-N,C[C@H](CCC(=O)NCCS(=O)(=O)O)[C@H]1CC[C@H]2[C@@H]3CC[C@@H]4C[C@H](O)CC[C@]4(C)[C@H]3CC[C@]12C,439763
KDSNLYIMUZNERS-UHFFFAOYSA-O,CC(C)C[NH3+],7311734
SMPZPKRDRQOOHT-UHFFFAOYSA-N,COc1cc2c(c3c1c(=O)c1ccccc1n3C)C=CC(C)(C)O2,345512
SPOLSUBPKBTDTA-UHFFFAOYSA-N,O=C1OOC1(Cc1ccccc1)Nc1ncc(-c2ccc(O)cc2)nc1Cc1ccccc1,135886636
HEAIZQNMNCHNFD-UHFFFAOYSA-N,COc1ccc2c(OCc3nnc4ccc(-c5ccccc5)nn34)ccnc2c1,24864821
MJBWDEQAUQTVKK-IAGOWNOFSA-N,COc1cc2c(c3oc(=O)c4c(c13)CCC4=O)[C@]1(O)C=CO[C@@H]1O2,15558498
ADVPTQAUNPRNPO-REOHCLBHSA-M,[NH3+][C@@H](CS(=O)[O-])C(=O)[O-],1549097
MZZBPDKVEFVLFF-UHFFFAOYSA-N,CCNc1nc(Cl)nc(NC(C)(C)C#N)n1,30773
VJNOAOVMGNCSPJ-ZCTPSQTASA-N,CC1=CC[C@H]([C@@H](C)[C@H]2CC[C@@]3(C)C4=C(C=C5C=CC(=O)OC(C)(C)[C@@H]5CC4)CC[C@]23C)OC1=O,44560613
HLHYXXBCQOUTGK-FHCQLJOMSA-M,CC/C=C\C/C=C\C[C@H](O)\C=C/C=C/C=C/[C@H](O)C/C=C\CCC(=O)[O-],129626649
YEGAKLYOVHUQIJ-WHFBIAKZSA-N,CC[C@H](C)[C@H](NO)C(=O)O,49852348
ZFELGQUOUOELBZ-YHDXIDRWSA-N,C=CC1=CC(=O)[C@@H]2[C@H](CC[C@@H]3C(C)(C)[C@H](O)[C@H](O)C[C@@]23C)[C@@H]1C,71296154
RJHPSMAZNAJFHT-YUDKCSBMSA-N,C/C(=C\C(=O)OCCCCCCCC(=O)O)C[C@@H]1OC[C@H](C/C=C/[C@@H](C)[C@H](C)O)[C@@H](O)[C@H]1O,137333868
RFFOTVCVTJUTAD-UHFFFAOYSA-N,CC(C)C12CCC(C)(CC1)O2,10106
LKXNAKDFSOSTRX-UHFFFAOYSA-N,CC[c-]1[cH-][cH-][cH-][cH-]1.[Fe].c1cc[cH-]c1,11986721
KMPQYAYAQWNLME-UHFFFAOYSA-N,CCCCCCCCCCC=O,8186
DCOPUUMXTXDBNB-UHFFFAOYSA-N,O=C(O)Cc1ccccc1Nc1c(Cl)cccc1Cl,3033
RUDATBOHQWOJDD-BSWAIDMHSA-N,C[C@H](CCC(=O)O)[C@H]1CC[C@H]2[C@@H]3[C@H](O)C[C@@H]4C[C@H](O)CC[C@]4(C)[C@H]3CC[C@]12C,10133
YMXHTKKMLXGXDC-UHFFFAOYSA-N,C=C(O)CC(=O)O,10462221
BQVUABVGYYSDCJ-ZFWWWQNUSA-N,CC(C)C[C@H](N)C(=O)N[C@@H](Cc1c[nH]c2ccccc12)C(=O)O,6992319
JVPIPRZCKOLWKU-BGMSHATGSA-N,C=C(C)CC(NC(=O)[C@H](CO)NC(=O)CCC)C(=O)C1(CO)CO1,9798121
KKAHGSQLSTUDAV-UHFFFAOYSA-N,C#CCC(=O)O,137547
VCTBNHVCBSUQPG-YOUNRWHRSA-N,OC[C@H]1O[C@@H](O[C@@H]2CO[C@@H](O)[C@H](O)[C@H]2O)[C@H](O)[C@@H](O)[C@H]1O,53481024
OMAJIMAYOJBLJF-UHFFFAOYSA-M,O=C([O-])CCC(=O)c1ccc(=O)[nH]c1,23657951
ANMCUTJZONROBG-LSCFUAHRSA-N,CNc1ccccc1C(=O)O[C@H]1[C@@H](O)[C@H](n2cnc3c(N)ncnc32)O[C@@H]1COP(=O)(O)OP(=O)(O)O,2826726
KIWLCEXSSGNBJU-UHFFFAOYSA-N,CCCCCCCCCCCCCCCCCCCCCCCC(=O)OCC(O)CO,14542801
SPVZAYWHHVLPBN-HYXAFXHYSA-N,CC1(C)C(/C=C(\Cl)C(F)(F)F)C1C(=O)O,6440522
DYNZICQDCVYXFW-GIPYJWDTSA-N,CS(=O)(=O)O.NC1[C@H]2CN(c3nc4c(cc3F)c(=O)c(C(=O)O)cn4-c3ccc(F)cc3F)C[C@@H]12,62960
NBAOBNBFGNQAEJ-UHFFFAOYSA-M,CCOC(=O)c1ccccc1-c1c2ccc(=[N+](C)C)cc-2oc2cc(N(C)C)ccc12.[O-][Cl+3]([O-])([O-])[O-],2762682
DJSISFGPUUYILV-ZFORQUDYSA-N,O=C(O)[C@H]1O[C@@H](Oc2cc3oc(-c4ccc(O)cc4)cc(=O)c3c(O)c2O)[C@H](O)[C@@H](O)[C@@H]1O,185617
MHRXJYCBHPYIQC-XDCNHFSSSA-N,C[C@]1(CCO[C@H]2O[C@H](CO)[C@@H](O)[C@H](O)[C@@H]2O)CC[C@H]2C(=CC[C@@H]3[C@]2(C)CCC[C@]3(C)C(=O)O)C1,44191464
IZICQJAGBLBAMJ-QDYRYYKCSA-N,COc1oc([C@H]2C/C(=C/C(C)=C/C(C)=C/C(C)=C/c3ccc([N+](=O)[O-])cc3)CO2)c(C)c(=O)c1C,10096575
GTFMAONWNTUZEW-UHFFFAOYSA-M,NC(=O)CCCC(=O)[O-],11966291
GGGVOOMKPJYWDF-UHFFFAOYSA-N,Cc1c([N+](=O)[O-])cc([N+](=O)[O-])c(C)c1[N+](=O)[O-],69442
ZEXXEODAXHSRDJ-UHFFFAOYSA-N,CS(=O)(=O)Oc1cccc(Cl)c1C1CC(c2csc(C3CCN(C(=O)Cn4nc(C(F)F)cc4C(F)F)CC3)n2)=NO1,90169437
TYXGLUBBUSNWRI-CAOSSQGBSA-O,O=C1CCC2=C[C@@H]1[C@H]1C=C(CCC1=O)C[C@H]1CN[C@H](C[NH2+]1)C2,145944448
RYFZBPVMVYTEKZ-KBPBESRZSA-N,O=C1N[C@@H](Cc2c[nH]c3ccccc23)C(=O)N2CCC[C@@H]12,181567
YBADLXQNJCMBKR-UHFFFAOYSA-M,O=C([O-])Cc1ccc([N+](=O)[O-])cc1,6931101
ZPAJZAMPZXISSE-SIPVSCHGSA-M,CC[C@@H](O)/C=C/C=C\C\C=C/C=C/C=C/[C@@H]1O[C@H]1CCCC(=O)[O-],121225530
BONORRGKLJBGRV-UHFFFAOYSA-N,CN(C)CCN(Cc1cccs1)c1ccccn1.Cl,8667
FBUXYCJTSXXWBJ-VOTSOKGWSA-N,CCO/C=C1/N=C(c2ccco2)OC1=O,3036175
UQBKARYLDQRSJF-MHXRFSLHSA-N,OC[C@@H](O)/C=C/[C@H]1C=CC[C@@H]2O[C@@H]3CCCO[C@H]3[C@H](O)[C@H]2O1,21673011
SXHMVNXROAUURW-FTYOSCRSSA-N,O=P1(O)O[C@@H]2[C@H](O)[C@@H](O)[C@H](O)[C@@H](O)[C@@H]2O1,122331
PLDCIRZIXZQVGV-UHFFFAOYSA-N,Cc1c(CCC(C)C)oc2cc(C(=O)O)ccc12,53468691
IWKXKWUCSZHJEK-UHFFFAOYSA-N,C=C1CCC(C(C)(C)OC(C)=O)CC1,91691738
MGVFDWIGIYHFIO-CKQYGLACSA-N,C=C1CC[C@H]2C(C)(C)C(=O)CC[C@]2(C)[C@H]1CCC1=C(C)[C@H](O)C[C@H]2C(C)(C)C(=O)CC[C@]12C,53355686
OTXNTMVVOOBZCV-WAZJVIJMSA-N,CC(C)=CCC/C(C)=C/CC/C(C)=C/CC[C@]1(C)CCc2cc(O)c(C)c(C)c2O1,5282349
XXKHCFPQYSMGCI-UHFFFAOYSA-M,CCCCCCCCCCCCCCCCCC(O)CC(=O)[O-],21998475
AJFKXWQDHFYKFK-UPHRSURJSA-N,NC(=O)N/C=C\C(=O)OO,46173244
LMVPQMGRYSRMIW-KRWDZBQOSA-N,CSC1=N[C@@](C)(c2ccccc2)C(=O)N1Nc1ccccc1,10403199
CPLYLXYEVLGWFJ-UHFFFAOYSA-N,CCCCCCCCCCCCCCCCCCC(O)C(=O)O,5225199
JUETYCJINGVUAJ-UHFFFAOYSA-N,C=CCOC(=O)C(=O)OCCCCCCCCCCCCCCCCCC,6420237
AFVLVVWMAFSXCK-VMPITWQZSA-N,N#C/C(=C\c1ccc(O)cc1)C(=O)O,5328791
CLUJFRCEPFNVHW-UHFFFAOYSA-N,O=C(O)C(O)c1ccc2c(c1)OCO2,119618
FBCIXVYKFFJYFT-WDSKDSINSA-N,NC(=O)CNC(=O)[C@H](CS)NC(=O)CC[C@H](N)C(=O)O,448816
SERBHKJMVBATSJ-BZSNNMDCSA-N,O=C(N[C@H]1COC(=O)[C@@H](NC(=O)c2cccc(O)c2O)COC(=O)[C@@H](NC(=O)c2cccc(O)c2O)COC1=O)c1cccc(O)c1O,34231
LBSANEJBGMCTBH-UHFFFAOYSA-N,[O]=[Mn](=[O])([O-])[O-],160932
IQBGVZDRJBTLDN-BDAKNGLRSA-M,CC(C)[C@@H](O)CC[C@@H](C)CC(=O)[O-],56927950
XEEDURHPFVXALT-UHFFFAOYSA-N,O=C1NC(=O)C(c2ccccc2)(c2ccc(O)cc2)N1,17732
UKSPRKDZNYSFRL-ZRRDLDSMSA-N,O=C1c2c(O)cc(O)cc2O[C@H](c2ccc(O)c(O)c2)[C@H]1O[C@@H]1OC[C@H](O)[C@H](O)[C@H]1O,72551436
SHGAZHPCJJPHSC-YCNIQYBTSA-M,CC1=C(/C=C/C(C)=C/C=C/C(C)=C/C(=O)[O-])C(C)(C)CCC1,6419707
HILAYQUKKYWPJW-UHFFFAOYSA-O,CCCCCCCCCCCC[NH+]=C(N)N,21441734
OXJISOJFVQITNG-UHFFFAOYSA-M,C[N+](C)(C)CCO.O=C([O-])COc1ccc(Cl)cc1Cl,71714410
QJPWUUJVYOJNMH-UHFFFAOYSA-O,[NH3+]C1CCOC1=O,3973230
CVQUWLDCFXOXEN-UHFFFAOYSA-N,O=c1ccocc1,7968
YUIKUTLBPMDDNQ-MRVPVSSYSA-N,C[C@@H](Oc1ccc(Oc2ncc(Cl)cc2F)cc1)C(=O)O,5483847
HXMYXBDOFWDFBU-CLFYSBASSA-N,C[N+](C)(C)CC(CC(=O)[O-])OC(=O)CCC/C=C\CCCCCCCC(=O)O,71464551
FBTSQILOGYXGMD-LURJTMIESA-N,N[C@@H](Cc1ccc(O)c([N+](=O)[O-])c1)C(=O)O,65124
KVNPSKDDJARYKK-SNVBAGLBSA-N,COc1ccc2[nH]cc(C[C@@H]([NH3+])C(=O)[O-])c2c1,6921546
UKDJCWUSWYBRDM-UHFFFAOYSA-N,CSCCCCCC(N)C(=O)O,22266650
FQUSLEQFAZWKIA-MSJBJCGKSA-N,C[C@]1(CCO)CC[C@H]2C(=CC[C@@H]3[C@]2(C)CCC[C@]3(C)C(=O)O)C1,72715760
WRHGORWNJGOVQY-RBSFLKMASA-N,C=C1CC[C@H](C(C)C)[C@H]2C=C(C)CC[C@H]12,92313
AHCYMLUZIRLXAA-SHYZEUOFSA-K,O=c1ccn([C@H]2C[C@H](O)[C@@H](COP(=O)([O-])OP(=O)([O-])OP(=O)([O-])O)O2)c(=O)[nH]1,49852308
AFSHUZFNMVJNKX-LLWMBOQKSA-N,CCCCCCCC/C=C\CCCCCCCC(=O)OC[C@H](CO)OC(=O)CCCCCCC/C=C\CCCCCCCC,9543716
VBMIRSPJYVMQOI-YFKPBYRVSA-N,CN[C@@H](Cc1c(S)ncn1C)C(=O)O,86289936
YQHBJMHUMJXFDN-KKSFZXQISA-N,COc1c(C(C)C)cc(O)c2c1CC[C@H]1C3=C(CC[C@]21C)C(=O)OC3,133766
KTHDTJVBEPMMGL-VKHMYHEASA-N,CC(=O)N[C@@H](C)C(=O)O,88064
CTAPFRYPJLPFDF-UHFFFAOYSA-N,c1cnoc1,9254
ADVRBBXWUTVFNX-AARKOHAPSA-N,CCCCCCCCCCCCCCCCCC(=O)OC[C@@H](O)COP(=O)(O)OC[C@H](NC(=O)CCCCCCCCCCCCCCC)C(=O)O,131708359
SQTAVUCHOVVOFD-GAMFLDECSA-N,CC(CCC[C@@H](C)[C@H]1CC[C@H]2C3=CC[C@H]4CC(=O)CC[C@]4(C)[C@H]3CC[C@]12C)C(=O)O,86289629
LXANPKRCLVQAOG-NSHDSACASA-N,O=C1NC(=O)[C@@]2(CCOc3ccc(F)cc32)N1,337359
LQGUBLBATBMXHT-UHFFFAOYSA-N,Cc1cc(O)c2c(c1)C(=O)c1cccc(O)c1C2=O,10208
PIUSLWSYOYFRFR-BQBZGAKWSA-N,N[C@@H](CCC(=O)N[C@@H](CSCO)C(=O)NCC(=O)O)C(=O)O,447123
ZRTZYMMYLZPKEQ-GLQCRSEXSA-N,CCCCCCCCCCCCC/C=C/[C@@H](O)[C@H](COP(=O)(O)O)NC(=O)CCCCCCCCCCCCCCCCCCCCC,5283585
PAZZVPKITDJCPV-QGZVFWFLSA-N,CCCCCCCC[C@@H](O)CCCCCCCCC(=O)O,12520
YFHFHLSMISYUAQ-UHFFFAOYSA-N,CCC(C)CCCC(C)CCCC(C)C,19773
DQRGQQAJYRBDRP-UNBCGXALSA-N,CC/C=C\C[C@H](O)/C=C/C1=C(C/C=C\CCCC(=O)O)C(=O)CC1,5283113
KNRCBASNXNXUQQ-UHFFFAOYSA-N,O=C(O)CCCCCCCCCCO,77237
NJDYXCXZPKNDPR-ABMRICDRSA-N,CC(/C=C/C=C(C)/C=C/C=C(C)/C=C/CC(C)(C)O)=C\C=C\C=C(C)\C=C\C=C(C)\C=C\C=C(/C)CCCC(C)(C)O,16061287
UTIBHEBNILDQKX-LQOKPSQISA-M,CC(C)=CCC/C(C)=C/CC/C(C)=C/CC/C(C)=C/CC/C(C)=C/CC/C(C)=C/CC/C(C)=C/CC/C(C)=C/Cc1cc(C(=O)O)ccc1[O-],54685638
BUEBVQCTEJTADB-GUMNDFGZSA-N,OC[C@H]1OC(O)[C@@H](O[C@@H]2OC[C@@H](O)[C@@H](O)[C@@H]2O)[C@@H](O)[C@@H]1O,91854991
QTWKPFXARCNFRK-AMBDWCSGSA-N,C[C@@H]1O[C@@H](OCCCCCCCCCCCCCCCCCCCCC(=O)O)[C@H](O)C[C@H]1O,86289798
DLGJWSVWTWEWBJ-ZTVLJYEESA-M,CC(=O)N[C@H]1C(O)O[C@H](CO)[C@H](O)[C@@H]1O[C@@H]1OC(C(=O)[O-])=C[C@H](O)[C@H]1O,46878429
UWKQSNNFCGGAFS-XIFFEERXSA-N,CCc1c2c(nc3ccc(OC(=O)N4CCC(N5CCCCC5)CC4)cc13)-c1cc3c(c(=O)n1C2)COC(=O)[C@]3(O)CC,60838
QIVBCDIJIAJPQS-SECBINFHSA-O,[NH3+][C@H](Cc1c[nH]c2ccccc12)C(=O)O,5460846
ZAGWHOPYPMUKOK-FRICUITQSA-N,COc1cc(O)cc(C/C=C(\C)CC/C=C(\C)CC/C=C(\C)CC/C=C(\C)CC/C=C(\C)CCC=C(C)C)c1O,25244288
RBNPOMFGQQGHHO-REOHCLBHSA-N,O=C(O)[C@@H](O)CO,6326776
DUGOZIWVEXMGBE-UHFFFAOYSA-N,COC(=O)C(c1ccccc1)C1CCCCN1,4158
NMVCBWZLCXANER-UHFFFAOYSA-N,COc1cc(C)c(C(=O)c2c(OC)ncc(Cl)c2C)c(OC)c1OC,23082663
KCAJXIDMCNPGHZ-UHFFFAOYSA-N,CNC(=O)c1ccc(C)c(-n2c(C)cc(OCc3ccc(F)cc3F)c(Br)c2=O)c1,22049997
ICFXZZFWRWNZMA-UHFFFAOYSA-N,CC[NH+](CC)C(C)C(=O)c1ccccc1.[Cl-],46873833
VBKPPDYGFUZOAJ-UHFFFAOYSA-M,O=CCCCC(=O)[O-],9548601
HMLMESHNDWTNJR-ASUORMEESA-N,CCCCCCCC/C=C\CCCCCCCC(=O)OC[C@H](CO)OC(=O)CCCCCCCCCCCCC,53478086
WRSKPFYPBJAAEG-FMIVXFBMSA-N,CCCCCCC/C=C/C(=O)N(O)CCCNC(=O)CC(O)(CC(=O)NCCCN(O)C(C)=O)C(=O)O,71581041
JHEDABDMLBOYRG-YGBYUOMUSA-N,C[C@H]1O[C@H](OP(=O)(O)OP(=O)(O)OC[C@H]2O[C@@H](n3ccc(N)nc3=O)[C@H](O)[C@@H]2O)[C@H](O)C[C@H]1O,439572
CXTATJFJDMJMIY-ZDUSSCGKSA-N,CCCCCCCC(=O)O[C@@H](CC(=O)[O-])C[N+](C)(C)C,439824
SGNBVLSWZMBQTH-PODYLUTMSA-N,CC(C)[C@H](C)CC[C@@H](C)[C@H]1CC[C@H]2[C@@H]3CC=C4C[C@@H](O)CC[C@]4(C)[C@H]3CC[C@]12C,173183
IWUCXVSUMQZMFG-AFCXAGJDSA-N,NC(=O)c1ncn([C@@H]2O[C@H](CO)[C@@H](O)[C@H]2O)n1,37542
DTFAJAKTSMLKAT-KFJBKXNJSA-P,[NH3+][C@@H]1C[C@H]([NH3+])[C@@H](O)C(O)[C@H]1O,448760
WCYJTJKZLBVNOQ-UHFFFAOYSA-N,O=C(S)c1ccnc(C(=O)S)n1,138756151
NMDKZMIQHHSAFC-UHFFFAOYSA-N,O=c1[nH]c(Cl)c(O)cc1Cl,137700802
OVRNDRQMDRJTHS-FMDGEEDCSA-N,CC(=O)N[C@@H]1[C@@H](O)[C@H](O)[C@@H](CO)O[C@H]1O,24139
FLVBXVXXXMLMOX-UHFFFAOYSA-N,CCCOc1nc2ccc(I)cc2c(=O)n1CCC,11057771
ILJSQTXMGCGYMG-UHFFFAOYSA-M,CC(=O)CC(=O)CC(=O)[O-],20397298
LQJBPXWAODRRSI-NRLVBLIQSA-N,O=C(O)[C@H]1OC(O)[C@H](O[C@@H]2OC[C@@H](O)[C@H](O)[C@H]2O)[C@@H](O)[C@@H]1O,91862198
HPXRVTGHNJAIIH-UHFFFAOYSA-N,OC1CCCCC1,7966
GTTVJFCVXYCPHB-UHFFFAOYSA-N,O=C(O)C1CSC(c2c[nH]c3ccccc23)=N1,17756752
TVKAUFJQMRSZFH-UHFFFAOYSA-N,Oc1cc2c(cc1O)C1Cc3ccc(O)c(O)c3CN1CC2,443767
SQSYNRCXIZHKAI-UHFFFAOYSA-N,O=C(O)c1cc(Cl)nc(Cl)c1,94830
NWCZIQDBEQKZSD-JOCHJYFZSA-N,CCCCCCCCCCCCCCCCCCCC(=O)OC[C@@H](O)COP(=O)(O)O,52929752
ZSTKHSQDNIGFLM-UHFFFAOYSA-N,COc1ccc2[nH]cc(CCN(C)C)c2c1,1832
FGJIDQWRRLDGDB-CPIXEKRISA-N,CC1=C(CC/C(C)=C/CCC2=CC[C@H](C3=CC(=O)O[C@H]3O)O[C@H]2O)C(C)(C)CCC1,6437368
LEVWYRKDKASIDU-IMJSIDKUSA-L,N[C@@H](CSSC[C@H](N)C(=O)[O-])C(=O)[O-],56927735
VYRAJOITMBSQSE-SBQJELAYSA-N,C/C(=C/CNc1ncnc2c1ncn2[C@H]1O[C@H](CO)[C@@H](O)[C@H](O)[C@H]1O)CO,25244554
DJPZSBANTAQNFN-PXQJOHHUSA-N,CC(=O)O[C@H]1CC[C@H]2[C@@H]3CCC4=CC(=O)CC[C@]4(C)[C@H]3CC[C@]12C,92145
JKMHFZQWWAIEOD-UHFFFAOYSA-N,O=S(=O)(O)CCN1CCN(CCO)CC1,23831
IYOZTVGMEWJPKR-VOMCLLRMSA-N,C[C@@H](N)C1CCC(C(=O)Nc2ccncc2)CC1,448042
RNFNDJAIBTYOQL-UHFFFAOYSA-N,OC(O)C(Cl)(Cl)Cl,2707
VZPAJODTZAAANV-QXFUBDJGSA-N,CC1(C)[C@H]2CC[C@]1(C)[C@H](OP(=O)(O)OP(=O)(O)O)C2,56927828
LLBOCCQTDNAVSD-LFVSMIGWSA-N,CCCCCCCCCCCCCCCCCCCC(=O)N[C@@H](COP(=O)([O-])OCC[N+](C)(C)C)[C@H](O)[C@H](O)CCCCCCCCCCC(C)C,70679205
GCZRCCHPLVMMJE-WXMXURGXSA-N,CCCCC/C=C\C=C\[C@H](O)C/C=C\C/C=C\CCCC(=O)O,5283168
QDLAGTHXVHQKRE-UHFFFAOYSA-N,COc1cc(C)c2c(=O)c3c(O)cc(OC)cc3oc2c1,5358904
LOGQGKJLNOCUQM-XDFFKFLRSA-N,C[C@H](CCC(=O)O)[C@H]1CC[C@H]2[C@@H]3[C@@H](O)C[C@@H]4CC(=O)CC[C@]4(C)[C@H]3CC(=O)[C@]12C,5283960
LKDRXBCSQODPBY-VRPWFDPXSA-N,OCC1(O)OC[C@@H](O)[C@@H](O)[C@@H]1O,2723872
IKLLJLKSBDTNCU-DSKXTJLJSA-N,CC(C)CCCCCCCCC/C=C/[C@@H](O)[C@@H](N)COP(=O)([O-])OCC[N+](C)(C)C,70679040
CPTWPKCLDUXOKW-RBQYXHKQSA-M,O=CCCCC/C=C\CC(=O)/C=C/C=C/C=C\[C@@H](O)CCCC(=O)[O-],122164847
BPEGJWRSRHCHSN-UHFFFAOYSA-N,Cn1nnc2c(C(N)=O)ncn2c1=O,5394
IAIHUHQCLTYTSF-MRTMQBJTSA-N,CC1(C)[C@@H]2CC[C@@](C)(C2)[C@@H]1O,439711
QZULXZYUVCCXJM-UHFFFAOYSA-K,CCCCCCC(CCCCCCCCCCC(=O)[O-])OP(=O)([O-])[O-],91666446
QYIXCDOBOSTCEI-QCYZZNICSA-N,CC(C)CCC[C@@H](C)[C@H]1CC[C@H]2[C@@H]3CC[C@H]4C[C@@H](O)CC[C@]4(C)[C@H]3CC[C@]12C,6665
PVTHJAPFENJVNC-UQTMRZPGSA-N,C[C@H]1O[C@H](OC2[C@@H](O)[C@@H](O)C(O)[C@H](O)[C@H]2O)[C@@H](N)C[C@@H]1N=C(N)C(=O)O,65174
SVTCZHIDEDUTBH-UHFFFAOYSA-N,COc1cc(O)c(CC=C(C)C)c(O)c1C(=O)CCc1ccc(O)cc1,10450920
IXVSXZQERGYQTA-UHFFFAOYSA-M,O=C(O)C(=O)c1cc([O-])cc(O)c1,54690921
GDUNLMLXJUYQIN-ZUMVMERMSA-N,CC(C=O)C(O)CC[C@@H](C)[C@H]1CC[C@H]2[C@@H]3[C@H](O)C[C@@H]4C[C@H](O)CC[C@]4(C)[C@H]3CC[C@]12C,24755585
SRRQPVVYXBTRQK-XMMPIXPASA-N,CCCCCCCCCCCCCCCCC(=O)OC[C@@H](O)COP(=O)([O-])OCC[N+](C)(C)C,24779463
XHHOHZPNYFQJKL-UHFFFAOYSA-N,NC(CCC(=O)NC(Cc1ccccc1)C(=O)O)C(=O)O,558649
HXWNNBZXZUGKQO-UHFFFAOYSA-N,[O-][I+]([O-])([O-])(O)(O)O,6857578
MGIFJPVLDQAGPZ-ROBDCESFSA-N,CC/C=C\C/C=C\C/C=C\C/C=C\CCCCC(=O)O[C@H](COC(=O)CCCCCCCCCCCCCCCCC)COP(=O)([O-])OCC[N+](C)(C)C,24778833
NWWFZBYHUXCUDI-UHFFFAOYSA-M,CCNc1cc2oc3cc(=[NH+]CC)c(C)cc-3c(-c3ccc(S(=O)(=O)[O-])cc3S(=O)(=O)[O-])c2cc1C.[Na+],65196
SWGKAHCIOQPKFW-BOCAPUTCSA-N,O=C(/C=C/c1ccc(O)c(O)c1)O[C@H](C(=O)O)[C@@H](O)C(=O)O,13887348
HRHBRUPGUDLQIF-UHFFFAOYSA-N,CC=Cc1ccc(OS(=O)(=O)O)c(OC)c1,122198202
VZPAJODTZAAANV-WEDXCCLWSA-N,CC1(C)[C@@H]2CC[C@@]1(C)[C@@H](OP(=O)(O)OP(=O)(O)O)C2,194197
FPRPRBFSKMFXRV-JWVNNVTNSA-M,CCCCCC(=O)CC\C=C/C=C/C=C/[C@@H](O)[C@@H](O)CCCC(=O)[O-],86289523
XWROTTLWMHCFEC-UHFFFAOYSA-N,O=C(O)CSc1cc(N=c2sc(=O)n3n2CCCC3)c(F)cc1Cl,18772468
ODIMKKAAMGFUTD-FVKUMAIZSA-M,CCCCCCCC/C=C\CCCCCCCC(=O)OC[C@H](COP(=O)([O-])OCCNC(=O)CCCCCCCCCCCCC)OC(=O)CCCCCCC/C=C\CCCCCCCC,91666429
ODBLHEXUDAPZAU-FONMRSAGSA-K,O=C([O-])C[C@@H](C(=O)[O-])[C@H](O)C(=O)[O-],5461053
KWYHDKDOAIKMQN-UHFFFAOYSA-N,CN(C)CCN(C)C,8037
PUXBGTOOZJQSKH-UHFFFAOYSA-N,CC(C(=O)O)c1ccc2c(c1)[nH]c1ccc(Cl)cc12,2581
OLSDAJRAVOVKLG-UHFFFAOYSA-N,O=C(O)C(O)c1cccc(O)c1,86957
QTJGZHBCXHRMIV-TWBCTODHSA-N,CSCC[C@H](N)C(=O)O[C@H]1[C@@H](O)[C@H](n2cnc3c(N)ncnc32)O[C@@H]1COP(=O)(O)O,118797932
FJGXDMQHNYEUHI-LIQXALPGSA-N,CC(=O)N[C@H]1[C@@H](O[C@H]2[C@H](O)[C@@H](CO)OC(O)[C@@H]2NC(C)=O)O[C@H](CO)[C@@H](O)[C@@H]1O,91848494
AGBQKNBQESQNJD-ZETCQYMHSA-N,O=C(O)CCCC[C@H]1CCSS1,445125
JZTCDGMXXSOZRP-TXICZTDVSA-L,[NH3+][C@@H](C(=O)[O-])[C@@H](O)[C@H](O)[C@H](O)COP(=O)([O-])[O-],71728451
UUOJIACWOAYWEZ-UHFFFAOYSA-N,Cc1cc2c(OCC(CNC(C)(C)C)OC(=O)c3ccccc3)cccc2[nH]1,44112
UDJVKSCOEHSXBZ-UHFFFAOYSA-N,CC12CC(=O)C(CC(=O)O1)C2(C)C,439864
GMSNIKWWOQHZGF-UHFFFAOYSA-N,Cn1c(=O)[nH]c(=O)c2[nH]cnc21,70639
FFTVPQUHLQBXQZ-KVUCHLLUSA-N,CN(C)c1ccc(O)c2c1C[C@H]1C[C@H]3[C@H]([NH+](C)C)C(=O)C(C(N)=O)=C([O-])[C@@]3(O)C(=O)C1=C2O,51537604
LBIYNOAMNIKVKF-FPLPWBNLSA-N,CCCCCC/C=C\CCCCCCCCO,5367661
KPWFDZXSCIFGNO-UHFFFAOYSA-N,O=C(O)Cc1cc(I)c(O)c([N+](=O)[O-])c1,17553
NUUZKOFSZIWYSC-UHFFFAOYSA-M,CCc1c(C(=O)[O-])c(=O)cnn1-c1ccc(Cl)cc1.[K+],23681559
OBTVXWQPGMKACK-UHFFFAOYSA-O,NC(=[NH2+])c1c[nH]c2nc(N)[nH]c(=O)c12,136165271
SPJAGILXQBHHSZ-UHFFFAOYSA-N,O=c1[nH]c(=O)n(COCCO)cc1Cc1ccccc1,54929
CRESRYICDIWDAA-WAKCMLBPSA-M,CCCCC/C=C\C/C=C\CCCCCCCC(=O)O[C@H](COC(=O)CCCCCCCCCCCCCCC)COP(=O)([O-])OCCNC(=O)CCCCCCCCC,91666431
PMOOGLRNGWRADJ-GFULKKFKSA-O,COc1cc(/C=C/C(=O)NCCCC[NH2+]CCCNC(=O)/C=C/c2cc(OC)c(O)c(OC)c2)cc(OC)c1O,90659864
GVVPGTZRZFNKDS-JXMROGBWSA-N,CC(C)=CCC/C(C)=C/COP(=O)(O)OP(=O)(O)O,445995
ZCJYUTQZBAIHBS-DEOSSOPVSA-N,Clc1ccc([C@H](Cn2ccnc2)OCc2ccc(Sc3ccccc3)cc2)c(Cl)c1,42013940
JEKNPVYFNMZRJG-STHMYGMFSA-M,CCCC[C@@H](O)/C=C\C/C=C\C/C=C\C/C=C\CCCC(=O)[O-],40469838
IYBOGQYZTIIPNI-UHFFFAOYSA-N,CC1CCCCOC1=O,200238
KVZLHPXEUGJPAH-QNDGGIRCSA-N,C[C@@H](O)C(=O)O.C[C@H](O)C(=O)O,73417092
MXZRMHIULZDAKC-UHFFFAOYSA-L,O=P([O-])([O-])[O-].[Mg+2].[NH4+],178727
ADDQHLREJDZPMT-CQSZACIVSA-N,C[C@@H](Oc1ccc(Oc2nc3ccc(Cl)cc3o2)cc1)C(=O)N(C)c1ccccc1F,11636326
NPGIHFRTRXVWOY-UHFFFAOYSA-N,Cc1ccc(C)c(N=Nc2cc(C)c(N=Nc3c(O)ccc4ccccc34)cc2C)c1,2724054
JANBBPTXDKFOQR-UHFFFAOYSA-O,Nc1ccc(O)cc1C(=O)CC[NH3+],52921618
YUKARLAABCGMCN-PKLMIRHRSA-N,Cc1ccsc1C(=CCCN1CCC[C@@H](C(=O)O)C1)c1sccc1C.Cl,91274
PPDBOQMNKNNODG-NTEUORMPSA-N,CC1(C)CC/C(=C\c2ccc(Cl)cc2)C1(O)Cn1cncn1,6537961
JJZDVFQRUJRRSA-UHFFFAOYSA-N,CC(CCCC(C)C(=O)O)COC(=O)c1ccccc1C(=O)O,121232681
HWAQOZGATRIYQG-UHFFFAOYSA-L,O=C([O-])c1ccc(S(=O)(=O)[O-])cc1,5460678
MTIRIKBRVALRPJ-NTMALXAHSA-N,CC(C)N(CCCN)/[N+]([O-])=N/O,135402057
IXZNKTPIYKDIGG-REOHCLBHSA-N,N[C@@H](CC(=O)OP(=O)(O)O)C(=O)O,152441
MFWNKCLOYSRHCJ-AGUYFDCRSA-N,CN1[C@@H]2CCC[C@H]1CC(NC(=O)c1nn(C)c3ccccc13)C2,5284566
XGILAAMKEQUXLS-SNVBAGLBSA-M,O=C([O-])[C@H](O)Cc1c[nH]c2ccccc12,6920149
GHVNFZFCNZKVNT-UHFFFAOYSA-N,CCCCCCCCCC(=O)O,2969
MLSAQOINCGAULQ-UHFFFAOYSA-N,CN(C)CCOc1ccc(-c2nc(-c3ccc4c(c3)CCC4=NO)c(-c3ccncc3)[nH]2)cc1,135564599
SLXKOJJOQWFEFD-UHFFFAOYSA-N,[NH3+]CCCCCC(=O)[O-],517030
NTQWZXRSBBGWFC-XIOHJVLTSA-N,OC[C@H]1O[C@@H](O[C@@H]2[C@@H](O)[C@@H](O)CO[C@H]2O)[C@H](O)[C@@H](O)[C@@H]1O,91849302
QYOZAXQSDUAPDS-KTKRTIGZSA-N,CCCCCCCC/C=C\CCCCCCCCCCO,5283300
QEEBRPGZBVVINN-BMPKRDENSA-N,C[C@]12CC[C@H](O)C[C@H]1CC[C@@H]1[C@@H]2CC[C@]2(C)[C@@H](c3ccc(=O)oc3)CC[C@]12O,9547215
FJXOGVLKCZQRDN-PHCHRAKRSA-N,C[C@@H]1C[C@H]2[C@H]3[C@H]([C@@H](O)C[C@]2(C)[C@@]1(O)C(=O)CO)[C@@]1(C)C=CC(=O)C=C1C[C@H]3Cl,5311000
CUDVHEFYRIWYQD-UHFFFAOYSA-N,CNC(=O)c1cccc2cc(Oc3ccnc4cc(OCC5(N)CC5)c(OC)cc34)ccc12,25031915
MXNZCIQNSJMZST-UHFFFAOYSA-N,O=C1C(NCCO)=C(N2CC2)C(=O)C(NCCO)=C1N1CC1,124693
PQMUUZGBMZBJSD-UHFFFAOYSA-N,C=CC1=C(C)C(C=c2[nH]c(=Cc3[nH]c(O)c(C)c3CCC(=O)O)c(CCC(=O)O)c2C)=NC1=O,135857569
SXKNCCSPZDCRFD-UHFFFAOYSA-N,C[N+](C)(C)CC=O,249
BUZOGVVQWCXXDP-VPENINKCSA-K,Nc1nc2c([nH]c(=O)n2[C@H]2C[C@H](O)[C@@H](COP(=O)([O-])OP(=O)([O-])OP(=O)([O-])O)O2)c(=O)[nH]1,136093820
ANOICLBSJIMQTA-WXGBOJPQSA-M,CC/C=C\C[C@H](O)/C=C/[C@H]1C(=O)C[C@H](O)[C@@H]1C/C=C\CCCC(=O)[O-],40490611
QCAWEPFNJXQPAN-UHFFFAOYSA-N,COc1cccc(C(=O)NN(C(=O)c2cc(C)cc(C)c2)C(C)(C)C)c1C,105010
OCBGWPJNUZMLCA-NVXWUHKLSA-N,COc1cc([C@H]2Oc3c(OC)cc4ccc(=O)oc4c3O[C@@H]2CO)ccc1O,442510
CWNDERHTHMWBSI-YFKPBYRVSA-N,N[C@H](COP(=O)(O)O)Cc1cnc[nH]1,439398
TWBNMYSKRDRHAT-RCWTXCDDSA-N,CC(C)(C)NC[C@H](O)COc1nsnc1N1CCOCC1.CC(C)(C)NC[C@H](O)COc1nsnc1N1CCOCC1.O,62933
PUVHMWJJTITUGO-IJWFGGTCSA-J,O=P([O-])([O-])O[C@@H]1C(O)[C@H](OP(=O)([O-])[O-])[C@@H](O)C(O)[C@@H]1O,72193703
GSDSWSVVBLHKDQ-UHFFFAOYSA-N,CC1COc2c(N3CCN(C)CC3)c(F)cc3c(=O)c(C(=O)O)cn1c23,4583
XMPXVJIDADUOQB-RCOVLWMOSA-N,CC[C@H](C)[C@H](NC(=O)CNC(=O)C[NH3+])C(=O)[O-],7020345
BPYVWEJRFMGSHH-PSALXKTOSA-N,CCCCCCCCC/C=C/[C@@H](O)[C@H](COP(=O)(O)OCCN)NC(=O)CCCCCCCCCCCCCCCCCCCC,70698991
GKHDMBQTTHCDCR-KAAVJFEYSA-N,CC(=O)N[C@H]1[C@H]([C@H](O)[C@H](O)CO)OC(O[C@H]2[C@@H](O)[C@@H](CO)OC(O)[C@@H]2O)(C(=O)O)C[C@@H]1O,91853646
QPEJHSFTZVMSJH-UHFFFAOYSA-N,Nc1cc(O)cc(C(=O)O)c1,127115
CEIUIHOQDSVZJQ-UHFFFAOYSA-N,CCCCCCCc1[nH]c2ccccc2c(=O)c1O,2763159
JGTNAGYHADQMCM-UHFFFAOYSA-N,O=S(=O)(O)C(F)(F)C(F)(F)C(F)(F)C(F)(F)F,67815
FVNCCTJGBOTWTM-UHFFFAOYSA-N,Cc1cnc2ccc3c(nc(NO)n3C)c2n1,115104
GLEIIPZRQAMQLG-KUBAVDMBSA-M,CC/C=C\C/C=C\C/C=C\C/C=C\C/C=C\C/C=C\CCCCCCC(=O)[O-],86289163
PBUWDBPUDWMXGC-KXUCPTDWSA-P,C[C@H](CC[NH3+])[C@@H]([NH3+])C(=O)NCCCC[C@H]([NH3+])C(=O)[O-],57339221
MEYVLGVRTYSQHI-UHFFFAOYSA-L,O.O.O.O.O.O.O.O=S(=O)([O-])[O-].[Co+2],61444
JMSVCTWVEWCHDZ-UHFFFAOYSA-M,COc1cc(C(=O)O)cc(OC)c1[O-],54694262
VWFWNXQAMGDPGG-UHFFFAOYSA-M,O=C([O-])CCC1NC(=O)NC1=O,4443939
GEWDNTWNSAZUDX-WQMVXFAESA-N,CC/C=C\C[C@H]1C(=O)CC[C@@H]1CC(=O)OC,5281929
AXSMKFJOTFGINI-AWYRNCDDSA-N,C=C1C(=O)O[C@@H]2/C=C(/C)C(=O)/C=C/[C@](C)(O)C[C@@H](OC(=O)/C(C)=C/C)[C@@H]12,11325858
ASABIRFQGVWRDC-LURJTMIESA-N,CC[C@H](C)C(=O)c1c(O)cc(O)cc1O,14412553
GTTVJFCVXYCPHB-SNVBAGLBSA-N,O=C(O)[C@H]1CSC(c2c[nH]c3ccccc23)=N1,17756750
XUYPXLNMDZIRQH-LURJTMIESA-N,CSCC[C@H](NC(C)=O)C(=O)O,448580
OVRNDRQMDRJTHS-ZTVVOAFPSA-N,CC(=O)N[C@@H]1C(O)O[C@H](CO)[C@@H](O)[C@@H]1O,439281
MIJYXULNPSFWEK-GTOFXWBISA-M,CC1(C)CC[C@]2(C(=O)[O-])CC[C@]3(C)C(=CC[C@@H]4[C@@]5(C)CC[C@H](O)C(C)(C)[C@@H]5CC[C@]43C)[C@@H]2C1,11865404
ZJEFYLVGGFISGT-UHFFFAOYSA-L,O=C(O)c1cc(N=Nc2ccc([O-])c(C(=O)O)c2)ccc1[O-].[Na+].[Na+],135413505
WLPCAERCXQSYLQ-UHFFFAOYSA-N,N#Cc1ccccc1NC(=O)c1snc(Cl)c1Cl,9796266
WNMJYKCGWZFFKR-UHFFFAOYSA-N,COc1cc2nc(N(C)CCCNC(=O)C3CCCO3)nc(N)c2cc1OC,2092
YCPXWRQRBFJBPZ-UHFFFAOYSA-N,O=C(O)c1cc(S(=O)(=O)O)ccc1O,7322
GDCCQRYSPGZVPX-DKBOKBLXSA-M,COc1cc(O[C@@H]2O[C@H](C(=O)[O-])[C@@H](O)[C@H](O)[C@H]2O)ccc1NC(C)=O,121596204
KTEIFNKAUNYNJU-UHFFFAOYSA-N,CC(Oc1cc(-c2cnn(C3CCNCC3)c2)cnc1N)c1c(Cl)ccc(F)c1Cl,11597571
LJPSCRDRIZSODI-ZGKBOVNRSA-N,CC(C)=CCC[C@H](C)[C@H]1C[C@H]2OO[C@@H]1C=C2C,70697744
OAGAUECBCOAGOL-OUKOMXQNSA-N,CC/C=C\C/C=C\C[C@@H](/C=C/C=C\C/C=C\C/C=C\CCC(=O)O)OO,53477498
LPYUENQFPVNPHY-UHFFFAOYSA-N,COc1cccc(O)c1O,13622
UHTHHESEBZOYNR-UHFFFAOYSA-N,COc1cc2c(Nc3ccc(Br)cc3F)ncnc2cc1OCC1CCN(C)CC1,3081361
RZRNAYUHWVFMIP-GDCKJWNLSA-N,CCCCCCCC/C=C\CCCCCCCC(=O)OC[C@H](O)CO,11451146
ZVCZBCQZSKITFI-VIFPVBQESA-N,CN(c1ccc([N+](=O)[O-])c2nonc12)[C@@H](CC(=O)O)C(=O)NCCC(=O)O,131953081
ASJSAQIRZKANQN-CRCLSJGQSA-N,O=CC[C@H](O)[C@H](O)CO,5460005
GOLXRNDWAUTYKT-UHFFFAOYSA-M,O=C([O-])CCc1c[nH]c2ccccc12,3292996
HNQBPUIXFDQDRJ-UHFFFAOYSA-N,CCN(CCO)N=O,25742
GBFPILOKXGQZKW-UHFFFAOYSA-N,C[N+](C)(C)CC(CC(=O)[O-])OC(=O)CCCCCCCCC(=O)O,71464537
WCXHEUMNHRAWIJ-NFSXTHTRSA-N,COc1cc(C(=O)OC[C@H]2O[C@@H](Oc3cc(O)c(OC)c(OC)c3)[C@H](O)[C@@H](O)[C@@H]2O)ccc1O,53356307
HNEGCRMUYSKRRR-NWHWRWDZSA-N,CC(=O)O[C@@H]1C[C@H]2O[C@@H]3C=C(C)CC[C@]3(C)[C@]1(C)[C@@]21CO1,442403
KKSDGJDHHZEWEP-SNAWJCMRSA-M,O=C(O)/C=C/c1cccc([O-])c1,54694258
HXXFSFRBOHSIMQ-KGJVWPDLSA-L,O=P([O-])([O-])O[C@@H]1O[C@@H](CO)[C@@H](O)[C@@H](O)[C@@H]1O,46173227
FURUXTVZLHCCNA-UHFFFAOYSA-N,O=C1CC(c2ccc(O)cc2)Oc2cc(O)ccc21,1889
UFBJCMHMOXMLKC-UHFFFAOYSA-N,O=[N+]([O-])c1ccc(O)c([N+](=O)[O-])c1,1493
KKXGLTXTYPCGPF-SSDOTTSWSA-N,Cc1cc(O)c2c(O)c3c(c(O)c2c1)C[C@@H](O)CC3=O,135033706
ZSRRCEDBZQNHMN-AREMUKBSSA-N,CCCCCCCCCCCCCCCCOC[C@H](COP(=O)([O-])OCC[N+](C)(C)C)OC(=O)CCC(=O)O,86289861
YIZYCHKPHCPKHZ-PNHWDRBUSA-N,COC(=O)Cc1cn([C@@H]2O[C@H](CO)[C@@H](O)[C@H]2O)c(=O)[nH]c1=O,3080753
AGPKZVBTJJNPAG-WHFBIAKZSA-N,CC[C@H](C)[C@H]([NH3+])C(=O)[O-],7043901
NRZUNBGUEHDCKK-WBXWDXDJSA-N,CCCCCCCCCCCCCCCC/C=C\OC[C@@H](O)COP(=O)(O)OCCNC(=O)CCCCCCCCCCCCCCC,129011063
GMVPRGQOIOIIMI-DWKJAMRDSA-N,CCCCC[C@H](O)/C=C/[C@H]1[C@H](O)CC(=O)[C@@H]1CCCCCCC(=O)O,5280723
UCTWMZQNUQWSLP-UHFFFAOYSA-N,CNCC(O)c1ccc(O)c(O)c1,838
HOSWPDPVFBCLSY-VKHMYHEASA-M,N[C@@H](CC=O)C(=O)[O-],5461143
SBUKOHLFHYSZNG-UHFFFAOYSA-N,CCCCCCCCCCCCN1CC(C)OC(C)C1,3014032
RAJWOBJTTGJROA-QJISAEMRSA-N,C[C@]12CCC(=O)C[C@H]1CC[C@@H]1[C@@H]2CC[C@]2(C)C(=O)CC[C@@H]12,440114
JMRWHNACDHWICV-UHFFFAOYSA-N,CCC(C)CCCCCCCCCCCCCCCCCCCCCCCCCCCCCO,90659845
VOJUXHHACRXLTD-UHFFFAOYSA-N,O=C(O)c1cc(O)c2ccccc2c1O,671
DDBREPKUVSBGFI-UHFFFAOYSA-N,CCC1(c2ccccc2)C(=O)NC(=O)NC1=O,4763
OHXPGWPVLFPUSM-KLRNGDHRSA-M,C[C@H](CCC(=O)[O-])[C@H]1CC[C@H]2[C@@H]3C(=O)C[C@@H]4CC(=O)CC[C@]4(C)[C@H]3CC(=O)[C@]12C,11869222
JIOJPWROWDJRKM-PJNQMQIHSA-N,CCC(O)/C=C/C=C\C/C=C\C/C=C\C=C\[C@H](CCCC(=O)O)OO,59385581
JXYLQEMXCAAMOL-UHFFFAOYSA-L,O=C([O-])C(=O)CS(=O)[O-],25244536
SWRUZBWLEWHWRI-UHFFFAOYSA-N,OC(CCN1CCCCC1)(c1ccccc1)C1CCCC1,2911
DYUSFBWNOCHOFP-RRFJBIMHSA-N,C=C1CC[C@]2([C@@H](C)CCC=C(C)C)C[C@H]12,90658542
IYIGLWQQAMROOF-HHHXNRCGSA-N,COc1ccccc1[C@@H](NS(=O)(=O)c1ccc2[nH]c(=O)ccc2c1)C(=O)N(Cc1ccco1)Cc1cccs1,118634407
XDDXSIZQZMVBQB-QHSBEEBCSA-N,C=C(C)[C@@H]1CC=C2C[C@H](O)C[C@@H](C)[C@@]2(C)C1,134814702
UABDDHIGAKYFRK-ONTRVFCTSA-N,CC(=O)O[C@H](c1ccc2c(c1)OCO2)[C@H]1C(=O)OC[C@@H]1C(=O)c1ccc2c(c1)OCO2,50908726
XIQVNETUBQGFHX-QFIPXVFZSA-N,CCN(CC)CC#CCOC(=O)[C@](O)(c1ccccc1)C1CCCCC1,6098167
UWHZIFQPPBDJPM-FPLPWBNLSA-M,CCCCCC/C=C\CCCCCCCCCC(=O)[O-],5461069
XMUPAAIHKAIUSU-QRQCRPRQSA-N,C=C(C)[C@H](CCC(C)(C)O)Cc1c(O)cc(OC)c2c1O[C@H](c1ccc(O)cc1O)CC2=O,44563198
SDADNVAZGVDAIM-NNPWBXLPSA-N,O=P(O)(O)OC[C@@H](O)[C@H]1OC(O)[C@@H](O)[C@@H](O)[C@@H]1O,441339
IFYDZTDBJZWEPK-RUZDIDTESA-M,CCCCCCCCCCCCCCCCCCCCCCCC[C@@H](O)C(=O)[O-],71768150
PMMLSQFPBFKLHH-UHFFFAOYSA-N,Cc1nnc(-c2ccc(C)c(-c3ccc(C(=O)Nc4cccc(C#N)c4)cc3)c2)o1,10200651
PYNKFIVDSJSNGL-UHFFFAOYSA-L,CN(C)C(CSS(=O)(=O)[O-])CSS(=O)(=O)[O-],56955918
NGYHUCPPLJOZIX-XLPZGREQSA-J,Cc1cn([C@H]2C[C@H](O)[C@@H](COP(=O)([O-])OP(=O)([O-])OP(=O)([O-])[O-])O2)c(=O)nc1N,25203012
YYLQUHNPNCGKJQ-NHYDCYSISA-M,[NH3+][C@H](C(=O)[O-])[C@@H](O)C(=O)[O-],28125549
FPIOBTBNRZPWJW-UHFFFAOYSA-N,COc1ccc(-c2coc3cc(O)cc(O)c3c2=O)cc1O,5281803
ISAKRJDGNUQOIC-UHFFFAOYSA-N,O=c1cc[nH]c(=O)[nH]1,1174
AHOBMSZBVSJMAH-HZJYTTRNSA-L,CCCCC/C=C\C/C=C\CCCCCCCC(=O)OCC(=O)COP(=O)([O-])[O-],86289258
STHRNDDZYFUIDO-OSQDELBUSA-N,CC1(C)CC[C@]2(C=O)CC[C@]3(C)C(=CC[C@@H]4[C@@]5(C)CC[C@H](O)C(C)(C)[C@@H]5CC[C@]43C)[C@@H]2C1,10321055
ATRNZOYKSNPPBF-CYBMUJFWSA-M,CCCCCCCCCCC[C@@H](O)CC(=O)[O-],91825663
IIACRCGMVDHOTQ-UHFFFAOYSA-N,NS(=O)(=O)O,5987
URFCJEUYXNAHFI-ZDUSSCGKSA-N,O=C1C[C@@H](c2ccccc2)Oc2cc(O)cc(O)c21,68071
GWLLTEXUIOFAFE-UHFFFAOYSA-N,CC(C)c1ccc2cc(C(C)C)ccc2c1,32241
QDGZDCVAUDNJFG-FXQIFTODSA-N,C=C1[C@H](CO)[C@@H](O)C[C@@H]1n1cnc2c(=O)[nH]c(N)nc21,135398508
GMSKHQKPCFUMOY-ZESVVUHVSA-N,CCCCCCCCCCCCCCCCCCCCCCC(=O)N[C@@H](CO)[C@H](O)CCCCCCCCCCCC(C)C,71581185
UNTJYOFZBHSHIU-HXYRURAXSA-N,CN[C@@H]1[C@H](O[C@@H](C=O)[C@@](O)(C=O)[C@H](C)O)O[C@@H](CO)[C@H](O)[C@H]1O,20056682
PMIFRQOTQQDTGH-UHFFFAOYSA-P,CC(C)Cc1c(O)[n+](O)c(CC(C)C)c(O)[n+]1O.[Fe].[Fe],70698372
WGTRJVCFDUCKCM-FMKGYKFTSA-N,CC1=C2CC[C@@H](C)[C@H]2[C@H]2[C@@H](CC1)C2(C)C,10910653
AEDDIBAIWPIIBD-ZJKJAXBQSA-N,O=c1c2cc(O)c(O)cc2oc2cc(O)c([C@@H]3O[C@H](CO)[C@@H](O)[C@H](O)[C@H]3O)c(O)c12,5281647
PVPBBTJXIKFICP-UHFFFAOYSA-N,Nc1ccc2nc3ccc(=[NH2+])cc-3sc2c1.[Cl-],65043
QMTNOLKHSWIQBE-UHFFFAOYSA-N,Cc1ccccc1COC1CC2(C(C)C)CCC1(C)O2,188653
NLRXQZJJCPRATR-RBGFHDKUSA-N,OC[C@H]1O[C@@H](Oc2ccc3cc(Br)ccc3c2)[C@@H](O)[C@@H](O)[C@@H]1O,25631981
MRKCPMGQBNMKTA-GBRHIFDWSA-M,C[C@@H]1CC[C@H]2C(=C[C@@H](O)[C@H](C)[C@@H]2CC[C@@H](O)C[C@@H](O)CC(=O)[O-])C1,86289734
JJRYPZMXNLLZFH-AATRIKPKSA-N,CC(=O)/C=C/C1(O)C(C)=CC(=O)CC1(C)C,5280662
USNRYVNRPYXCSP-JUGPPOIOSA-N,CN(C)C/C=C/C(=O)Nc1cc2c(Nc3ccc(F)c(Cl)c3)ncnc2cc1O[C@H]1CCOC1.O=C(O)/C=C\C(=O)O.O=C(O)/C=C\C(=O)O,15606394
TWEGOAYSXFKLRS-UMWONPOSSA-N,O=C1C[C@H](COP(=O)(O)O)[C@@H](O)[C@H](O)[C@H]1O,25246169
WGOUDWYOCIOVMG-UHFFFAOYSA-N,CC(=O)C(C)NCCc1ccccc1,21786235
JYXGIOKAKDAARW-UHFFFAOYSA-N,O=C(O)CN(CCO)CC(=O)O,7152
RWKJTIHNYSIIHW-CUHSZNQNSA-M,CC/C=C\C/C=C\C=C\C(CCCCCCCC(=O)[O-])OO,25244268
DSLZVSRJTYRBFB-YCAKELIYSA-N,O=C(O)[C@@H](O)[C@H](O)[C@H](O)[C@H](O)C(=O)O,6857454
OSGKEDCKMGOZOQ-FKYASPJISA-N,C[C@]12CC[C@@H]3c4cc(O)c(O[C@@H]5O[C@H](C(=O)O)[C@@H](O)[C@H](O)[C@H]5O)cc4CC[C@H]3[C@@H]1CCC2=O,129011093
MECHNRXZTMCUDQ-RKHKHRCZSA-N,C=C1CC[C@H](O)C/C1=C/C=C1\CCC[C@]2(C)[C@@H]([C@H](C)/C=C/[C@H](C)C(C)C)CC[C@@H]12,5280793
PJQXMTFEXFYZCU-UHFFFAOYSA-N,CCCCCCCCCCCCCCCCCCCCCCCC(=O)CC(=O)O,25271613
XWOVYFGIWQEHHR-UHFFFAOYSA-K,O=C(O)C1=C/C(=C(\c2ccc([O-])c(C(=O)[O-])c2)c2ccc([O-])c(C(=O)O)c2)C=CC1=O.[Na+].[Na+].[Na+],54725275
SVZIAFPYRMWMCG-UHFFFAOYSA-N,C[N+](C)(C)c1ccc([N+]#N)cc1,192917
CHEVROLFHYXCIJ-PIIKPTFNSA-L,CCCCCCCC/C=C\CCCCCCCC(=O)O[C@H](COC(=O)CCCCCCCCCCCCCCCCCCC)COP(=O)([O-])[O-],71627198
ICMUIFDBEVJCQA-GFBFODDVSA-N,CC(=O)N[C@@H]1[C@@H](O[C@H](C)C(=O)N[C@@H](C)C(=O)O)[C@H](O)[C@@H](CO)O[C@@H]1O,439875
WHUUTDBJXJRKMK-GSVOUGTGSA-M,[NH3+][C@H](CCC(=O)[O-])C(=O)[O-],5460297
IVYQPSHHYIAUFO-VXKWHMMOSA-N,CC(C)C[C@H](NC(=O)c1cc2ccccc2s1)C(=O)N1CCN(C(=O)[C@H](CO)NS(=O)(=O)c2ccc(Cl)cc2Cl)CC1,23630211
NGSFWBMYFKHRBD-UHFFFAOYSA-M,CC(O)C(=O)[O-].[Na+],23666456
HRBCPXBJAWPPIC-FLISOKMQSA-J,Nc1nc2c(c(=O)[nH]1)N[C@H]1N2[C@@H]2O[C@H](COP(=O)([O-])OP(=O)([O-])OP(=O)([O-])[O-])[C@]1(O)[C@H]2O,135921686
GGHOMCWJOMBZEK-LHYQPRBASA-N,C[C@H](CC/C=C/C(=O)O)O[C@@H]1O[C@@H](C)[C@H](O)C[C@H]1O,86289656
YIXLDRQOKWESBI-UHFFFAOYSA-N,CCCCCc1cc(O)cc(=O)o1,54686804
MDNHFVJYEPHAAQ-UHFFFAOYSA-L,COc1ccc(S(=O)(=O)CCOS(=O)(=O)[O-])cc1N=NC1C(=O)N(c2c(C)cc(S(=O)(=O)[O-])cc2Cl)N=C1C.[Na+].[Na+],86809
BECBFSXLBJGONE-DIMUUIPOSA-N,CC[C@@]12CC(C(=O)OC)=C3Nc4cc(OC)c(O)cc4[C@@]34CCN(C[C@@H]3O[C@@H]31)[C@@H]24,25058083
AKIHYQWCLCDMMI-YVMONPNESA-O,NC(N)=[NH+]CCCCNC(=O)/C=C\c1ccc(O)cc1,91825720
YDZGWMWSKOGVLG-UHFFFAOYSA-N,COc1ccc(O)c2c(=O)c3cc(O)ccc3oc12,5465785
CTDPEXWSWAIKJE-RZCWWDNZSA-L,CCCCCCCC/C=C\CCCCCCCC(=O)OC[C@H](COP(=O)([O-])[O-])OC(=O)CCCCCCCCCCCCCC,71627197
FPUREMWTZVLZBZ-QRQCRPRQSA-N,C=C(C)[C@H](CC=C(C)C)Cc1c(O)cc(O)c2c1O[C@H](c1c(O)cccc1O)CC2=O,15735861
DLGPRCXDKCFDCG-UHFFFAOYSA-N,Oc1c(Cl)cc2c(oc3cc(Cl)c(Cl)c(Cl)c32)c1Cl,11954131
DDYCXZGXLDZOJS-SJALAXSMSA-N,O=C(O)[C@@H]1O[C@@H](O[C@H]2[C@H](O)[C@@H](CO)O[C@H]2CO)[C@H](OS(=O)(=O)O)[C@@H](O)[C@@H]1O,136666725
BYEIJZFKOAXBBV-ATZCPNFKSA-N,CC(C)[C@@H](NC(=O)[C@H](CS)NC(=O)CCC[C@H](N)C(=O)O)C(=O)O,448130
IPROLSVTVHAQLE-BYNIDDHOSA-N,CC(=O)Nc1ccc(O[C@@H]2O[C@H](C(=O)O)[C@@H](O)[C@H](O)[C@H]2O)cc1,83944
LKHNRKZLWGLUOW-GKPUGJDGSA-N,CC(C)=CCC[C@@H](C)[C@H]1CC[C@@]2(C)[C@@H]3CC[C@H]4C(C)(C)C(=O)CC[C@]4(C)C3=CC[C@]12C,70698090
HRWHFIDSPSFJJQ-LFHLZQBKSA-N,CSCCCCCCCC(=NO)S[C@@H]1O[C@H](CO)[C@@H](O)[C@H](O)[C@H]1O,134160262
CHDDAVCOAOFSLD-UHFFFAOYSA-N,O=C(O)C(=O)CP(=O)(O)O,439811
UCWMWNHWCYYDTD-UHFFFAOYSA-N,O=C(O)CNC(=O)O,9543263
WPWUFUBLGADILS-WDSKDSINSA-N,C[C@H]([NH3+])C(=O)N1CCC[C@H]1C(=O)[O-],11892823
ADLOVFYPOQTFMO-UHFFFAOYSA-N,COc1cc(OC)c2c(c1)c(-c1c(OC)cc3cc(O)c4c(=O)cc(C)oc4c3c1OC)c(O)c1c(=O)cc(C)oc12,11114482
YZXBAPSDXZZRGB-DOFZRALJSA-N,CCCCC/C=C\C/C=C\C/C=C\C/C=C\CCCC(=O)O,444899
FCOAHACKGGIURQ-UHFFFAOYSA-N,CC(C)OP(=O)(OC(C)C)SCc1ccccc1,33294
VPZRWNZGLKXFOE-UHFFFAOYSA-M,O=C([O-])CCCc1ccccc1.[Na+],5258
NVUGEQAEQJTCIX-UHFFFAOYSA-N,CC(=O)NCCc1c[nH]c2ccccc12,70547
ROWGCYHEZVANDZ-UHFFFAOYSA-N,CC(C)=CCOc1c(C)cc2oc3c(CC4OC4(C)C)ccc(O)c3c(=O)c2c1CO,23252151
MVQVASRYTUDSCI-POLQEPQQSA-N,C[C@H](CCCCC(=O)O[C@@H]1O[C@H](CO)[C@@H](O)[C@H](O)[C@H]1O)O[C@@H]1O[C@@H](C)[C@H](O)C[C@H]1O,86289812
GOWLARCWZRESHU-AQTBWJFISA-N,C/C(=N/Nc1nc(C)cc(C)n1)c1ccccc1C,9013425
QONKLYKAMCVBLM-YEFHWUCQSA-N,CC(C)=CCC/C(C)=C/CC/C(C)=C/CC1(O)c2ccccc2[N+]([O-])=C(C)C1O,118796875
RGPDEAGGEXEMMM-QGZVFWFLSA-O,C[NH+]1CCO[C@H](c2ccccc2)c2ccccc2C1,6927056
LEVWYRKDKASIDU-IMJSIDKUSA-N,N[C@@H](CSSC[C@H](N)C(=O)O)C(=O)O,67678
SXGZJKUKBWWHRA-UHFFFAOYSA-N,O=S(=O)([O-])CC[NH+]1CCOCC1,4478249
FQZJYWMRQDKBQN-UHFFFAOYSA-N,CCOC(=O)c1cccc(N)c1.CS(=O)(=O)O,261501
XDRANPRXTFIDRB-RGCYKPLRSA-N,CNCc1cc(O)cc(O[C@@H]2O[C@H](CO)[C@@H](O)[C@H](O)[C@H]2O)c1O,16216016
MHDVGSVTJDSBDK-UHFFFAOYSA-N,c1ccc(COCc2ccccc2)cc1,7657
MBFTWDFKACXAAV-XXYMEPQGSA-N,C=C(C)[C@@H]1CC=C(C)[C@H](CC[C@H]2C(=C)CC[C@H]3C(C)(C)[C@@H](O)CC[C@]23C)[C@@]1(C)CCC(=O)OCC,53262848
MVAWJSIDNICKHF-UHFFFAOYSA-N,CC(=O)NCCc1c[nH]c2ccc(O)cc12,903
ZQBAKBUEJOMQEX-UHFFFAOYSA-N,O=C(Oc1ccccc1)c1ccccc1O,8361
YWPVYSDTPFSNCR-UHFFFAOYSA-N,CN(C)c1n2ccc(-c3cc[n+](C)cc3)cc2c2cc(-c3cc[n+](C)cc3)cc[n+]12,56927697
UBMJSQAFNUWJEG-UHFFFAOYSA-N,C=CCCCCCCCCCCCCCCCCCCCCCCCCCCC,156989
LMWFNZUKABEGHS-CISNCOODSA-N,CCCCC/C=C\C/C=C\C/C=C\CCCCCCC(=O)O[C@H](COC(=O)CCCCCCCCCCCCCCC)COP(=O)(O)OCCN,52924920
JRZZGZUMLBSRII-XPRWOFODSA-M,C[C@]12CC[C@@H]3/C(=C/C=C(\[O-])C(=O)O)C(=O)CC[C@H]3[C@@H]1CCC2=O,129626670
VMYXUZSZMNBRCN-CQSZACIVSA-N,CC(C)=CCC[C@@H](C)c1ccc(C)cc1,442360
VDRIXSJOPKVWKM-HXGIDPQASA-N,OC[C@H]1O[C@H]2C=C[C@H]3O[C@H]4[C@H](O)[C@H]5OCC=CC[C@@H]5O[C@@H]4C[C@@H]3O[C@@H]2C/C=C\[C@@H]1O,45480632
SVZWVVFMSSSVKX-BYPYZUCNSA-K,CC(C)(COP(=O)([O-])[O-])[C@@H](O)C(=O)[O-],49859611
GZCGUPFRVQAUEE-AEKYUDOOSA-N,O=[13CH][13C@H](O)[13C@@H](O)[13C@H](O)[13C@H](O)[13CH2]O,66509130
YUTXECPABXNXPU-DJJJIMSYSA-N,Cc1cc2c(cc1C(=O)CCC(=O)O)[C@@H](C(C)C)[C@H](C)C2(C)C,444705
OIVLITBTBDPEFK-UHFFFAOYSA-N,O=C1CCNC(=O)N1,649
VWOIKFDZQQLJBJ-DTQAZKPQSA-O,CCCCCOc1ccccc1/C(=C\SC)[n+]1cc[nH]c1,134692067
AHOLUZZXIVWXQQ-UHFFFAOYSA-N,CC(=O)Oc1ccc2c(c1)oc(=O)c1c3ccc(OC(C)=O)cc3oc21,250817
MUAQRXARBNSQNL-AYMWACOXSA-N,C\C(C=O)=C/C=C/C(C)=C/C=C/C(C)=C/C=O,44224027
MQTAVJHICJWXBR-UHFFFAOYSA-N,CC(=O)NCCCNCCCCN,496
XIUROWKZWPIAIB-UHFFFAOYSA-N,CCOP(=S)(OCC)OP(=S)(OCC)OCC,19395
VYZAGTDAHUIRQA-CRCLSJGQSA-M,C[C@H]([NH3+])C(=O)N[C@H](CCC(=O)[O-])C(=O)[O-],25203551
YUVKUEAFAVKILW-VIFPVBQESA-N,C[C@H](Oc1ccc(Oc2ccc(C(F)(F)F)cn2)cc1)C(=O)O,3034381
YAXKTBLXMTYWDQ-UHFFFAOYSA-N,CC(O)C(O)CO,20497
KYTVUROWHYYKEL-VCZQVZGSSA-M,CCCCCCCCCCCCCCCC(=O)NCCOP(=O)([O-])OC[C@@H](COC(=O)CCCCCCCCCCCCCCC)OC(=O)CCCCCCCCCCCCCCC,123132030
RAJWOBJTTGJROA-WZNAKSSCSA-N,C[C@]12CCC(=O)C[C@@H]1CC[C@@H]1[C@@H]2CC[C@]2(C)C(=O)CC[C@@H]12,222865
FTXJWRRYLLRFMG-MDZDMXLPSA-N,O=C(O)CCCC(=O)Nc1ccc(/C=C/c2ccccc2)cc1,445650
PPTAONFDHQEUMZ-UHFFFAOYSA-N,COc1cc2c(Nc3ccc(Br)cc3F)ncnc2cc1OCCCCN,16722153
OVPRPPOVAXRCED-NQXXGFSBSA-K,O=C([O-])C(=O)C[C@@H](O)[C@H](O)COP(=O)([O-])[O-],44229080
OEUMAONYVQQDBW-HMRFFJRGSA-M,CC(C)C(=O)/C=C\C=C(\[O-])C(=O)O,54675856
UHQZJHFNOJSMBZ-UHFFFAOYSA-N,CC1(C)CC(CCCl)C(=O)O1,51351669
KFHMLBXBRCITHF-UHFFFAOYSA-N,CNc1cc2c(Nc3cccc(Br)c3)ncnc2cn1,4707
YXKGOSZASIKYPU-ZETCQYMHSA-N,CC(=O)N(O)CCCC[C@H]([NH3+])C(=O)[O-],25246243
DCSCXTJOXBUFGB-JGVFFNPUSA-N,CC1=CC(=O)[C@H]2C[C@@H]1C2(C)C,92874
AODQPPLFAXTBJS-UHFFFAOYSA-M,CN(C)c1ccc(C(=C2C=CC(=[N+](C)c3ccccc3)c3ccccc32)c2ccc(N(C)C)cc2)cc1.[Cl-],160620
FIXMIXZULLAMCB-HXUWFJFHSA-M,CCCCCCCCCCCCCCCC(=O)NCCOP(=O)([O-])OC[C@H](O)CO,91666400
KSPQDMRTZZYQLM-UHFFFAOYSA-N,O=C(O)CNC(=O)c1ccco1,21863
FXUFRJQCBVSCRZ-ACRUOGEOSA-O,CC[C@]12C=CC[NH+]3CC[C@]4(C(=C(C(=O)OC)C1)Nc1cc(O)ccc14)[C@@H]32,25200666
DKVBYQAVNNRVNN-UHFFFAOYSA-N,COc1cc2oc(-c3ccc(O)cc3O)cc2c(OC)c1CC=C(C)C,480777
SHZGCJCMOBCMKK-QZABAPFNSA-N,C[C@H]1O[C@@H](O)[C@H](O)[C@H](O)[C@@H]1O,12302971
VNKBTWQZTQIWDV-UHFFFAOYSA-N,COP(=O)(OC)SCn1c(=O)oc2cc(Cl)cnc21,71482
XZRHNAFEYMSXRG-UHFFFAOYSA-M,Cc1ccc(C)c(C(=O)[O-])c1,5158281
OKKOOVXXLBMKQH-ZZXKWVIFSA-N,CC1(C)C=Cc2cc(/C=C/C(=O)c3ccc(O)cc3O)cc(O)c2O1,70678680
JEQLRDRDFLXSHY-UHFFFAOYSA-N,C=C(C)C1CCC(C)(O)C(=O)C1,262800
ZNSLRZHNFFXDSE-YEFHWUCQSA-M,CC(C)=CCC/C(C)=C/CC/C(C)=C/Cc1c([O-])c(C)[n+]([O-])c2ccccc12,118797927
CVKDSGICIOMAGA-IUXPMGMMSA-N,COc1cc(OC)c2c(c1)O/C(=C\c1ccc(OC)c(OC)c1)C2=O,11186921
VNXYBYLNVQNJMZ-UHFFFAOYSA-N,C#CCOCCOCCOCCC(C(=O)NCCN(CC(=O)NCCN)CC(=O)NCCN)C(=O)NCCN(CC(=O)NCCN)CC(=O)NCCN,134716590
COUYJEVMBVSIHV-SFHVURJKSA-O,COc1ccc(CC(C)(C)[NH2+]C[C@H](O)c2cc(O)cc3c2OCC(=O)N3)cc1,91825574
ZFXQNADNEBRERM-BJDJZHNGSA-N,C[C@H](N)C(=O)N[C@@H](C)C(=O)N1CCC[C@H]1C(=O)N1CCC[C@H]1C(=O)O,71464659
LRVZOSYMNMNQFR-SHUUEZRQSA-N,O=c1cnn([C@@H]2O[C@H](COP(=O)(O)O)[C@@H](O)[C@H]2O)c(=O)[nH]1,150959
WZHJKEUHNJHDLS-QTGUNEKASA-N,CN1C[C@H](CNC(=O)OCc2ccccc2)C[C@@H]2c3cccc4c3c(cn4C)C[C@H]21,28693
WXNJNHFYIWEHIL-AZGAKELHSA-N,COc1cc([C@@H](O)[C@H](CO)Oc2c(OC)cc(-c3cc(=O)c4c(O)cc(O)cc4o3)cc2OC)ccc1O,5323535
OVZYBDRCYQABQB-OTWHNJEPSA-N,CCCCCCCCCCCCCC[C@@H](O)[C@@H](O)[C@H](C)NC=O,70678858
GAKZYUOVCHCSBU-SNAWJCMRSA-N,COC/C=C/C(OC)OC(C)=O,91828201
HYJSGOXICXYZGS-UHFFFAOYSA-M,O=C([O-])Cn1c(=O)sc2cccc(Cl)c21,41097979
SYEOWUNSTUDKGM-UHFFFAOYSA-N,CC(CCC(=O)O)CC(=O)O,12292
NZYXABPVYJRICY-UHFFFAOYSA-N,O=C(ON1C(=O)CCC1=O)c1cc2cc(F)c(O)c(F)c2oc1=O,56927770
XHUOQLRFCHQNRS-NSIKDUERSA-N,CC(=O)/C=C1/CC2(O)Cc3c(c(O)c4c(O)cc(O)cc4c3CC=C(C)C)C(=O)C2O1,71581117
YDBCEBYHYKAFRX-UHFFFAOYSA-O,COc1ccc(NC(=O)c2ccc(-c3ccc(-c4noc(C)n4)cc3C)cc2)cc1N1CC[NH+](C)CC1,56927817
NXNXUNDCVRGYCT-WBWKYDSYSA-N,C[C@@H](O)CCCCCCCCCCCCCC/C=C/C(=O)O,86289723
WSYJHDYOVBGOSR-UHFFFAOYSA-M,Cc1c2cccc(O)c2c(O)c2c(O)c3c(O)c(C(N)=O)c(O)c([O-])c3cc12,121232727
ILUFXQCJKFRQPF-MQBRABDUSA-N,CCCCCCCCCCCCCCC(=O)N[C@@H](CO)[C@H](O)/C=C/CCCCCCCCCC(C)C,71581154
XPHMRRRAQQSFAN-LLEHJKNRSA-N,CCCCCCCCCCCCCCCCCCCCCCCCC(=O)N[C@@H](CO)[C@H](O)/C=C/CCCCCCCCCC(C)C,70680372
RIVZUHBWXRGVOG-UHFFFAOYSA-N,O=C(O)c1c(Cl)c(Cl)c(Cl)c(Cl)c1-c1c2cc(Br)c(=O)c(Br)c-2oc2c(Br)c(O)c(Br)cc12,407912
XDZKBRJLTGRPSS-BGZQYGJUSA-N,CO/N=C(\C(=O)N[C@@H]1C(=O)N2C(C(=O)O)=C(CSc3nc(C)c(CC(=O)O)s3)CS[C@H]12)c1csc(N)n1,5361871
WXGVPSHYGAKQHX-YFPMXLMLSA-N,CCCCCC/C=C\CCCCCCCCCC(=O)O[C@H](COC(=O)CCCCCCC/C=C\CCCCCCCC)COP(=O)(O)O,53478604
MGYGFNQQGAQEON-UHFFFAOYSA-N,Cc1ccc(N=C=O)cc1,69325
BPZZWRPHVVDAPT-PXAZEXFGSA-N,CCOC(=O)[C@H](Cc1ccccc1)NC(=O)c1cc(Cl)c2c(c1O)C(=O)O[C@H](C)C2,20997
SHZGCJCMOBCMKK-URLGYRAOSA-N,C[C@H]1O[C@H](O)[C@@H](O)[C@@H](O)[C@H]1O,6857376
CRPUJAZIXJMDBK-UHFFFAOYSA-N,C=C1C2CCC(C2)C1(C)C,6616
RDQPYNDNISLBGF-ZORUMLJWSA-N,CCCCCCCCCCCCCC[C@@H](O)[C@@H](O)[C@H](CO[C@H]1O[C@H](CO)[C@H](O)[C@H](O)[C@H]1O)NC(=O)CCCCCCCCCCCCC,23726261
XOYUQZOQLOSQSZ-UHFFFAOYSA-N,[O-][I+3]([O-])([O-])[O-],167232
BDLLSHRIFPDGQB-WAYWQWQTSA-N,CCCC/C=C\CCCCCCCCCCCC(=O)O,5312441
NQEQTYPJSIEPHW-UHFFFAOYSA-N,O=P(O)(O)OCC(O)C(O)c1c[nH]c2ccccc12,799
JLPULHDHAOZNQI-ZTIMHPMXSA-N,CCCCC/C=C\C/C=C\CCCCCCCC(=O)O[C@H](COC(=O)CCCCCCCCCCCCCCC)COP(=O)([O-])OCC[N+](C)(C)C,5287971
VAIZTNZGPYBOGF-UHFFFAOYSA-N,CCCCOC(=O)C(C)Oc1ccc(Oc2ccc(C(F)(F)F)cn2)cc1,50897
KZSNJWFQEVHDMF-SCSAIBSYSA-O,CC(C)[C@@H]([NH3+])C(=O)O,5460779
GXNFPEOUKFOTKY-LPHQIWJTSA-N,COC1=C(OC)C(=O)C(C/C=C(\C)CC/C=C(\C)CC/C=C(\C)CC/C=C(\C)CC/C=C(\C)CCC=C(C)C)=C(C)C1=O,5283544
RMMRDSFIVJOSOP-DRWRGJIVSA-N,OC[C@H]1O[C@@H](OC[C@H]2O[C@@H](O)[C@H](O)[C@@H](O)[C@@H]2O)[C@H](O)[C@H]1O,91845976
LYNARWYQOUZXDY-UHFFFAOYSA-N,C1=Cc2nc1cc1ccc(cc3ccc(cc4ccc2[nH]4)[nH]3)[nH]1,6857582
MZIFZNVMGWJZJS-VLYKUNOGSA-M,CSCCC/C(=N\O)SC[C@H](NC(=O)CC[C@H]([NH3+])C(=O)[O-])C(=O)NCC(=O)[O-],90657180
LOIYMIARKYCTBW-UPHRSURJSA-N,O=C(O)/C=C\c1cnc[nH]1,1549103
SNCKGJWJABDZHI-ZKWXMUAHSA-N,CC[C@H](C)[C@H](NC(=O)CC[C@H](N)C(=O)O)C(=O)O,22885096
YOKJEIDBLPWOSL-UHFFFAOYSA-N,CC(C)=CCc1c2c(c3occ(-c4ccc(O)c(O)c4)c(=O)c3c1O)CC(C(C)(C)O)O2,11655056
NKYAAYKKNSYIIW-XVFCMESISA-O,Nc1c[nH]c[n+]1[C@@H]1O[C@H](CO)[C@@H](O)[C@H]1O,134820109
CCCGEKHKTPTUHJ-UHFFFAOYSA-N,Cn1cc(C(=O)Nc2cccc3c2C2CCC3C2=C(Cl)Cl)c(C(F)F)n1,53491464
CNHOGQMRRDHYGI-NJCGARBWSA-N,CC1=C(CCC2=C(C)CC[C@H]3C(C)(C)[C@@H](O)CC[C@]23C)[C@@]2(C)CC[C@H](O)C(C)(C)[C@@H]2CC1,3083930
CMUNUTVVOOHQPW-LURJTMIESA-N,C[N+]1(C)CCC[C@H]1C(=O)[O-],115244
VJPXTXIEAOSJBR-UHFFFAOYSA-M,CP(=O)([O-])Oc1ccc([N+](=O)[O-])cc1,46224543
OESDJUYDQFBVDE-DEPJWOTISA-N,CC(C)C(O)CC[C@@H](C)[C@H]1CC[C@H]2[C@@H]3[C@H](O)C[C@@H]4CC(=O)CC[C@]4(C)[C@H]3C[C@H](O)[C@]12C,24755587
SRARDYUHGVMEQI-UHFFFAOYSA-N,CCC(=O)N(c1ccccc1)C1CCN(CCc2cccs2)CC1C,62296
URXZXNYJPAJJOQ-FPLPWBNLSA-N,CCCCCC/C=C\CCCCCCCCCCCC(=O)O,5312518
OOTXFYSZXCPMPG-DJRORNMDSA-N,C[C@H]1[C@@H]2[C@H]3CC[C@@H]4[C@@]5(C)CCCC(C)(C)[C@@H]5CC[C@@]4(C)[C@]3(C)CC[C@@]2(C)CC[C@@H]1C,12306150
KZDNJQUJBMDHJW-UHFFFAOYSA-N,NC(Cc1c[nH]c2ccc(Br)cc12)C(=O)O,96735
FQUVPTVNRMUOPO-UPQKDGGNSA-M,CCCCC/C=C\C/C=C\C/C=C\C/C=C\CCCC(=O)N[C@@H](CO)C(=O)[O-],35026484
OQJADHLOEAOIGC-NOHGZBONSA-N,C=C[C@H]1C[C@@H](C)C[C@@H](C)[C@@H]1c1c(O)ccn(O)c1=O,54683265
CABMTIJINOIHOD-KRWDZBQOSA-M,CC(C)[C@]1(C)N=C(c2nc3ccccc3cc2C(=O)[O-])NC1=O,28284259
XPZFMHCHEWYIGE-UHFFFAOYSA-M,CCCCCCCCCCCCCC(=O)NCCS(=O)(=O)[O-],3810822
OCHJVQODRYVDAA-YPKPFQOOSA-M,CCCCCCCC/C=C\CCCCCCCC(=O)OC(CCCCCC)CCCCCCCCCCC(=O)[O-],126456511
UMKHUSRDQFQHAK-RNJMTYCLSA-N,NC(=O)[C@H](Cc1ccccc1)NC(=O)[C@H](CCCN=C(N)N)NC(=O)C12CC3CC(CC(C3)C1)C2,53320361
RUBYHLPRZRMTJO-MOVYNIQHSA-N,CN(C)C/C=C/C(=O)Nc1ccc(C(=O)N2CCC[C@@H](Nc3ncc(Cl)c(-c4c[nH]c5ccccc45)n3)C2)cc1,118025540
QAOKYQQABTYYAS-MIUGBVLSSA-N,O=C(Cc1ccc(O)c(O)c1)O[C@H]1[C@H](OCCc2ccc(O)c(O)c2)O[C@H](CO)[C@@H](O)[C@@H]1O,16091519
KIZXPTJSEKWTPW-YOQZMRDMSA-N,O=C(O)[C@]1(O)C[C@H](O)[C@@H](O)[C@H]([C@H](O)[C@H](O)COP(=O)(O)O)O1,90658186
DQNRWYSYNOPGQY-FKYASPJISA-N,C[C@]12CC[C@@H]3c4cc(O[C@@H]5O[C@H](C(=O)O)[C@@H](O)[C@H](O)[C@H]5O)c(O)cc4CC[C@H]3[C@@H]1CCC2=O,14016224
VTFWFHCECSOPSX-SFOWXEAESA-N,NC(=O)N[C@H]([NH3+])C(=O)[O-],46173475
COJBGNAUUSNXHX-UHFFFAOYSA-N,NC(=O)CCC(=O)C(=O)O,48
RRRUICADYFPTGA-MUUNZHRXSA-N,CCCCCCCCCCCCCCCCOC[C@H](COP(=O)([O-])OCC[N+](C)(C)C)OC(=O)CCCC=O,135563695
JAFMAYNQPYEUQD-TWBCTODHSA-N,NC(N)=NCCC[C@H](N)C(=O)O[C@H]1[C@@H](O)[C@H](n2cnc3c(N)ncnc32)O[C@@H]1COP(=O)(O)O,118797956
PXMCURAOQSNMOZ-MDKMTUDGSA-N,C/C1=C\[C@H](O)[C@@H](C(C)C)CC/C(C)=C/CC1,71296186
OCFNAQIEUDCHBL-NRFANRHFSA-N,NCC(=O)N[C@@H](Cc1c[nH]c2ccccc12)C(=O)Nc1ccc2ccccc2c1,7022352
LYRFLYHAGKPMFH-UHFFFAOYSA-N,CCCCCCCCCCCCCCCCCC(N)=O,31292
DWANEFRJKWXRSG-UHFFFAOYSA-N,CCCCCCCCCCCCC(O)CO,89436
XWBWIAOWSABHFI-NUKVNZTCSA-N,CCCCCCCCCCCCC/C=C/[C@@H](O)[C@H](CO)NC(=O)CCCCCCCCCCCCCCCCCCC,5283566
CXDWHYOBSJTRJU-SRWWVFQWSA-N,CC(=O)[C@@]1(O)[C@H](O)C[C@H]2[C@@H]3CCC4=CC(=O)CC[C@]4(C)[C@H]3CC[C@@]21C,11687
FYSSBMZUBSBFJL-UHFFFAOYSA-M,CCCCCCCC(O)CC(=O)[O-],21976318
ZBHOHJWLOOFLMW-LTGWCKQJSA-N,N#C[C@@]1(c2ccc3c(N)ncnn23)O[C@H](COP(=O)(O)O)[C@@H](O)[C@H]1O,121310009
VOXZDWNPVJITMN-ZBRFXRBCSA-N,C[C@]12CC[C@@H]3c4ccc(O)cc4CC[C@H]3[C@@H]1CC[C@@H]2O,5757
BWHGMFYTDQEALD-UHFFFAOYSA-N,NCCCC(=O)C(=O)O,439402
LEXBBZCFWJNTGC-OYLFHFCFSA-N,C=C1CC[C@@H]2[C@H](/C=C(\C)CC[C@@H]1O)OC(=O)[C@H]2C,11608497
FGWRUVXUQWGLOX-AFJQJTPPSA-M,C=CC/C=C\C/C=C\CCCCCCCC1=C([O-])C(=O)C=C(OC)C1=O,25246122
RTGDFNSFWBGLEC-SYZQJQIISA-N,COc1c(C)c2c(c(O)c1C/C=C(\C)CCC(=O)OCCN1CCOCC1)C(=O)OC2,5281078
QRZCXUNTBXMAPR-UHFFFAOYSA-N,CN1Cc2c(ccc3c2OCO3)CC(=O)c2cc3c(cc2CC1O)OCO3,440587
NZUPCNDJBJXXRF-UHFFFAOYSA-O,CC(C[N+](C)(C)C)OC(N)=O,2370
YIEMFVNCENFBSD-XQRVVYSFSA-N,CSCCC(=O)/C(O)=C/OP(=O)(O)O,5462148
GOTYRUGSSMKFNF-UHFFFAOYSA-N,Nc1cccc2c1CN(C1CCC(=O)NC1=O)C2=O,216326
KIDHWZJUCRJVML-UHFFFAOYSA-P,[NH3+]CCCC[NH3+],3452892
ZJUKTBDSGOFHSH-WFMPWKQPSA-M,Nc1ncnc2c1ncn2[C@@H]1O[C@H](CSCC[C@H](N)C(=O)[O-])[C@@H](O)[C@H]1O,70678861
ULMVEQWNDGUUBR-SRMUOKRHSA-M,CCCCCCCC/C=C\C/C=C\C=C\C(=O)CCCC(=O)[O-],129626809
YMRFZDHYDKZXPA-UHFFFAOYSA-N,CCC(=O)N(c1ccccc1)C1CCN(CCc2cccs2)CC1,62380
XWKKYVJREGXHFO-BYPYZUCNSA-N,Cn1cnc(S)c1C[C@H](N)C(=O)O,130131
KSIRMUMXJFWKAC-FHJHOUOTSA-M,CC/C=C\C[C@H](O)/C=C/[C@H]1C=CC(=O)[C@@H]1C/C=C\CCCC(=O)[O-],35021040
HXIKQPSPGQKVNW-UQGDGPGGSA-M,CCCCCC/C=C\C=C\CC(=O)[O-],129900407
DILDHNKDVHLEQB-XSSYPUMDSA-N,C[C@]12CC[C@@H]3c4cc(O)c(O)cc4CC[C@H]3[C@@H]1CC[C@@H]2O,247304
RFDMNXDDRXVJTM-RQUSPXKASA-N,COc1cc([C@@H]2c3cc4c(cc3C[C@H]3COC(=O)[C@@H]32)OCO4)cc(OC)c1O,160705
WJSDHUCWMSHDCR-VMPITWQZSA-N,CC(=O)OC/C=C/c1ccccc1,5282110
HHQFKPJXVYWLLJ-ABYSKWQHSA-N,CCCCC/C=C\C/C=C\C/C=C\C/C=C\C/C=C\CCC(=O)O[C@H](CO/C=C\CCCCCCCCCCCCCCCC)COP(=O)(O)OCCN,53480857
JCMWSVNNSPUNER-UHFFFAOYSA-N,CNCCc1ccc(OC)cc1,104735
MTVWFVDWRVYDOR-UHFFFAOYSA-N,OCC(O)c1ccc(O)c(O)c1,91528
GITWMSHGVHCOTC-GZSKETOLSA-N,CC[C@]12C=CCN3CC[C@@]4(c5ccccc5N[C@H]4[C@@](O)(C(=O)OC)C1)[C@@H]32,129900404
DTFQMPQJMDEWKJ-UHFFFAOYSA-N,CCOc1cccc(C(=O)O)c1,12126
KIIBBJKLKFTNQO-WHFBIAKZSA-M,CC1=NC[C@H](O)[C@@H](C(=O)[O-])N1,44629506
BVPTZDRKEDPTOX-WBMJQRKESA-N,COC(=O)[C@]12Oc3cc(C)cc(O)c3C(=O)C1=CC=C[C@H]2O,9926413
JBFYUZGYRGXSFL-UHFFFAOYSA-N,c1c[n-]cn1,3386966
YFAGHNZHGGCZAX-JKIFEVAISA-N,Cc1onc(-c2c(Cl)cccc2Cl)c1C(=O)N[C@@H]1C(=O)N2[C@@H]1SC(C)(C)[C@@H]2C(=O)O,18381
VFGFFQOPKZHQLZ-RNWYCLNJSA-M,C[C@H]([NH3+])C(=O)N[C@H](CCC(=O)N[C@H](CCC[C@H]([NH3+])C(=O)[O-])C(=O)N[C@H](C)C(=O)[O-])C(=O)[O-],51351779
NNCAWEWCFVZOGF-UHFFFAOYSA-N,C[N+]1(C)CCCCC1,18743
ZCJYUTQZBAIHBS-XMMPIXPASA-O,Clc1ccc([C@@H](Cn2ccnc2)OCc2ccc(Sc3ccccc3)cc2)c(Cl)c1.[H+],86290112
AYEKOFBPNLCAJY-UHFFFAOYSA-N,Cc1ncc(C[n+]2csc(CCOP(=O)(O)OP(=O)([O-])O)c2C)c(N)n1,5431
WVPSKSLAZQPAKQ-SOSAQKQKSA-N,NC1[C@H]2CN(c3nc4c(cc3F)c(=O)c(C(=O)O)cn4-c3ccc(F)cc3F)C[C@@H]12,62959
DNYSLSNXLMFTTC-UHFFFAOYSA-N,COc1ccc2c(=O)c3c(O)cc4c(c3oc2c1O)C(C)(C)C(C)O4,11439282
AUBGCRXOZPJJJG-FLOXNTQESA-N,CCC/C(C)=C/C(=O)N[C@@H](CCC(N)=O)C(=O)O,87730065
DRDCJEIZVLVWNC-MJIHKOFYSA-L,CC1OC(OP(=O)([O-])OP(=O)([O-])OC[C@H]2O[C@@H](n3ccc(=O)[nH]c3=O)[C@H](O)[C@@H]2O)C(O)C(O)C1O,49852435
LWGKCPAYDQWMMS-UHFFFAOYSA-N,CN1CCC=C1c1ccc(=O)[nH]c1,52944012
STQGQHZAVUOBTE-VGBVRHCVSA-N,COc1cccc2c1C(=O)c1c(O)c3c(c(O)c1C2=O)C[C@@](O)(C(C)=O)C[C@@H]3O[C@H]1C[C@H](N)[C@H](O)[C@H](C)O1,30323
FHNIYFZSHCGBPP-OVGWDEKYSA-N,CO[C@H]1O[C@H](CO)[C@H](O[C@H]2O[C@H](CO)[C@H](O)[C@H](O)[C@H]2O)[C@H](O)[C@H]1O,53477592
OHTXTCNTQJFRIG-UHFFFAOYSA-L,O=C1OC(c2ccc(O)c(S(=O)(=O)[O-])c2)(c2ccc(O)c(S(=O)(=O)[O-])c2)c2c(Br)c(Br)c(Br)c(Br)c21,3533588
HPFXACZRFJDURI-KTKRTIGZSA-M,CCCCCCCC/C=C\CCCCCCCC(=O)NCC(=O)[O-],122391265
KXGVEGMKQFWNSR-WFTUMUMQSA-M,C[C@H](CCC(=O)[O-])[C@H]1CC[C@H]2[C@@H]3CC[C@H]4C[C@H](O)CC[C@]4(C)[C@H]3C[C@H](O)[C@]12C,7083936
BTLHIWBHHPKNFQ-GWVFRZDISA-N,CO[C@@H]1[C@@H](OC)[C@@H](O)[C@H](O)O[C@H]1C,14238627
LSKFUSLVUZISST-WCBMZHEXSA-N,COc1cc([C@@H](O)[C@@H](O)CO)ccc1O,51382654
CFRPSFYHXJZSBI-DHZHZOJOSA-N,CCN(Cc1ccc(Cl)nc1)/C(=C/[N+](=O)[O-])NC,3034287
WNTYBHLDCKXEOT-UHFFFAOYSA-N,CC(=O)c1ccc2c(c1)N(CCCN1CCN(CCO)CC1)c1ccccc1S2,17676
IDJJHEIUIYGFDX-UHFFFAOYSA-N,COC1CCC2(CC1)NC(=O)C(c1cc(C)ccc1C)=C2O,54708610
NZTHZDNDYACBSX-FJNWEKAQSA-N,COc1cc2c(cc1O[C@@H]1O[C@H](C(=O)O)[C@@H](O)[C@H](O)[C@H]1O)CC[C@@H]1[C@@H]2CC[C@]2(C)C(=O)CC[C@@H]12,443077
LIPOUNRJVLNBCD-UHFFFAOYSA-L,CC(=O)OP(=O)([O-])[O-],4183249
YIGYYGXJIDAEOF-OJVARPOJSA-N,C=C(C)[C@@H]1CC[C@]2(C1)[C@H](C)[C@@H](O)[C@H](O)C[C@@H]2C=O,21594964
SLSHAQAUYNMJCT-SNOBZRMMSA-N,CC1(C)[C@@H]2CC[C@@]1(C)[C@H](NC(=O)CCn1c(C3CCCCC3)nc3ccccc31)C2,118797939
YRYOXRMDHALAFL-UHFFFAOYSA-N,CCCC(=O)CC(=O)NC1CCOC1=O,119133
ZAIRPZJGPNIHRZ-RHNLGMIQSA-N,CCCCC/C=C\C/C=C\CCCCCCCC(=O)C[C@H](CO)OC(C)=O,10691218
AIGRXSNSLVJMEA-UHFFFAOYSA-N,CCOP(=S)(Oc1ccc([N+](=O)[O-])cc1)c1ccccc1,16421
BKAWJIRCKVUVED-UHFFFAOYSA-N,Cc1ncsc1CCO,1136
SWPCIZFPFUNPQW-AAZNDIRKSA-N,CC/C=C\C[C@H](O)/C=C/C=CC=CC=CC(O)[C@@H](O)CCCCCC(=O)O,132472323
OSVMTWJCGUFAOD-KZQROQTASA-N,C[C@]12CCC(=O)C(O)=C1CC[C@@H]1[C@@H]2CC[C@]2(C)C(=O)CC[C@@H]12,11273
FNZLKVNUWIIPSJ-WHFBIAKZSA-N,O=C(CO)[C@H](O)[C@@H](O)COP(=O)(O)O,23615404
QFZSBLJYDQLBAG-VZUYHUTRSA-N,CCCCCCCCCCCCCCCCCCCC(=O)O[C@H](COCCCCCCCCCCCCCCCC)COP(=O)([O-])OCC[N+](C)(C)C,24779297
CCPPLLJZDQAOHD-FLIBITNWSA-M,CCCCCC1OC1C/C=C\CCCCCCCC(=O)[O-],25246088
HRIZQYUEJYDJLD-HRYGCDPOSA-N,CC1=C(/C=C/C(C)=C/C=C/C(C)CCO)C(C)(C)CC=C1,102404353
GNCZTBXGLUHKAP-JOZUOZHYSA-M,CCCCCCCC/C=C\CCCCCCCC(=O)OC[C@H](O)COP(=O)([O-])OC[C@@H](O)COC(=O)CCCCCCC/C=C\CCCCCCCC,131801234
ZNNLBTZKUZBEKO-UHFFFAOYSA-N,COc1ccc(Cl)cc1C(=O)NCCc1ccc(S(=O)(=O)NC(=O)NC2CCCCC2)cc1,3488
ZHTQCPCDXKMMLU-UHFFFAOYSA-N,O=c1c2cc(O)c(O)cc2oc2cc(O)cc(O)c12,5281656
DBHODFSFBXJZNY-UHFFFAOYSA-N,OCc1ccc(Cl)cc1Cl,15684
XMTCKNXTTXDPJX-REOHCLBHSA-N,[NH3+][C@@H](C=O)C(=O)[O-],86289313
UELNVPGLHDEZFM-HZTRNQAASA-O,COC(=O)C1=C2Nc3ccccc3[C@@]23CC[NH+]2CCC[C@@]([C@@H](C)OC(C)=O)(C1)[C@H]23,138911122
YWDOARDTTRNAHH-UHFFFAOYSA-N,C=CC1=C(C)C(=O)N=C1C=c1[nH]c(=Cc2[nH]c(O)c(C)c2CCC(=O)O)c(CCC(=O)O)c1C,135857568
WOWBFOBYOAGEEA-UHFFFAOYSA-N,CC(C)c1cc(Oc2ccccc2)cc(C(C)C)c1NC(=S)NC(C)(C)C,3034380
MYWLBRTZOYHDOU-FJMCMGCSSA-N,O=c1c2c(O)cc(O)cc2oc2c(O)ccc(O[C@@H]3O[C@H](CO)[C@@H](O)[C@H](O)[C@H]3O)c12,5281659
CECREIRZLPLYDM-RAUXBKROSA-N,C=C[C@@](C)(O)CC[C@H]1C(=C)CC[C@H]2C(C)(C)CCC[C@]12C,10891602
NTABMUJQZABQGD-UHFFFAOYSA-N,CN1/C(=C/C=C/c2cc[n+](CCCS(=O)(=O)[O-])c3ccccc23)C(C)(C)c2ccccc21,71296151
ZMRGXEJKZPRBPJ-SYQHCUMBSA-N,Cc1cc2ncn([C@H]3O[C@H](COP(=O)(O)O)[C@@H](O)[C@H]3O)c2cc1C,444941
GDQXJMLXEYSICD-UHFFFAOYSA-N,CC(C)=CC1Oc2cc(O)ccc2-c2oc3c4c(cc(O)c3c(=O)c21)OC(C)(C)C=C4,5481969
NFLGAXVYCFJBMK-BDAKNGLRSA-N,CC(C)[C@@H]1CC[C@@H](C)CC1=O,26447
DYDUXGMDSXJQFT-UHFFFAOYSA-N,NCCc1ccc(OS(=O)(=O)O)cc1,153005
MSSXOMSJDRHRMC-UHFFFAOYSA-N,Nc1nc(N)c2[nH]cnc2n1,30976
QKRGNOAENJLAKR-ACEXITHZSA-N,CCCCCCCCCCCCCCCCCCCCCCCCCC(=O)N[C@@H](CO)[C@H](O)CCCCCCCCCCCC(C)C,71581208
RKEURGZEFPAQNB-FHMCMKDHSA-N,CC/C=C\C/C=C\C/C=C\C/C=C\C=C\C(=O)CCCCCC(=O)O,132472312
RUDATBOHQWOJDD-DNMBCGTGSA-N,C[C@H](CCC(=O)O)[C@H]1CC[C@H]2[C@@H]3[C@@H](O)C[C@@H]4C[C@@H](O)CC[C@]4(C)[C@H]3CC[C@]12C,127601
OLOOJGVNMBJLLR-UHFFFAOYSA-N,CC(C)=CCOc1c2occc2cc2ccc(=O)oc12,10212
XBTXTLKLSHACSS-WDSKDSINSA-N,N[C@H]1C(C(=O)O)=CC=C[C@@H]1O,448825
OUSFTKFNBAZUKL-UHFFFAOYSA-N,CC(C)(C)c1cnc(CSc2cnc(NC(=O)C3CCNCC3)s2)o1,3025986
QCHPKSFMDHPSNR-UHFFFAOYSA-M,CC(CN)C(=O)[O-],18998026
WHGVLEMQINVDLH-QPHDTYRISA-K,O=C([O-])C[C@H](/C=C/C(=O)C(=O)[O-])C(=O)[O-],91828236
NFSSFGJGSUAWLF-UHFFFAOYSA-N,COc1cc2oc(-c3ccc(O)cc3)cc(=O)c2c(OC)c1O,244386
ISHBWEUQYFEVES-UHFFFAOYSA-N,Oc1cccc2c1ccc1c3ccccc3ccc21,44284
JTHPLBUVRLOJBB-KCILRPRFSA-N,COc1cc([C@H]2Oc3c(OC)cc(/C=C/C(=O)O)cc3[C@@H]2C(=O)O)ccc1O,10385446
WXLFIFHRGFOVCD-UHFFFAOYSA-L,CC(=O)Nc1cc(S(=O)(=O)[O-])cc2cc(S(=O)(=O)[O-])c(N=Nc3ccccc3)c(O)c12.[Na+].[Na+],19522
UJLXYODCHAELLY-XLPZGREQSA-N,Cc1cn([C@H]2C[C@H](O)[C@@H](COP(=O)(O)OP(=O)(O)O)O2)c(=O)[nH]c1=O,164628
ZZMOUVIMWCRXAF-UXOPZYHUSA-N,C[C@H](CCCCCCCCCCCC(=O)O[C@@H]1O[C@H](CO)[C@@H](O)[C@H](O)[C@H]1O)O[C@@H]1O[C@@H](C)[C@H](O)C[C@H]1O,86289881
CDFJITYOZNLONM-UYRXBGFRSA-N,CO/C(=C\C(=O)c1ccccc1)c1c(OC)cc2c(c1OC)C=CC(C)(C)O2,9999819
GMICVRNSOOSANN-ZDUSSCGKSA-M,[O-]c1cc(O)cc2c1[C@H](O)C(O)=C(c1ccc(O)cc1)O2,131801248
PWVGZLUPKLWHNU-QJEXQQAGSA-N,CCCCCCCC/C=C\CCCCCCCC(=O)OC[C@H](COP(=O)(O)O)OC(=O)CCCCCCCCCCCCCCCC,52928918
MWMPEAHGUXCSMY-UHFFFAOYSA-N,CCCCCCCCCCCCCCCCCCCCCCCCC(=O)O,10468
YSTPAHQEHQSRJD-UHFFFAOYSA-N,CC1=CC(=O)C(C(C)C)CC1,6987
MABNMNVCOAICNO-UHFFFAOYSA-N,c1cc[se]c1,136130
SPEUNNBYNAGBGC-HZPDHXFCSA-N,CCO[C@H](c1cc2ccc(=O)oc2cc1OC)[C@@H](O)C(C)(C)O,10087472
PVSGXWMWNRGTKE-AWEZNQCLSA-N,Cc1cnc(C2=N[C@@](C)(C(C)C)C(=O)N2)c(C(=O)O)c1,51529143
GUBGYTABKSRVRQ-WWZHPTPQSA-N,OC[C@H]1O[C@@H](O[C@@H]2[C@H](O)[C@@H](O)[C@H](O)O[C@@H]2CO)[C@H](O)[C@@H](O)[C@H]1O,448925
CDXXFTJLAKSQSR-JXMROGBWSA-N,O=C(COc1ccc(/C=C/c2ccc3n2[B-](F)(F)[N+]2=C(c4ccc[nH]4)C=CC2=C3)cc1)NCCCCCC(=O)ON1C(=O)CCC1=O,25164046
QHLYWGFFZVVDPY-CRZRSRDBSA-N,C[C@H](CCCCCC[C@@H](O)CC(=O)O)O[C@@H]1O[C@@H](C)[C@H](OC(=O)c2c[nH]c3ccccc23)C[C@H]1O,86289889
JDTRJLXTQXQSSV-FJWCHDPXSA-N,C=C1CC[C@H]2C(C)(C)C(=O)CC[C@]2(C)[C@H]1CCC1=C(C)[C@H](O)C[C@@H](C(=C)C)[C@]1(C)CCC(=O)OC,53355789
VJBCNMFKFZIXHC-UNTBIKODSA-N,CC(C)[C@@]1(C)N=C(c2nc3ccccc3cc2C(=O)[O-])NC1=O.[NH4+],76962957
OLXZPDWKRNYJJZ-RRKCRQDMSA-N,Nc1ncnc2c1ncn2[C@H]1C[C@H](O)[C@@H](CO)O1,13730
BSMCAPRUBJMWDF-KRWDZBQOSA-N,O=C(c1ccc(F)c(F)c1Nc1ccc(I)cc1F)N1CC(O)([C@@H]2CCCCN2)C1,16222096
SDOOMIWSQMGJCL-HTLJXXAVSA-N,O=C(O)C[C@H](NC(=O)CC1C(=O)Nc2ccccc21)C(=O)O,11415512
IUDMZJRPDRCJEB-UHFFFAOYSA-N,Nc1nccc(-c2nccc3c2[nH]c2ccccc23)n1,5257090
FRCCEHPWNOQAEU-UHFFFAOYSA-N,ClC1=C(Cl)C2(Cl)C3C(Cl)C=CC3C1(Cl)C2(Cl)Cl,3589
IHEKRRLEONOHHE-UHFFFAOYSA-K,O=C1C=C([O-])c2c([O-])cc(O)c(C3=C([O-])c4c(O)cc(O)cc4C(=O)C3=O)c2C1=O,86289380
CMCJNODIWQEOAI-UHFFFAOYSA-N,CCCCOCCOC(=O)c1ccccc1C(=O)OCCOCCCC,8345
JADDQZYHOWSFJD-FLNNQWSLSA-N,CCNC(=O)[C@H]1O[C@@H](n2cnc3c(N)ncnc32)[C@H](O)[C@@H]1O,448222
UBWMSSICUOCSHT-BJHCZKLTSA-N,CC(C)=CC(=O)N[C@H]1CC[C@@]2(C)[C@@H](CC[C@@H]3[C@@H]2CC[C@]2(C)C([C@H](C)N(C)C)=CC[C@@H]32)[C@H]1O,25016666
FPNKCZKRICBAKG-UHFFFAOYSA-M,COc1cc(O)c2c([O-])c3c(=O)cc(C)oc3cc2c1,145864724
BGWGXPAPYGQALX-ARQDHWQXSA-L,O=P([O-])([O-])OC[C@H]1O[C@](O)(CO)[C@@H](O)[C@@H]1O,21604863
ZNMHENLYDLACAS-UHFFFAOYSA-N,O=C(O)CCCCCCCCC(=O)CCCCCCO,85837000
MHUZXLUKTLNHIX-GUNPMBPGSA-N,CCCCC/C=C\C/C=C\C/C=C\C/C=C\CCCC(=O)O[C@H](COC(=O)CCCCCCCCCCCCCCCC)COP(=O)([O-])OCC[N+](C)(C)C,24778518
YDBCEBYHYKAFRX-UHFFFAOYSA-N,COc1ccc(NC(=O)c2ccc(-c3ccc(-c4noc(C)n4)cc3C)cc2)cc1N1CCN(C)CC1,107780
GWNXFCYUJXASDX-ZDLURKLDSA-N,C[C@@H](O)[C@H](NC(=O)CC[C@H](N)C(=O)O)C(=O)O,53861142
SKCBPEVYGOQGJN-SOOFDHNKSA-M,[NH3+]C1O[C@H](COP(=O)([O-])[O-])[C@@H](O)[C@H]1O,49791989
MRLXXQBBRNRWDA-LIEMUPCESA-M,C[C@@H]1C(=O)OC[C@H]2C(C(=O)[O-])=C[C@@H]3CC(C)(C)C[C@]312,26195264
PQMSFAORUFMASU-UHFFFAOYSA-M,CC(=O)[N-]S(=O)(=O)c1ccc(N)cc1.[Na+],4022878
AHLPHDHHMVZTML-UHFFFAOYSA-O,[NH3+]CCCC([NH3+])C(=O)[O-],16755646
KXVADGBQPMPMIQ-UHFFFAOYSA-M,CN(C)c1ccc2c(-c3ccccc3)c3ccc(=[N+](C)C)cc-3oc2c1.[Cl-],2762680
NTSBZVCEIVPKBJ-UHFFFAOYSA-N,O=C1Cc2c([nH]c3ccc(Br)cc23)-c2ncccc2N1,6538897
YREISLCRUMOYAY-IIPCNOPRSA-N,C[C@@H](CO)NC(=O)[C@@H]1C=C2c3cccc4[nH]cc(c34)C[C@H]2N(C)C1.O=C(O)/C=C\C(=O)O,6437065
IJAULDQGSBFPPG-HHXOVEJCSA-N,C/C=C1/C[C@@]2(CO)O[C@@]2(C)C(=O)OCC2=CC[N+]3([O-])CC[C@@H](OC1=O)[C@@H]23,132282054
XHKQDFVQROFUEL-UHFFFAOYSA-L,Cc1cc2c(c(O)c1-c1c(C)cc(O)c3c1C(=O)c1ccc([O-])c(O)c1C3=O)C(=O)c1c(ccc([O-])c1O)C2=O,146672235
RYAUSSKQMZRMAI-YESZJQIVSA-N,C[C@@H](Cc1ccc(C(C)(C)C)cc1)CN1C[C@@H](C)O[C@@H](C)C1,11833620
VKWNWFUXGYTMCJ-CQKDPTPJSA-N,C=C1CC[C@H](O)C/C1=C/C=C1\CCC[C@@]2(C)[C@H]1CC[C@@H]2[C@@](C)(O)CC[C@H](O)C(C)C,118796928
IUWQYMDPRUPDGB-UHFFFAOYSA-O,COc1ccc(SCCc2cc[nH+]cc2)cc1,4685776
UIOFUWFRIANQPC-JKIFEVAISA-N,Cc1onc(-c2c(F)cccc2Cl)c1C(=O)N[C@@H]1C(=O)N2[C@@H]1SC(C)(C)[C@@H]2C(=O)O,21319
DGGUVLXVLHAAGT-NJGYIYPDSA-J,Nc1nc2c(c(=O)[nH]1)N=C([C@H](O)[C@@H](O)COP(=O)([O-])OP(=O)([O-])OP(=O)([O-])[O-])CN2,135398605
BVOCPVIXARZNQN-RXMQYKEDSA-N,NC(=O)[C@@H]1CCCNC1,854158
TUSWQPFNQXCPGB-ANPCENJRSA-N,CCC(C)/C(=N/OS(=O)(=O)O)S[C@@H]1O[C@H](CO)[C@@H](O)[C@H](O)[C@H]1O,20843351
IRILMCCKFANGJQ-HNNGNKQASA-L,C/C(=C\CNc1ncnc2c1ncn2[C@@H]1O[C@H](COP(=O)([O-])[O-])[C@@H](O)[C@H]1O)CO,25245853
UGEKKXLEYACFTD-LJQANCHMSA-N,C[C@]1(O)CC(=O)c2c(ccc3c2C(=O)c2cccc(O)c2C3=O)C1,11738774
UWYVPFMHMJIBHE-UPHRSURJSA-L,O=C(O)/C=C(\[O-])C(=O)[O-],54684453
LMGGPKYAWHDOLR-UHFFFAOYSA-N,Nc1cc(C=O)ccc1O,11521082
KLMZPLYXGZZBCX-TYOHIEAGSA-N,C[C@]1(O)C[C@@]23CC[C@H]4[C@]5(CCC[C@]4(C)C(=O)OC5)[C@H]2CC[C@@H]1C3,70697782
RAMUASXTSSXCMB-UHFFFAOYSA-N,CC(NC(=O)c1cc(Cl)cc(Br)c1NC(=O)c1cc(Br)nn1-c1ncccc1Cl)C1CC1,24822142
FIXJQRIEAIDXEN-KLWHAKNWSA-N,CCCCC/C=C\C\C=C/C=C/C=C/[C@@H](SC[C@H](N)C(=O)O)[C@@H](O)CCCC(=O)OC,124518515
HDTRYLNUVZCQOY-SOEYAOMHSA-N,OC[C@H]1O[C@H](O[C@H]2O[C@H](CO)[C@@H](O)[C@H](O)[C@H]2O)[C@H](O)[C@@H](O)[C@H]1O,53871978
WAMKWBHYPYBEJY-UHFFFAOYSA-N,CC1=C(C)C(=O)C(C)=C(C)C1=O,68238
OYIFNHCXNCRBQI-SCSAIBSYSA-N,N[C@H](CCCC(=O)O)C(=O)O,165627
WKRJQROSCMIDIN-BDAKNGLRSA-N,CC[C@@H](O)[C@@H](O)CCn1c(C)cnc2c(=O)[nH]c(=O)nc1-2,146170792
HVGRZDASOHMCSK-HZJYTTRNSA-N,CCCCC/C=C\C/C=C\CCCCCCCCCCCC(=O)O,5312554
XTVOPCAOTUZWHN-FNIOIVQNSA-N,Oc1ccc2c(c1)O[C@H](c1cc(O)c(O)c(O)c1)[C@H](O)[C@H]2c1c(O)cc(O)c2c1O[C@H](c1ccc(O)c(O)c1)[C@@H](O)C2,51042196
UELITFHSCLAHKR-UHFFFAOYSA-N,CSC(=O)c1cccc2nnsc12,86412
KLAOKWJLUQKWIF-UHFFFAOYSA-N,COc1ccc(-c2cc(=O)c3c(O)c(OC)c(OC)cc3o2)cc1O,97214
YDZIJQXINJLRLL-NSHDSACASA-N,CCCCCCCCCC[C@H](O)C(=O)O,9548808
JHSPCUHPSIUQRB-UHFFFAOYSA-N,NC(=O)c1c(Cl)cccc1Cl,16183
SEGCNGONCZQFDW-OMCISZLKSA-M,O=C1N=C([O-])CN1/N=C/c1ncc(-c2ccc(Br)cc2)o1,137553756
HCXVJBMSMIARIN-PHZDYDNGSA-N,CC[C@H](/C=C/[C@@H](C)[C@H]1CC[C@H]2[C@@H]3CC=C4C[C@@H](O)CC[C@]4(C)[C@H]3CC[C@]12C)C(C)C,5280794
SYAWGTIVOGUZMM-JHIAIUNDSA-M,CCCCC[C@@H](O)[C@H](O)C/C=C\C/C=C\C/C=C\CCCC(=O)[O-],40490688
HSMNQINEKMPTIC-UHFFFAOYSA-N,Nc1ccc(C(=O)NCC(=O)O)cc1,2148
YFIVBYGSVFHTOP-XIHRTOKZSA-N,C=C[C@@]1(C)CC[C@@]2(O1)[C@H](C)CC[C@H]1C(C)(C)CCC[C@@]12C,145712505
VVLXCWVSSLFQDS-QWRGUYRKSA-N,N[C@@H](CCC(=O)N[C@@H](Cc1ccc(O)cc1)C(=O)O)C(=O)O,94340
NOKPBJYHPHHWAN-REOHCLBHSA-M,[NH3+][C@@H](CSS(=O)(=O)[O-])C(=O)[O-],25203408
KAWPMBUMOSHIOP-WDSKDSINSA-N,N[C@@H](CCC(=O)N[C@@H](CS[Se])C(=O)NCC(=O)O)C(=O)O,53297413
MPNWPLYZGCKKFY-VDTYLAMSSA-N,NC(N)=NCC[C@@H](O)[C@@H](C(=O)O)N1CCC1=O,441124
SUXGLLRPXXXJER-LICLKQGHSA-N,CC(C)=CCC/C(C)=C/Cc1cc(C(=O)O)cc(CC=C(C)C)c1O,10360033
PUBYMNIINUUJLL-JOCQNMFKSA-N,C[C@H]1OC(OP(=O)(O)OP(=O)(O)OC[C@H]2O[C@@H](n3ccc(N)nc3=O)[C@H](O)[C@@H]2O)[C@H](O)[C@@H](O)C1=O,11988263
BZKRUVANVNUJOK-HBVUTLMMSA-M,CC/C=C\CC(O)/C=C/C=C\C=C\C=C\C1OC1CCCCCC(=O)[O-],132282545
WTIFIAZWCCBCGE-UUOKFMHZSA-L,Nc1nc2c(ncn2[C@@H]2O[C@H](CO)[C@@H](O)[C@H]2OP(=O)([O-])[O-])c(=O)[nH]1,135774241
FFGPTBGBLSHEPO-UHFFFAOYSA-N,NC(=O)N1c2ccccc2C=Cc2ccccc21,2554
CEFGDDVRIZLMOS-PFHIRXQESA-N,C=CC1=C(C)c2cc3[n-]c(cc4nc(cc5[n-]c(cc1n2)c(C)c5C=C)[C@](C)(O)[C@@]41CCC(=O)O1)c(CCC(=O)OC)c3C.[Fe],53356696
OAIGZYFGCNNVIE-ZPFDUUQYSA-N,CC(C)[C@H](NC(=O)[C@H](C)N)C(=O)N[C@@H](CC(=O)O)C(=O)N1CCC[C@H]1C(=O)O,71464602
MFSWTRQUCLNFOM-SECBINFHSA-N,COC(=O)[C@@H](C)Oc1ccc(Oc2ncc(C(F)(F)F)cc2Cl)cc1,13363033
ASYBZHICIMVQII-AKGZTFGVSA-N,NCCC(O)C[C@H](N)C(=O)O,18611297
PKDHDJBNEKXCBI-UHFFFAOYSA-N,Cc1cccc(C#Cc2ccccc2)n1.Cl,9794588
PAVMRYVMZLANOQ-UHFFFAOYSA-N,CC(=O)NC(C)c1ccccc1,222023
IRHTZOCLLONTOC-UHFFFAOYSA-N,CCCCCCCCCCCCCCCCCCCCCCCCCCO,68171
UCONUSSAWGCZMV-HZPDHXFCSA-N,CCCCCc1cc2c(c(O)c1C(=O)O)[C@@H]1C=C(C)CC[C@H]1C(C)(C)O2,98523
NGGZJRAGGXAXNO-RPBIHCLYSA-N,CO[C@H]1O[C@H](C)[C@@H](NC(=O)[C@@H](O)CCO)[C@H](O)[C@@H]1OC,10493930
GNTVWGDQPXCYBV-PELKAZGASA-N,CN=C1NC(=O)[C@H]([C@H](C)c2c[nH]c3ccccc23)O1,135417159
NHQSDCRALZPVAJ-HJQYOEGKSA-N,NC(N)=NCCCCN=c1nc(N)ccn1[C@@H]1O[C@H](CO)[C@@H](O)[C@H]1O,44593871
OQYZCCKCJQWHIE-UHFFFAOYSA-L,O=C([O-])CCCCCCC(O)CC(=O)[O-],20848938
CWGBIWRWBCYASK-LMHNVORZSA-N,COC(=O)C[C@H]1[C@]2(C)C3=C(C)[C@H](c4ccoc4)C[C@H]3O[C@@H]2[C@@H]2OC[C@]3(C)C=CC(=O)[C@@]1(C)[C@@H]23,14467538
JUQGWBAOQUBVFP-GZBFAFLISA-N,CC1=C[C@H]2C(=CC1)[C@@H](C)CC[C@@H]2C(C)C,50986185
TXHIPUZLOILIIU-RAJZRIHCSA-N,CC[C@H](C)[C@H](NC(=O)C[C@H]1CCC(=O)[C@H]1C/C=C\CCO)C(=O)O,101864665
DLURHXYXQYMPLT-UHFFFAOYSA-N,Cc1ccc(N)c([N+](=O)[O-])c1,6978
KEZRWUUMKVVUPT-UHFFFAOYSA-N,CN(C)CC(N)C(=O)O,303570
UPCKIPHSXMXJOX-UHFFFAOYSA-M,CCCCCC(=O)NCC(=O)[O-],1558063
AVSJXTVPIHQRPY-FDDDBJFASA-N,O=P1(O)OC[C@H]2O[C@@H](n3cnc4cncnc43)[C@H](O)[C@@H]2O1,14258195
PCKPVGOLPKLUHR-UHFFFAOYSA-N,Oc1c[nH]c2ccccc12,50591
PEEHTFAAVSWFBL-UHFFFAOYSA-N,O=C1C=CC(=O)N1,10935
FUZZWVXGSFPDMH-UHFFFAOYSA-M,CCCCCC(=O)[O-],4398339
VOKUMXABRRXHAR-VKHMYHEASA-N,C[C@@H](C=O)C(=O)O,5462303
WQYXCASYXUFNSI-UTJQPWESSA-N,CCCCC/C=C\C/C=C\CCCCCC(O)CC(=O)OC(CC(=O)[O-])C[N+](C)(C)C,71464556
ZIUFRHWVDXFFEI-UHFFFAOYSA-N,CCCC(=O)OCCCc1cc(OC)c2oc(-c3ccc4c(c3)OCO4)cc2c1,44237573
YSBOCCVHVWEKNX-GQPCKJKKSA-N,CCCCCCCCCCCCCCCCC(O)C(=O)N[C@@H](CO)[C@H](O)[C@H](O)CCCCCCCCCCC(C)C,71581144
GCKFUYQCUCGESZ-BPIQYHPVSA-N,C#C[C@]1(O)CC[C@H]2[C@@H]3CCC4=CC(=O)CC[C@@H]4[C@H]3C(=C)C[C@@]21CC,6917715
XYSBQYUENLDGMI-QGZVFWFLSA-L,CCCCCCCC(=O)OC[C@H](COP(=O)([O-])[O-])OC(=O)CCCCCCC,86289481
XXNOGQJZAOXWAQ-UHFFFAOYSA-N,NNc1ccc(Cl)cc1,70624
WBQUROCKWAJPFB-UHFFFAOYSA-N,C[n+]1c2ccccc2nc2c(C(=O)[O-])cccc21,50986167
HNDVDQJCIGZPNO-RXMQYKEDSA-N,[NH3+][C@H](Cc1cnc[nH]1)C(=O)[O-],6971048
KRCZYMFUWVJCLI-LPEHRKFASA-N,C=C(C)[C@H]1CC[C@H](C)[C@H](O)C1,443184
YFAUKWZNPVBCFF-XHIBXCGHSA-L,C[C@](O)(CO)[C@H](O)COP(=O)([O-])OP(=O)([O-])OC[C@H]1O[C@@H](n2ccc(N)nc2=O)[C@H](O)[C@@H]1O,24970669
MQOBSOSZFYZQOK-UHFFFAOYSA-N,CC(C)(Oc1ccc(C(=O)c2ccc(Cl)cc2)cc1)C(=O)O,64929
ZGLXUQQMLLIKAN-SVIJTADQSA-N,COc1cc([C@@H]2c3cc4c(cc3C[C@H]3COC(=O)[C@@H]32)OCO4)cc(OC)c1OC,345501
MEACACCQPBWCOO-UHFFFAOYSA-N,O=C(O)CCc1c(O)cc(C(=O)O)[nH]c1=O,54675773
CQQZVRUJSYPEQY-UHFFFAOYSA-N,Cn1c(=O)n(-c2ccc(-n3cccc3)cc2)c2c3cc(-c4cccnc4)ccc3ncc21,135563660
YFONKFDEZLYQDH-BOURZNODSA-N,Cc1ccc2c(c1)[C@H](Nc1nc(N)nc(C(C)F)n1)[C@@H](C)C2,44146693
YDVWWMILPXBXSV-UHFFFAOYSA-N,CCCCCCCCCCCCCCCc1cc(O)cc(=O)o1,54698088
LFEUICHQZGNOHD-RECXWPGBSA-M,COc1ccc(-c2coc3cc(O[C@@H]4O[C@H](CO)[C@@H](O)[C@H](O)[C@H]4O)cc([O-])c3c2=O)cc1,86289366
MDIBHDWHCLLWJU-FLOWIMSISA-N,CCCCC[C@H](O)/C=C/[C@H]1[C@H](O)CC(=O)[C@@H]1C/C=C\CCCC(=O)O[C@H](CO)COP(=O)(O)OCCN,129626688
PRUWPPRJQIGKNB-KHPPLWFESA-N,CC(C)=CCC/C(C)=C(/C)COP(=O)(O)OP(=O)(O)O,132282045
FDPYUFACKYXEAP-UHFFFAOYSA-N,CCCCC(C)CCCCCCCCC(=O)O,14298658
PPELYUTTZHLIAZ-CDUDAXDSSA-N,CC(=O)[C@H]1CC[C@H]2[C@@H]3CCC4=C/C(=N/OCC(=O)O)CC[C@]4(C)[C@H]3CC[C@]12C,11977776
UZSCBEJDBQICON-UHFFFAOYSA-M,O=C([O-])C1=CC(=O)c2ccccc2C1=O,17765245
KFEUJDWYNGMDBV-NMVBVQPTSA-N,CC(=O)N[C@H]1C(O)O[C@H](CO)[C@@H](O[C@@H]2O[C@H](CO)[C@@H](O)[C@H](O)[C@H]2O)[C@@H]1O,10022829
PJQLSMYMOKWUJG-UHFFFAOYSA-N,COc1ccc(-c2oc3cc(OC)c(OC)c(O)c3c(=O)c2OC)cc1O,5315263
CCVYRRGZDBSHFU-UHFFFAOYSA-M,O=C([O-])Cc1ccccc1O,6933325
ZAGRKAFMISFKIO-QMTHXVAHSA-N,CN1C[C@H](C(=O)O)C=C2c3cccc4[nH]cc(c34)C[C@H]21,6717
TXCGAZHTZHNUAI-UHFFFAOYSA-N,CC(C)(Oc1ccc(Cl)cc1)C(=O)O,2797
OOIYGIBLKJXABS-QMQOCPPKSA-M,CCCCCCCCCCCCCCCC(=O)OC[C@H](COP(=O)([O-])OC1[C@H](O)[C@H](O)C(O)[C@H](O)[C@H]1O)OC(=O)CCCCCCCCCCC,71668359
NMHMNPHRMNGLLB-UHFFFAOYSA-M,O=C([O-])CCc1ccc(O)cc1,5460080
PVMMMVHZRGMXED-UHFFFAOYSA-H,[Cl][Ir-2]([Cl])([Cl])([Cl])([Cl])[Cl],28154
SZRLKIKBPASKQH-UHFFFAOYSA-N,CCCCN(CCCC)C(=S)S,8685
VWXQFHJBQHTHMK-LURJTMIESA-M,[NH3+]CCC[C@H](NC(=O)CCC(=O)[O-])C(=O)[O-],25244550
WBEFUVAYFSOUEA-PQMHYQBVSA-N,O=C1/C(=C/c2ccc(O)c(O)c2)Oc2cc(O)cc(O)c21,5281220
OUMMPAFEQHTYIZ-UHFFFAOYSA-N,COc1cc(-c2cc(=O)c3ccc(O)cc3o2)ccc1O,5281618
FUCYIEXQVQJBKY-ZFWWWQNUSA-N,CC1=C[C@@H]2C(=C(C)CC[C@H]2C(C)C)CC1,441005
NDCUAPJVLWFHHB-UHNVWZDZSA-M,NC(=O)[C@@H]1CC[C@@H]2CN1C(=O)N2OS(=O)(=O)[O-],58319026
JMAFWCZDYHKNPQ-UHFFFAOYSA-N,CC1(C(N)=O)NCCS1,518692
RZAIXMBMAFKSQR-LXQZTTDRSA-N,OC[C@@H](O)[C@@H]1O[C@@H](O[C@@H]2[C@H](O)[C@@H](O)O[C@H](CO)[C@H]2O)[C@H](O)[C@H]1O,51351815
QVNNPTBCHMRANE-UHFFFAOYSA-M,Nc1c([O-])c2ccc(O)cc2oc1=O,71581068
NEDQLXHBVHSKNV-STQMWFEESA-N,NCCCCNCCCNC(=O)CNC(=O)[C@H](CS)NC(=O)CC[C@H](N)C(=O)O,440772
RKMHINMEXBCMOM-UHFFFAOYSA-N,Cc1[nH]c2ccccc2c(=O)c1-c1ccc(Oc2ccc(OC(F)(F)F)cc2)cc1,70683648
CDOKUYLTAYCBST-XBBQATOGSA-N,CC1=C(O)C(=O)C[C@H]2[C@]3(C)CC[C@@]4(C)[C@@H]5C[C@](C)(C(=O)O)CC[C@]5(C)CC[C@]4(C)[C@H]3CC[C@]12C=O,101616678
QLEHHUPUHJPURI-PWYDUFMYSA-N,CCCCC/C=C\C/C=C\CCCCCCCC(=O)O[C@H](CO/C=C\CCCCCCCCCCCCCC)COP(=O)([O-])OCC[N+](C)(C)C,24779386
LYAHJFZLDZDIOH-VURMDHGXSA-N,NC(=O)/C(=C\c1ccc([N+](=O)[O-])o1)c1ccco1,5280707
FPSNRFFFQDOELT-UHFFFAOYSA-N,c1ccc(CN2CCC(Nc3nc(-c4cccnc4)nc4ccccc34)CC2)cc1,4882879
MBBCVAKAJPKAKM-UHFFFAOYSA-N,O=C(NC1CCN(CCCCC2(C(=O)NCC(F)(F)F)c3ccccc3-c3ccccc32)CC1)c1ccccc1-c1ccc(C(F)(F)F)cc1,9853053
PECOKVKJVPMJBN-UHFFFAOYSA-N,[C-]#N.[C-]#N.[C-]#N.[C-]#N.[C-]#N.[Fe+4].[N-]=O.[Na+].[Na+],11963579
DJHULNDUQFBXME-DVMOUVJLSA-N,C=C1CC[C@H]2C(C)(C)[C@@H](O)CC[C@]2(C)[C@H]1CCC1=C(C)C(=O)C[C@H]2C(C)(C)C(=O)CC[C@]12C,53262849
MMMNTDFSPSQXJP-UHFFFAOYSA-N,Cc1ccccc1C(OCCN(C)C)c1ccccc1.O=C(O)CC(O)(CC(=O)O)C(=O)O,83823
PCEJMSIIDXUDSN-IUYQGCFVSA-M,C[C@H](N)C[C@@H](N)C(=O)[O-],5459787
XMDYZASWLGWIPL-DJWKRKHSSA-O,Nc1c(NC/C=C\COc2cc(C[NH+]3CCCCC3)ccn2)c(=O)c1=O,145712508
UZEGCBLKLBSVQM-YVPQVEMHSA-M,O=C([O-])CCCC1OC1C/C=C\C/C=C\C/C=C\CCCCCO,129626658
WIYYXLSPNGTKOH-OGBLRLSYSA-N,CCCCCCCCCCCCCC(=O)OC/C=C(C)/C=C/C=C(C)/C=C/C1=C(C)CCCC1(C)C,10051544
ROIFQUFJBJMXGF-IDTAVKCVSA-N,CC(C)=CCNc1[nH]c(=S)nc2c1ncn2[C@@H]1O[C@H](COP(=O)(O)O)[C@@H](O)[C@H]1O,71627202
AWQLNKJBXASXDU-SFDCBXKLSA-N,COc1cc([C@H]2[C@@H]3CCCC[C@@H]3C=C[C@@H]2C)oc(=O)c1C=O,119326
SJPDNXKPBQHPMZ-PUXRVUTHSA-N,CC(C)CCC[C@@H](C)[C@H]1CC[C@@]2(CO)C3=C(CC[C@]12C)[C@@]1(C)CC[C@H](O)C(C)(C)[C@@H]1CC3,15698821
GVJHHUAWPYXKBD-IEOSBIPESA-N,Cc1c(C)c2c(c(C)c1O)CC[C@@](C)(CCC[C@H](C)CCC[C@H](C)CCCC(C)C)O2,14985
WRAOMSYSAAAQTR-UHFFFAOYSA-N,CC(C)CCCCCCNS(=O)(=O)O,24796789
MDRFMTLYKHBJTF-NQYLGBTJSA-N,CCCCCCCC/C=C\CCCCCCCCCC(=O)N[C@@H](COP(=O)([O-])OCC[N+](C)(C)C)[C@H](O)/C=C/CCCCCCCCCCCCC,52931179
GSYQGRODWXMUOO-GYBHJADLSA-N,O=C(O)C1=C[C@H](O)[C@@H](OS(=O)(=O)O)[C@H](O[C@H]2[C@H](O)[C@@H](NS(=O)(=O)O)[C@@H](O)O[C@@H]2CO)O1,448838
FFUSYBVVEOYOMV-VPMPJQFESA-N,CCCCCC/C=C\CCCCCCCCCC(=O)O[C@H](COC(=O)CCCCCCCCCCCCCCCCCCC)COP(=O)([O-])OCC[N+](C)(C)C,24779033
OIGFBCOUXJVZJQ-UHFFFAOYSA-N,O=C(Cc1ccc(OS(=O)(=O)O)cc1)Nc1ncc(-c2ccc(OS(=O)(=O)O)cc2)nc1Cc1ccccc1,5459866
BTBUEVAGZCKULD-XPUUQOCRSA-N,C[C@H](N)C(=O)NCC(=O)N[C@@H](Cc1cnc[nH]1)C(=O)O,71464564
XQVSREKNQZKAKU-RZPRNJIHSA-N,C=C1C(=O)O[C@@H]2/C=C(\C)[C@@H](O)C/C=C(\C)CC[C@@H]12,12443216
FDJKUWYYUZCUJX-VTERZIIISA-N,O=C(CO)N[C@H]1[C@H]([C@H](O)[C@H](O)CO)O[C@@](O)(C(=O)O)C[C@@H]1O,9840259
VEPICJBQCOUQPI-IRVXXIIISA-N,CC(C)=CCC/C(C)=C/CC/C(C)=C/CC/C(C)=C/CC/C(C)=C/CC/C(C)=C/Cc1cc(C(=O)O)cc(O)c1O,5280760
QDGYMWPBIKSABL-DHIFEGFHSA-N,CC(C)(C)OC(=O)CC[C@]1(C(=O)N2CCCCC2)N=C(c2ccc(OCCCO)cc2)O[C@H]1c1ccccc1,23863215
FGZZVDYUQJYNBR-UHFFFAOYSA-N,Brc1ccc(-c2c(-c3ccccc3)c(-c3ccccc3)c(-c3ccc(Br)cc3)c3c2-c2cccc4cccc-3c24)cc1,24755582
IZEUIYYDWBKERE-ZRODXFKISA-N,CC[C@H](/C=C/[C@@H](C)[C@H]1CC[C@H]2[C@@H]3CC=C4C[C@@H](OC(C)=O)CC[C@]4(C)[C@H]3CC[C@]12C)C(C)C,6437330
YZDIZAOHDWYDBH-BQYQJAHWSA-N,C#CC#CC#C/C=C/C=O,5283343
SJGGDZCTGBKBCK-UHFFFAOYSA-N,CC(=O)c1cccc(B(O)O)c1,2734310
WRPWWVNUCXQDQV-UHFFFAOYSA-O,COc1cc(C[NH3+])ccc1O,6951328
TVZRAEYQIKYCPH-KETLRHEYSA-N,[2H]C([2H])(C([2H])([2H])[Si](C)(C)C)C([2H])([2H])S(=O)(=O)O,16217602
WGQKYBSKWIADBV-UHFFFAOYSA-N,NCc1ccccc1,7504
AYGOSKULTISFCW-KSZLIROESA-M,CCCCCCCCCCCCCC[C@@H](O)[C@@H](O)[C@@H]([NH3+])COP(=O)([O-])[O-],57339286
ZEGLQSKFSKZGRO-FYRHTRITSA-M,C=CCC(O)C/C(=N\OS(=O)(=O)[O-])S[C@@H]1O[C@H](CO)[C@@H](O)[C@H](O)[C@H]1O,9548635
GOCUAJYOYBLQRH-QMMMGPOBSA-M,C[C@H](Oc1ccc(Oc2ncc(C(F)(F)F)cc2Cl)cc1)C(=O)[O-],28125559
NIBXJCYCRLUCEJ-UHFFFAOYSA-M,[O]=[Mo](=[O])([O-])[OH],6394676
IJIHYLHFNAWUGR-UHFFFAOYSA-L,CC(CNC(=S)[S-])NC(=S)[S-],21584628
BFTGWUUHOMAGPO-PGUFJCEWSA-N,CCCCCCCCCCCCCCCCCC(=O)OC[C@H](O)COC(=O)CCCCCCCCCCCCCCC,91870182
CQEYYJKEWSMYFG-UHFFFAOYSA-N,C=CC(=O)OCCCC,8846
JXJIQCXXJGRKRJ-KOOBJXAQSA-N,CC(=O)/C=C/C=C(\C)CCC=C(C)C,1757003
SWDSVBNAMCDHTF-UHFFFAOYSA-N,CC(C)=CCc1cc(-c2coc3cc(O)cc(O)c3c2=O)ccc1O,5494866
CDDXFMWEYMJTPK-UHFFFAOYSA-N,C=CCC1(C(=O)OCC)CC1,12619317
AAAFZMYJJHWUPN-TXICZTDVSA-N,O=P(O)(O)OC[C@H]1O[C@H](OP(=O)(O)O)[C@H](O)[C@@H]1O,14035695
YMYZEYRNPFVYQM-UPFWHWMBSA-N,CC(=O)OC[C@]12CCCC(C)(C)[C@@H]1CC[C@]1(C)[C@@H]2C[C@@H](O)[C@]2(C)[C@@H]3C(=CC[C@@H]12)CO[C@H]3O,52951403
BMIHHOYYQXWVEG-QMMMGPOBSA-N,CSCCCCCC[C@@H](C(=O)O)N(O)O,90659194
VZCYOOQTPOCHFL-UPHRSURJSA-M,O=C([O-])/C=C\C(=O)O,11966254
USRGIUJOYOXOQJ-GBXIJSLDSA-N,C[C@@H](OP(=O)(O)O)[C@H](N)C(=O)O,3246323
BEHLMOQXOSLGHN-UHFFFAOYSA-N,O=S(=O)(O)Nc1ccccc1,431079
CKDCKFZTWLVMGR-LJQANCHMSA-N,COC(=O)N(C)CC[C@@]1(c2ccc(OC)c(OC)c2)C=CC(=O)CC1,443747
UXNHAIRVTPGNPL-KVTDHHQDSA-N,CP(=O)(O)O[C@H]1O[C@H](COP(=O)(O)OP(=O)(O)OP(=O)(O)O)[C@@H](O)[C@H]1O,70678978
PXUQTDZNOHRWLI-OXUVVOBNSA-O,COc1cc(-c2[o+]c3cc(O)cc(O)c3cc2O[C@@H]2O[C@H](CO)[C@@H](O)[C@H](O)[C@H]2O)cc(OC)c1O,443652
GYSSRZJIHXQEHQ-UHFFFAOYSA-N,CC1=C(C(=O)Nc2ccccc2)SCCO1,21307
ZMITXKRGXGRMKS-HLUDHZFRSA-M,C[C@]12CC[C@@H](OS(=O)(=O)[O-])C[C@@H]1CC[C@@H]1[C@@H]2CC[C@]2(C)C(=O)CC[C@@H]12,21123756
BJBUEDPLEOHJGE-IUYQGCFVSA-N,O=C(O)[C@@H]1NCC[C@@H]1O,11137200
GPFAJKDEDBRFOS-FKQDBXSBSA-N,CN1CC[C@]23c4c5ccc(OCCN6CCOCC6)c4O[C@H]2[C@@H](O)C=C[C@H]3[C@H]1C5,5311356
MOCJJJAHSBGNFS-IHWYNZOXSA-N,Cc1[nH]c2nc3c(ncn3[C@@H]3O[C@H](COP(=O)(O)O)[C@@H](O)[C@H]3O)c(=O)n2c1CC[C@H](N)C(=O)O,71581035
SCZVLDHREVKTSH-UHFFFAOYSA-N,COc1cc(-c2cc(=O)c3c(O)cc(O)cc3o2)ccc1O,5280666
LVUGIAPKIURDNR-UHFFFAOYSA-N,COc1cc(-c2ccccc2)c(OC)c(O)c1-c1ccc(O)cc1,57345621
LVTFSVIRYMXRSR-UHFFFAOYSA-N,Cc1cccc(N=Nc2ccc(N(C)C)cc2)c1,5934
XSXQXHMPBBNYRD-JJCZHOQLSA-N,OC[C@H]1O[C@@H](O[C@@H]2[C@H](O)COC(O)[C@H]2O)[C@H](O)[C@@H](O)[C@@H]1O,91862933
OSXOPUBJJDUAOJ-MWEXLPNRSA-N,CC[C@H]1O[C@H]1C/C=C\C/C=C\C/C=C\C/C=C\C/C=C\CCC(=O)O,35020807
KDXKERNSBIXSRK-RXMQYKEDSA-O,[NH3+]CCCC[C@@H]([NH3+])C(=O)[O-],5460922
AERBNCYCJBRYDG-KSZLIROESA-N,CCCCCCCCCCCCCC[C@@H](O)[C@@H](O)[C@@H](N)CO,122121
BUJZTFINDCQRGP-MUODBDBBSA-N,CC(=O)N[C@@H]1[C@@H](O[C@@H]2OC(C(=O)O)=C[C@H](O)[C@H]2O)[C@@H](O)[C@@H](COS(=O)(=O)O)O[C@H]1O,5288050
GAYAKNYWWOBJHZ-UHFFFAOYSA-N,CC(C)CCCCCCCCNS(=O)(=O)O,24796785
LNKVWJBNESETCJ-UHFFFAOYSA-N,COC(=O)c1c(Cl)ccc2cc(Cl)cnc12,13090820
FDKWRPBBCBCIGA-REOHCLBHSA-O,[NH3+][C@@H](C[Se])C(=O)O,6398634
GFRQGVULYBEAES-ZDUSSCGKSA-N,CCCCCCCCCCCC(=O)[C@@H](N)CO,70679051
BZNIIOGSANMIET-AUSXQUMQSA-N,CC1(C)CC[C@]23CC[C@]4(C)[C@H](CC[C@@H]5[C@@]6(C)CC[C@H](O)C(C)(C)[C@@H]6CC[C@]54C)[C@H]2C1OC3,10939153
KGSZHKRKHXOAMG-HQKKAZOISA-N,CC(C)=CCC[C@]1(C)[C@@H](CC=C(C)C)C[C@@]2(CC=C(C)C)C(=O)[C@]1(C(=O)C(C)C)C(=O)C(CC=C(C)C)=C2O,441298
WUWWQOPSMGVQAG-QGZVFWFLSA-N,O=C(O)[C@H](O)Cc1c[nH]c2ccc(OCc3ccccc3)cc12,45266521
FUCSLKWLLSEMDQ-MKYGIPPKSA-N,O[C@]12C=C(c3nccc4c3[nH]c3ccccc34)[C@@H]3CCN(CCCC/C=C\CC1)C[C@@]31C[C@@H]3/C=C\CCCCN3[C@H]12,6509753
AGTPCXBHIGMTEU-NREGDSCDSA-N,CCCCC/C=C\C/C=C\CCCCCCCC(=O)O[C@H](COC(=O)CCCCCCCCCCCCCCCCC)COP(=O)(O)OC[C@H](N)C(=O)O,9547091
QNGJROMMAHOOFQ-JSUDGWJLSA-L,Nc1nc2c(c(=O)[nH]1)N[C@H]1C([S-])=C([S-])[C@@H](COP(=O)(O)O)O[C@H]1N2.[O]=[Mo+2]=[S],136351798
UJUVFUFXJONDDC-XSZXJSRZSA-N,CCCCCCCC/C=C\CCCCCCCC(=O)O[C@H](CO)COP(=O)(O)OC[C@H](O)CO,131953102
ZNRGQMMCGHDTEI-FUNVUKJBSA-N,CN1[C@@H]2CC[C@H]1CC(OC(=O)c1c[nH]c3ccccc13)C2,656665
FLHJZUQGFPJXRD-UHFFFAOYSA-N,CN(C)CC(=O)Nc1n[nH]c2ccc(-c3cn(Cc4ccccc4)nn3)cc12,49830468
BBLGCDSLCDDALX-LKGBESRRSA-N,C/C=C(\C)[C@H](O)[C@H](C)/C=C(C)/C=C/C/C(C)=C/Cc1[nH]c(OC)c(OC)c(=O)c1C,6437838
KQNZDYYTLMIZCT-KQPMLPITSA-N,C[C@H]1CCC/C=C/[C@@H]2C[C@H](O)C[C@H]2[C@H](O)/C=C/C(=O)O1,5287620
JRHWHSJDIILJAT-UHFFFAOYSA-M,CCCC(O)C(=O)[O-],13879500
MHPSUMPGWBYSSV-UHFFFAOYSA-N,COc1c(O)c(C2CCCN2C)c2oc(-c3ccc(O)cc3)cc(=O)c2c1O,442868
GKUMMDFLKGFCKH-AHMUMSBHSA-M,CSCCCC/C(=N/OS(=O)(=O)[O-])S[C@@H]1O[C@H](CO)[C@@H](O)[C@H](O)[C@H]1O,6537199
DQKMNCLZNGAXNX-VCZQVZGSSA-N,CCCCCCCCCCCCCCCCCC(=O)OC[C@@H](COC(=O)CCCCCCCCCCCCCCC)OC(=O)CCCCCCCCCCCCCCC,3246953
CXISPYVYMQWFLE-VKHMYHEASA-N,C[C@H](N)C(=O)NCC(=O)O,6998029
SZCMHDLOUVZYST-UHFFFAOYSA-N,CC(C)N(C(=O)CS(=O)(=O)O)c1ccc(F)cc1,16212225
UHBYWPGGCSDKFX-VKHMYHEASA-N,N[C@@H](CC(C(=O)O)C(=O)O)C(=O)O,104625
JHFNSBBHKSZXKB-VKHMYHEASA-N,N[C@@H](CC(=O)O)C(=O)NCC(=O)O,151148
OVEAWSPZRGBTSS-UHFFFAOYSA-N,O=C(O)CC(=O)NC(Cc1c[nH]c2ccccc12)C(=O)O,5199636
BQMSKLCEWBSPPY-IKVTXIKFSA-N,C[C@H](CCCC(C)(C)O)[C@H]1CC[C@H]2[C@@H]3[C@H](O)C=C4C[C@@H](O)CC[C@]4(C)[C@H]3CC[C@]12C,11954197
GLDAZAQRGCSFNP-UHFFFAOYSA-N,COc1nn(C(=O)NS(=O)(=O)c2c(C(=O)O)csc2C)c(=O)n1C,20056440
HMQPEDMEOBLSQB-LODBTCKLSA-N,CC(=O)N[C@@H]1[C@@H](O[C@@H]2O[C@H](CO)[C@H](O)[C@H](O)[C@H]2O)[C@H](O)[C@@H](CO)O[C@H]1O,10177989
KACPVQQHDVBVFC-OIFXTYEKSA-L,N/C(C(=O)[O-])=C(/C=C\C=O)C(=O)[O-],9543319
BBZGOLNDVQZCIH-UHFFFAOYSA-N,CN1CCCCC1c1c(O)cc(O)c2c(=O)cc(-c3ccccc3)oc12,5352072
MRWKWISFCDSNQN-UHFFFAOYSA-N,CCCCCC(O)CCCCCCCCCCCC(=O)O,5282911
RSIZIZJZWMQYBR-MCBYAYSZSA-M,CCCCCCCC/C=C\CCCCCCCC(=O)OC[C@H](COP(=O)([O-])OCCNC(=O)CCCCCCCCCCCCCCC)OC(=O)CCCCCCC/C=C\CCCCCCCC,86289463
HJORMJIFDVBMOB-UHFFFAOYSA-N,COc1ccc(C2CNC(=O)C2)cc1OC1CCCC1,5092
YIBNHAJFJUQSRA-YNNPMVKQSA-N,CCCCC[C@H](O)/C=C/[C@@H]1[C@@H](C/C=C\CCCC(=O)O)[C@@H]2C[C@H]1OO2,445049
IWYDHOAUDWTVEP-UHFFFAOYSA-M,O=C([O-])C(O)c1ccccc1,3839223
BOFBVWROGCPAFH-ZIXRSAMDSA-N,CC/C=C\C[C@@H](O)/C=C/C=C\C=C\C=C\[C@@H]1O[C@H]1C/C=C\CCC(=O)O,53477503
PRZFATFRGRQGHI-WHUSYDGZSA-N,CCCCCCCCCCCCC/C=C/[C@@H](O)[C@H](COP(=O)([O-])OCC[NH3+])NC(=O)CCCCC,86289486
NLLZQKHFTCHPED-USYVTKNRSA-N,C=C[C@]1(C)CC[C@@H]2C(=CC[C@@H]3[C@]2(C)CCC[C@]3(C)C=O)C1,56927944
MVCRZALXJBDOKF-JPZHCBQBSA-N,COC(=O)N[C@H](C(=O)OC)C(O)Cc1c(C)nc2n(C)c3c(ncn3[C@@H]3O[C@H](COP(=O)(O)O)[C@@H](O)[C@H]3O)c(=O)n12,71581015
XHGGEBRKUWZHEK-UHFFFAOYSA-M,O=[Te](=O)([O-])O,9548785
ZWLPBLYKEWSWPD-UHFFFAOYSA-N,Cc1ccccc1C(=O)O,8373
WPWFMRDPTDEJJA-FAXVYDRBSA-N,CC1=C(/C=C/C(C)=C/C=C/C(C)=C/c2cc(/C=C/C=C(C)/C=C/C3=C(C)CCCC3(C)C)cc[n+]2CCO)C(C)(C)CCC1,11007064
FLWFHHFTIRLFPV-UHFFFAOYSA-N,CCCCC(C(=O)O)C(=O)N(Nc1ccccc1)c1ccccc1,19161
OVVGHDNPYGTYIT-BPWKZVFASA-N,C[C@@H]1O[C@@H](OC[C@H]2OC(O)[C@H](O)[C@@H](O)[C@H]2O)[C@@H](O)[C@H](O)[C@@H]1O,91858985
VKMYTDDVUBGBDH-UUOKFMHZSA-L,Nc1nc(N[C@@H]2O[C@H](COP(=O)([O-])[O-])[C@@H](O)[C@H]2O)c(NC=O)c(=O)[nH]1,135911923
OOEDHTCVMHDXRH-IWQZZHSRSA-N,O=C(O)/C=C\CC(=O)C(=O)O,5280595
FBMJGDCKBKUMJF-UHFFFAOYSA-N,CC(=O)Nc1cc(Nc2cc(NC3CC3)n3ncc(C#N)c3n2)ccc1N(C)CCN,56946894
NYWZBRWKDRMPAS-CTAKWSDESA-N,CC(=O)N[C@H]1[C@H]([C@H](O)[C@H](O)COC(C)=O)O[C@@](O)(C(=O)O)C[C@@H]1O,13991612
YAXFVDUJDAQPTJ-UHFFFAOYSA-N,O=C1CCC(Cc2ccc(O)c(OS(=O)(=O)O)c2)O1,129626609
DOFZAZXDOSGAJZ-UHFFFAOYSA-N,CCOP(=S)(OCC)SCCSCC,3118
RYDWGVPXXFYEQD-UHFFFAOYSA-N,Cc1c(O)ccc2c(O)c(N)c(=O)oc12,54691342
WYZWZEOGROVVHK-GTMNPGAYSA-N,C[C@@H]1C[C@H]2O[C@@H]2/C=C\C=C\C(=O)Cc2c(Cl)c(O)cc(O)c2C(=O)O1,6323491
JYYFMIOPGOFNPK-AGRJPVHOSA-N,CC/C=C\C/C=C\C/C=C\CCCCCCCC(=O)OCC,5367460
WZIDRQSTDHWOFE-APFDGTSBSA-N,CCCCCCCCCCCCCCCCCCCCCCCCC(=O)N[C@@H](CO)[C@H](O)/C=C/CCCCCCCCC(C)CC,118797953
BNUHAJGCKIQFGE-UHFFFAOYSA-N,COc1ccc([N+](=O)[O-])cc1,7485
XSXIVVZCUAHUJO-HZJYTTRNSA-M,CCCCC/C=C\C/C=C\CCCCCCCCCC(=O)[O-],40846588
UTGDEXKGRFRGPM-HFACTSAFSA-N,O=C(/C=C/C(Cl)=C(\O)C(=O)O)C(=C(Cl)Cl)c1ccc(Cl)cc1,5280975
GTZCVFVGUGFEME-IWQZZHSRSA-K,O=C([O-])/C=C(/CC(=O)[O-])C(=O)[O-],5459816
JYZJYKOZGGEXSX-CYBMUJFWSA-N,CCCCCCCCCCCC[C@@H](O)C(=O)O,53982154
IYUKVCGRCMQIPB-UHFFFAOYSA-N,CC(=O)OCCCc1ccc2oc(-c3ccc4c(c3)OCO4)cc2c1,44237572
SSIZLKDLDKIHEV-UHFFFAOYSA-N,Oc1c(Br)cccc1Br,11847
YLDMPBGXNLGSQO-BFEVMTRQSA-L,CCCCCC/C=C\CCCCCCCC(=O)OC[C@H](COP(=O)([O-])[O-])OC(=O)CCCCCCC/C=C\CCCCCC,71627312
NOTGFIUVDGNKRI-UUOKFMHZSA-L,NC(=O)c1ncn([C@@H]2O[C@H](COP(=O)([O-])[O-])[C@@H](O)[C@H]2O)c1N,45266657
RRJHESVQVSRQEX-SUYBPPKGSA-M,Cn1nnnc1SCC1=C(C(=O)[O-])N2C(=O)[C@@H](NC(=O)[C@H](OC=O)c3ccccc3)[C@H]2SC1,40467085
DHOBWLDZMMCUPR-QBINLZOGSA-N,C/C=C/C=C/C=C/C1=CC2=CC(=O)[C@](C)(OC(=O)C[C@H](C)O)C(=O)C23OC3O1,9977422
PZWVXQVKPAZYRZ-GIIUFEGQSA-N,CCC(C)CC(C)/C=C(C)/C=C/C(=O)C[C@H]1C2=COC([C@H]3C(=O)C[C@H](O)C[C@@H]3C)=CC2=CC(=O)[C@]1(C)O,56833383
LHHGDZSESBACKH-UHFFFAOYSA-N,O=C1C2(Cl)C3(Cl)C4(Cl)C(Cl)(Cl)C5(Cl)C3(Cl)C1(Cl)C5(Cl)C24Cl,299
BQZXUHDXIARLEO-UHFFFAOYSA-N,COc1nc(C)nc(N(C)C(=O)NS(=O)(=O)c2ccccc2C(=O)O)n1,91772
KRCZYMFUWVJCLI-GUBZILKMSA-N,C=C(C)[C@H]1CC[C@H](C)[C@@H](O)C1,89755
RKOISILXSYNZKS-IINAIABHSA-N,Nc1ccn([C@@H]2O[C@H](COP(=O)(O)O)[C@@H](O)[C@H]2O)c(=NCCCC[C@H](N)C(=O)O)n1,86290192
ICUTUKXCWQYESQ-UHFFFAOYSA-N,O=C(Nc1ccc(Cl)cc1)Nc1ccc(Cl)c(Cl)c1,7547
RYAKCZURVOCRAI-TYAFUOHSSA-M,CC/C=C\C/C=C\[C@H](/C=C\CCCCCCCC(=O)[O-])OO,123132020
SBPSVLLDDYOPDZ-CSKARUKUSA-N,CCOP(=O)(F)/N=C(\C)N(CC)CC,132472361
FZJOTYMARNGISF-SHPAXQKOSA-M,CCCCC/C=C\C[C@@H](O)C/C=C/C=C/[C@@H](SC[C@H]([NH3+])C(=O)[O-])[C@@H](O)CCCC(=O)[O-],122164873
ONIBWKKTOPOVIA-UHFFFAOYSA-M,O=C([O-])C1CCCN1,5460770
MPMDLNLJFJLITQ-RBSILHGTSA-N,O=C(O)C(=O)/C=C1/C=C[C@H](O)CC1,86583390
QLBZIZLLMNWTHG-UHFFFAOYSA-N,O=Cc1c[nH]c2cccc(O)c12,9815282
FAYPJOANJXGJTO-LIWWULAASA-N,CCCCC/C=C\C/C=C\CCCCCCCC(=O)O[C@H](CO/C=C\CCCCCCCC/C=C\CCCCCC)COP(=O)(O)OCCN,53480869
YHPMNQOQULEBNK-CJPQEGFPSA-N,O=C1C(O)=C[C@@H](O)[C@H](O)[C@H]1O,441200
WOUDXEYYJPOSNE-VKZDFBPFSA-N,C=C1CCO[C@]2([C@@H](O)[C@@](C)(O)CO)NC(=O)[C@@]1(O)NC2=O,65807
VXMXKDAHJURHEN-SDBHATRESA-K,CC(C)=CCNc1ncnc2c1ncn2[C@@H]1O[C@H](COP(=O)([O-])OP(=O)([O-])[O-])[C@@H](O)[C@H]1O,25202829
KTTMEOWBIWLMSE-UHFFFAOYSA-N,O1[As]2O[As]3O[As]1O[As](O2)O3,518605
FISYZJITBVGXRR-HOTGVXAUSA-N,N[C@@H](CCC(=O)O)C(=O)N[C@@H](CCC(=O)O)C(=O)Nc1ccc2ccccc2c1,7020033
XVIZOEGEWDVLRY-FKIZINRSSA-N,CC1(C)CCc2c(c(O)cc3c2[C@@H]2Oc4cc5c(cc4[C@@H]2CO3)OCO5)O1,25231270
NTNWOCRCBQPEKQ-YFKPBYRVSA-M,CN=C(N)NCCC[C@H](N)C(=O)[O-],60105541
YAHJJEDSBUXVRQ-KXBFYZLASA-N,CC1(C)CCc2c(ccc3c2O[C@H]2c4ccc(O)cc4OC[C@@H]32)O1,121232634
CFKMVGJGLGKFKI-UHFFFAOYSA-N,Cc1cc(O)ccc1Cl,1732
SIEYLFHKZGLBNX-UHFFFAOYSA-N,CCCCN1CCCCC1C(=O)Nc1c(C)cccc1C.Cl,64737
NJOIWWRMLFSDTM-VIFPVBQESA-N,C=C(C)[C@@H](CCC(C)=O)CC(=O)O,443173
CAARYRKDWMNHCB-UHFFFAOYSA-R,[NH3+]CCCC[NH+](CCC[NH3+])CCC[NH3+],86289947
FSBIGDSBMBYOPN-VKHMYHEASA-N,NC(N)=NOCC[C@H]([NH3+])C(=O)[O-],46224610
RKEWSXXUOLRFBX-UHFFFAOYSA-O,CC(C)COc1ccc(CNC(=O)N(Cc2ccc(F)cc2)C2CC[NH+](C)CC2)cc1,26985716
PIYTUGMLAKPQKI-HOXQHFATSA-M,[NH3+][C@@H](CC(/C=C\[O-])=C\C(=O)C(=O)O)C(=O)[O-],25245024
BOJKULTULYSRAS-OTESTREVSA-N,C=C1CC[C@@H]2[C@](C)(CO)[C@H](O)CC[C@@]2(C)[C@@H]1C/C=C1/C(=O)OC[C@H]1O,5318517
MOCJJJAHSBGNFS-IHWYNZOXSA-N,Cc1[nH]c2nc3c(ncn3[C@@H]3O[C@H](COP(=O)(O)O)[C@@H](O)[C@H]3O)c(=O)n2c1CC[C@H]([NH3+])C(=O)[O-],71581127
HHJTWTPUPVQKNA-JIAPQYILSA-O,CCCCCCCCCCCCC/C=C/[C@@H](O)[C@@H]([NH3+])CO[C@@H]1O[C@H](CO)[C@@H](O)[C@H](O)[C@H]1O,86583476
XQLJWQWRTLHKGO-UHFFFAOYSA-N,O=C(Oc1cc(O)c2c(c1)OC(c1cc(O)c(O)c(O)c1)CC2)c1cc(O)c(O)c(O)c1,11669392
OVOJUAKDTOOXRF-UHFFFAOYSA-N,O=[N+]([O-])c1ccc(S(=O)(=O)O)c([N+](=O)[O-])c1,6959
LPLLVINFLBSFRP-MRVPVSSYSA-N,CN[C@H](C)C(=O)c1ccccc1,24011714
JMIFGARJSWXZSH-UHFFFAOYSA-N,CC(C)Oc1ccc(-c2cnc3c(-c4ccnc5ccccc45)cnn3c2)cc1,50997747
HAVWRBANWNTOJX-UHFFFAOYSA-N,COc1cc2ccc(=O)oc2c(O)c1O,5273569
NAAJVHHFAXWBOK-ZDUSSCGKSA-N,CC(C)=CC(=O)C[C@H](C)c1ccc(C)cc1,160512
ZGXJTSGNIOSYLO-UHFFFAOYSA-O,[NH3+]CC(=O)CCC(=O)O,12087606
RFLLOBSXBJAGST-UHFFFAOYSA-N,O=C(O)CCc1ccc2n1[B-](F)(F)[N+]1=C(c3ccccc3)C=CC1=C2,44140627
KACPVQQHDVBVFC-OMUGJNSGSA-M,N/C(C(=O)O)=C(/C=C/C=O)C(=O)[O-],136351786
OENHQHLEOONYIE-BVZAMQQESA-N,CC1=C(/C=C/C(C)=C\C=C\C(C)=C\C=C\C=C(C)\C=C\C=C(C)\C=C\C2=C(C)CCCC2(C)C)C(C)(C)CCC1,9828626
RZRNAYUHWVFMIP-QJRAZLAKSA-N,CCCCCCCC/C=C\CCCCCCCC(=O)OC[C@@H](O)CO,12178130
QIADQBIXDULDTJ-XYMCEGRYSA-L,CC(C)C(=O)/C=C\C(C(=O)[O-])=C(\[O-])C(=O)O,54675853
JORBVYOHRWCTFB-GONZANLZSA-N,CCCCC[C@H](O)/C=C/[C@@H]1[C@@H](C/C=C\CCCC(=O)O[C@H](CO)COP(=O)([O-])OCC[NH3+])[C@@H]2C[C@H]1OO2,129626794
PINBPLCVZSKLTF-UHFFFAOYSA-N,O=C(O)c1cc(C(F)(F)F)ccc1C(F)(F)F,736187
QUOLUWPVABJBKU-SFHVURJKSA-N,N[C@@H](Cc1ccccc1)C(=O)Nc1ccc2ccccc2c1,102477
TUAHORSUHVUKBD-UHFFFAOYSA-N,c1ccc2c(c1)ccc1ccc3ccccc3c12,9136
AUWRHMAICBSXMC-UHFFFAOYSA-N,C[N+](C)(C)C(CCC(=O)[O-])OC(=O)CCCCCC(=O)O,71464499
VCTBNHVCBSUQPG-LYEDQDQISA-N,OC[C@H]1O[C@H](O[C@@H]2COC(O)[C@H](O)[C@H]2O)[C@H](O)[C@@H](O)[C@@H]1O,91851581
REIUXOLGHVXAEO-UHFFFAOYSA-N,CCCCCCCCCCCCCCCO,12397
QQVIHTHCMHWDBS-UHFFFAOYSA-M,O=C([O-])c1cccc(C(=O)O)c1,5461077
UOACBPRDWRDEHJ-KVQBGUIXSA-K,Nc1[nH]c(=O)nc2c1ncn2[C@H]1C[C@H](O)[C@@H](COP(=O)([O-])OP(=O)([O-])OP(=O)([O-])O)O1,56927733
VUEKZTPMPCTKDK-NZQWTBGOSA-N,C=C1C/C(=C/C)C(=O)O[C@@H]2CC[N+]3([O-])CC=C(COC(=O)[C@]1(C)OC(C)=O)[C@H]23,102144112
PXDNXJSDGQBLKS-UHFFFAOYSA-N,COc1cc(OC)nc(NC(=O)NS(=O)(=O)c2cc(NC=O)ccc2C(=O)N(C)C)n1,11419598
MPYHGNAJOKCMAQ-MRXNPFEDSA-N,COc1ccc(C[C@@H]2c3cc(OC)c(OC)cc3CCN2C)cc1O,442304
JISACBWYRJHSMG-UHFFFAOYSA-N,COP(=S)(OC)Oc1ccc(S(=O)(=O)N(C)C)cc1,5859
NSVFSAJIGAJDMR-UHFFFAOYSA-N,CC1=C(C(=O)OCCN(Cc2ccccc2)c2ccccc2)C(c2cccc([N+](=O)[O-])c2)C(P2(=O)OCC(C)(C)CO2)=C(C)N1,119171
BJUWUCQZCXGYNI-NJABCCJWSA-N,C[C@H](CCCC/C=C/C(=O)O)O[C@@H]1O[C@@H](C)[C@H](OC(=O)c2ccc(O)cc2)C[C@H]1O,86289885
LHYHMMRYTDARSZ-XQLPTFJDSA-N,CC1=C[C@@H]2[C@@H](CC1)[C@@](C)(O)CC[C@H]2C(C)C,160799
UUFVSGRELDGPGL-QJRAZLAKSA-N,CCCCCCCC/C=C\CCCCCCCC(=O)N[C@@H](CCC(=O)O)C(=O)O,6913738
MMAYTCMMKJYIAM-RUGRQLENSA-N,CC[C@H]1C[C@@H]2CN3CCc4c([nH]c5ccc(OC)cc45)[C@](C(=O)OC)(C2)[C@H]13,73255
XCGBHLLWJZOLEM-VIFPVBQESA-N,C[C@H]1CC(C)(C)c2c(F)ccc(NC(=O)c3cn(C)nc3C(F)F)c21,90357047
BSOLAQMZTBVZLA-UHFFFAOYSA-N,NC(Cc1ccc([O])cc1)C(=O)O,5460803
AFHNYJFSTNQXTK-MTROFRMRSA-N,CCCCC/C=C\C/C=C\C/C=C\CCCCCCC(=O)O[C@H](CO/C=C\CCCCCCCCCCCCCCCC)COP(=O)(O)OCCN,52925088
KSNNYMFBQQASJN-QGQXVBDASA-N,CC1=C(CC/C(C)=C/CC/C(=C\CC(O)C2=CC(=O)OC2O)CO)C(C)(C)CCC1,24896702
GKUMMDFLKGFCKH-AHMUMSBHSA-N,CSCCCC/C(=N/OS(=O)(=O)O)S[C@@H]1O[C@H](CO)[C@@H](O)[C@H](O)[C@H]1O,6537200
RZGZMLICFFEUIQ-UHFFFAOYSA-N,O=C(O)CCCCNC1(c2ccccc2)CCCCC1,173576
QHATUKWEVNMHRY-UHFFFAOYSA-N,CN(C)CCc1c[nH]c2ccc(CS(=O)(=O)N3CCCC3)cc12.O=C(O)CC(O)C(=O)O,123607
ITIDLBCKKSNAPK-RRJHOXOUSA-M,CCCCC/C=C\C/C=C\C/C=C\C/C=C\CCCC(=O)O[C@H](CO)COP(=O)([O-])OC[C@H]([NH3+])C(=O)[O-],86289376
OXZPGZPXSCUIQZ-KTKRTIGZSA-M,CCCCCCCC/C=C\CCOS(=O)(=O)[O-],24796649
HVXVNFNRJMVTAU-NLIKTBTLSA-N,CC(C)CCC[C@@H](C)[C@H]1CCC2=C3CCC4C(C)(C)[C@@H](O)CC[C@]4(C)[C@H]3CC[C@@]21C,57320776
YCCJQVHLPJDRDY-NHCUHLMSSA-N,C[C@@H](O)CCCCCCCCCCCCCCCCC[C@@H](O)CC(=O)O,86289842
WHTVZRBIWZFKQO-UHFFFAOYSA-P,CC[NH+](CC)CCCC(C)Nc1cc[nH+]c2cc(Cl)ccc12,24848403
JAMQIUWGGBSIKZ-ZDUSSCGKSA-N,C=C[C@H](OC(C)=O)c1ccc(OC(C)=O)cc1,119104
IPWKGIFRRBGCJO-QWWZWVQMSA-N,C[C@@H](N)C(=O)N[C@H](CO)C(=O)O,1549439
NHVNXKFIZYSCEB-XLPZGREQSA-N,Cc1cn([C@H]2C[C@H](O)[C@@H](COP(=O)(O)OP(=O)(O)OP(=O)(O)O)O2)c(=O)[nH]c1=O,64968
MVVPIAAVGAWJNQ-DOFZRALJSA-N,CCCCC/C=C\C/C=C\C/C=C\C/C=C\CCCC(=O)NCCc1ccc(O)c(O)c1,5282105
MBZWIPOSTWTKSV-ZETCQYMHSA-N,CC(=O)NCCC[C@H](N)CC(=O)O,71362326
VHRSUDSXCMQTMA-PJHHCJLFSA-N,C[C@H]1C[C@@H]2[C@H]([C@@H](O)C[C@@]3(C)[C@H]2CC[C@]3(O)C(=O)CO)[C@@]2(C)C=CC(=O)C=C12,6741
IHPYMWDTONKSCO-UHFFFAOYSA-N,O=S(=O)(O)CCN1CCN(CCS(=O)(=O)O)CC1,79723
UQGVUYNHDKMLSE-UHFFFAOYSA-N,O=C1c2c(O)cc(O)cc2OCC1c1ccc(O)cc1,9838356
NPMQEIOINVDLMV-UHFFFAOYSA-N,C=C1OC(C)=C(O)C1=O,17755065
LNZHBUPVHNJGJG-UHFFFAOYSA-N,Oc1cc(Br)c(Br)c(Br)c1Oc1ccc(Br)cc1Br,11952901
MMJKSUJYDHTZJV-WVSKRKQGSA-N,CC[C@H](C)C(=O)c1c(O)cc(O)cc1O[C@@H]1O[C@H](CO)[C@@H](O)[C@H](O)[C@H]1O,14412552
AELCINSCMGFISI-BDAKNGLRSA-N,N[C@H]1C[C@@H]1c1ccccc1,26070
UWWVLQOLROBFTD-GADKELDLSA-O,CCCC[C@@H](C)[C@@H](O)[C@@H](O)C[C@@H](C)C[C@H](O)CCCC[C@@H](O)C[C@H](O)[C@H](C)[NH3+],53262322
LSXGADJXBDFXQU-DLOVCJGASA-N,C[C@H](NC(=O)[C@@H](N)Cc1ccccc1)C(=O)N[C@@H](CC(=O)O)C(=O)O,71728363
MYYIAHXIVFADCU-QMMMGPOBSA-N,Cn1cncc1C[C@H](NC(=O)CCN)C(=O)O,112072
QXDXBKZJFLRLCM-UAKXSSHOSA-N,O=c1[nH]c(=O)n([C@@H]2O[C@H](CO)[C@@H](O)[C@H]2O)cc1O,94196
YQBOXVWMECPEJS-SCZZXKLOSA-N,Nc1nc(NC2CC2)c2ncn([C@H]3C=C[C@@H](COP(=O)(O)O)C3)c2n1,469588
OHUXILVCUSQMMW-RRHRGVEJSA-N,CCCCCCCCCCCCCCCCCCCCCC(=O)OC[C@H](COP(=O)(O)OCCN)OC(=O)CCCCCCCCCCCCCC,52924718
AGQKQQAJRFTOGL-XPTMXNASSA-N,CC/C=C\C/C=C\C/C=C\CCCCCCCC(=O)O[C@H](COC(=O)CCCCCCCCCCCCC)COP(=O)([O-])OCC[N+](C)(C)C,24778625
PYDUENRHWXNYLP-KBPBESRZSA-N,O=C1N[C@H]2Cc3ccc(O)c(c3)-c3cc(ccc3O)C[C@@H]1NC2=O,59053147
SMWDFEZZVXVKRB-UHFFFAOYSA-N,c1ccc2ncccc2c1,7047
YGHRJJRRZDOVPD-UHFFFAOYSA-N,CC(C)CC=O,11552
JMHGBISEAGEKAI-NTSAOYMNSA-N,CCCCCCCCCCCCCCCCCCCC(=O)N[C@@H](CO[C@@H]1O[C@H](CO)[C@@H](O)[C@H](O)[C@H]1O)[C@H](O)CCCCCCCCCCCCCCC,90659806
ZHQQRIUYLMXDPP-ZETCQYMHSA-N,Cc1cncc2c1CC[C@@H]2C,68231
XUACNUJFOIKYPQ-FSGNTSDLSA-N,O=C(Cc1c[nH]c2ccccc12)OC1[C@@H](O)[C@H](O)C(O)[C@H](O)[C@@H]1O,18335849
XECPAIJNBXCOBO-LKELSTGYSA-M,O=C([O-])[C@@H](O)[C@@H]1OC(=O)[C@H](O)[C@H]1O,91825577
GSEJCLTVZPLZKY-UHFFFAOYSA-N,OCCN(CCO)CCO,7618
UQFZKTIHSICSPG-DSHYQQBWSA-N,CC(C)CCC[C@@H](C)[C@H]1CC[C@H]2C3=CC[C@@H]4[C@](C)(CC[C@H](O)[C@@]4(C)C(=O)O)[C@H]3CC[C@]12C,440507
DYLUUSLLRIQKOE-UHFFFAOYSA-N,CC(C)(O)CNc1nc(Nc2ccnc(C(F)(F)F)c2)nc(-c2cccc(C(F)(F)F)n2)n1,89683805
HZNKOKJSWBRPRJ-RMKNXTFCSA-N,C=C(C/C=C(\C)C(=O)O)C(C)C,5281995
IZOYMGQQVNAMHS-UHFFFAOYSA-N,COc1nsnc1NS(=O)(=O)c1ccc(N)cc1,64939
VIXCLRUCUMWJFF-KGLIPLIRSA-N,CS(=O)(=O)c1ccc(C(=O)C2=C(Sc3ccccc3)[C@H]3CC[C@H](C3)C2=O)c(Cl)c1,93939457
WBTJXIONXAFNAJ-FPLPWBNLSA-M,CCCCCC/C=C\CCNS(=O)(=O)[O-],24796774
XZKUIIFETKOPRD-VUKNTZOFSA-N,CC(O)CCC/C=C\C[C@@H](O)/C=C/C=C/C=C\[C@@H](O)CCCC(=O)O,11725572
OZEVXMDBOINMTC-UHFFFAOYSA-N,COc1ccc(-c2coc3cc(O)cc(O)c3c2=O)c(O)c1,5282075
CGMTUJFWROPELF-YHODWOBOSA-M,CC[C@H](C)[C@@H]1NC(=O)/C(=C(/C)[O-])C1=O,135886630
ASKJBTPRRSQTPM-WMPRHZDHSA-N,CCCCC/C=C\C/C=C\C/C=C\C/C=C\C/C=C\CCCCCCCCCCCCCCC(=O)O,52921824
QERYCTSHXKAMIS-UHFFFAOYSA-M,O=C([O-])c1cccs1,5017639
QVCGPPHEKAYGRO-FHMCMKDHSA-M,CC/C=C\C/C=C\C/C=C\C/C=C\C=C\C(O)CCCCCC(=O)[O-],132472338
RCZUDMZUWULMID-UHFFFAOYSA-N,NC(Cc1ccc(O)cc1[N+](=O)[O-])C(=O)O,21923198
SKIQVURLERJJCK-SFULQBOPSA-N,CCCCC/C=C\C/C=C\C=C\C(O)CCCCCCC(=O)O,71306337
FZLJPEPAYPUMMR-JAJWTYFOSA-N,CC(=O)N[C@H]1[C@@H](OP(=O)(O)O)O[C@H](CO)[C@H](O)[C@@H]1O,4369589
AFLXUGKIZQFJJI-FOQOAFKKSA-N,CCCCCCCC/C=C\CCCCCCCC(=O)OC[C@@H](COC(=O)CCCCCCCCCCCCC)OC(=O)CCCCCCC/C=C\CCCCCCCC,56936586
JFMRAARESGPLQF-KQPMLPITSA-N,C[C@H](O)CCC/C=C/[C@@H]1C[C@H](O)C[C@H]1[C@H](O)/C=C/C(=O)O,124079406
BGQMOFGZRJUORO-UHFFFAOYSA-M,CCC[N+](CCC)(CCC)CCC.[Br-],74745
NOFOAYPPHIUXJR-APNQCZIXSA-N,C[C@@]1(CO)[C@H](O)CC[C@@]2(C)[C@H]1CC[C@H]1C[C@@H]3C[C@@]12CC[C@]3(O)CO,457964
YDQWDHRMZQUTBA-UHFFFAOYSA-N,O=C1c2cccc(O)c2C(=O)c2c(O)cc(CO)cc21,10207
AYFVYJQAPQTCCC-GBXIJSLDSA-N,C[C@@H](O)[C@H]([NH3+])C(=O)[O-],6971019
WCRFXRIWBFRZBR-GGVZMXCHSA-N,C[C@@H](O)[C@H](N)C(=O)N[C@@H](Cc1ccc(O)cc1)C(=O)O,11778518
UGTYTOKVOXBJBZ-LINPMSLLSA-N,CCC(CC)[C@H](NC(C)=O)[C@@H]1[C@H](O)[C@@H](C(=O)O)C[C@H]1N=C(N)N.O.O.O.O,91666359
XYLJNLCSTIOKRM-UHFFFAOYSA-N,Brc1c(NC2=NCCN2)ccc2nccnc12,2435
SCQLRZALMKIURJ-UHFFFAOYSA-N,CC1C(=O)c2ccccc2NC1C=O,118796897
QVWOXIZAUXHYLD-OJAKKHQRSA-N,CC(C)=CCOP(=O)(O)OP(=O)(O)OP(=O)(O)OC[C@H]1O[C@@H](n2ccc(=O)[nH]c2=O)[C@H](O)[C@@H]1O,53477662
WRRYZYASRAUROW-UHFFFAOYSA-M,CCCCCCCCCC(=O)NCC(=O)[O-],1712390
JWADYUAJQSFISV-IPXJXJKCSA-N,CC1(C)S[C@H]([C@H](NC(=O)[C@H](N)c2ccc(O)cc2)C(=O)NCCCC[C@H](N)C(=O)O)N[C@H]1C(=O)O,132274121
HMYRFFHHXXPRDI-XCVPDAMTSA-M,C=CC1=C(C)c2cc3[n-]c(cc4nc(cc5[n-]c(cc1n2)c(C)c5C=C)[C@](C)(O)[C@@]41CCC(=O)O1)c(CCC(=O)O)c3C.[Fe+2],134716586
FOPVYEUKBVIKFE-UHFFFAOYSA-N,Cc1cc(C(=O)NCCC(=O)O)n(O)c1,70678746
QZTKDVCDBIDYMD-UHFFFAOYSA-N,NC(=O)CN(CC(=O)O)CC(=O)O,117765
NBGSQCOKVDHDGJ-MJXYXNKESA-N,CC(C)[C@@H](C)/C=C/[C@@H](C)[C@H]1CC[C@H]2C3=C(CC[C@]12C)[C@@]1(C)CC[C@H](O)C[C@@H]1CC3,6455355
QGVLYPPODPLXMB-UBTYZVCOSA-N,CC1=C[C@H]2[C@@]3(O)[C@H](C)[C@@H](O)[C@]4(O)[C@H]([C@@H]3C=C(CO)C[C@]2(O)C1=O)C4(C)C,442070
ONAWDGXCZMVYMN-ZETCQYMHSA-N,CN(C)[C@@H](Cc1c(S)ncn1C)C(=O)O,129029
MFQBALCZNOKWIP-UHFFFAOYSA-N,CC(C1=C(O)c2ccccc2C(=O)C1=O)C1=C(O)c2ccccc2C(=O)C1=O,260552
WLNGPDPILFYWKF-UHFFFAOYSA-N,C=C1CCCC(C)(C)C12CC=C(C)CC2,29073
CCTIOCVIZPCTGO-BYPYZUCNSA-M,NC(NP(=O)([O-])[O-])=[NH+]CCC[C@H]([NH3+])C(=O)[O-],25201356
VJABJEQGFJMMDO-SVXMJBLUSA-N,C[C@H](CCC[C@H](C)C(=O)O)[C@H]1CC[C@H]2[C@@H]3CC[C@H]4CC(=O)CC[C@]4(C)[C@H]3CC[C@]12C,25172310
NIPNPECHKPMAOO-UHFFFAOYSA-M,O=c1cc2oc(-c3ccc([O-])c(O)c3)c(O)cc-2c(O)c1,25202542
STJMRWALKKWQGH-UHFFFAOYSA-N,CC(C)(C)NCC(O)c1cc(Cl)c(N)c(Cl)c1,2783
FJBGIXKIXPUXBY-IBGZPJMESA-N,CC1(C)CO[C@@](C)(CCCc2ccc(Cl)cc2)N1C(=O)n1ccnc1,76969815
AEMOLEFTQBMNLQ-YMDCURPLSA-M,O=C([O-])[C@H]1OC(O)[C@H](O)[C@@H](O)[C@H]1O,46173511
QBPKMZSXGLNWOB-UHFFFAOYSA-M,COC(=O)Cc1cc2c(c([O-])c1C(=O)CC(C)=O)C(=O)c1c(O)cccc1C2=O,40467697
MLDQJTXFUGDVEO-UHFFFAOYSA-N,CNC(=O)c1cc(Oc2ccc(NC(=O)Nc3ccc(Cl)c(C(F)(F)F)c3)cc2)ccn1,216239
PAKUDVAYFOFFOK-BPBILVRGSA-N,CCCCCCCC/C=C\CCCCCCCCOC[C@@H](O)COC(=O)CCCCCCC/C=C\CCCCCCCC,129011082
VVDBZDRIMIXITI-UHFFFAOYSA-N,O=C(O)CN(CC(=O)O)CC(=O)O.[Fe],92043310
VEPICJBQCOUQPI-IRVXXIIISA-M,CC(C)=CCC/C(C)=C/CC/C(C)=C/CC/C(C)=C/CC/C(C)=C/CC/C(C)=C/Cc1cc(C(=O)O)cc(O)c1[O-],54692919
QMMMCTXNYMSXLI-UHFFFAOYSA-N,COc1cc(-c2ccc([N+]#N)c(OC)c2)ccc1[N+]#N,66685
AUYYCJSJGJYCDS-LBPRGKRZSA-N,N[C@@H](Cc1cc(I)c(Oc2ccc(O)c(I)c2)c(I)c1)C(=O)O,5920
ZJXZSIYSNXKHEA-UHFFFAOYSA-M,CCOP(=O)([O-])O,19068805
SIUXYUWNLUKHJD-FVQBIDKESA-N,COC1=CC(=O)[C@@H](O)[C@@]2(O)C(=O)c3c(O)cc(C)cc3O[C@]12C,52937072
UBMDAKWARMURDL-FNORWQNLSA-N,COc1cc(/C=C/C(=O)NCCCCN=C(N)N)ccc1O,46173376
QWLUKZXOQAQUFQ-DXLKSGPOSA-K,O=C(O)/C=C(\C=C(\[O-])C(=O)[O-])C(=O)[O-],54729370
SNKAWJBJQDLSFF-NVKMUCNASA-N,CCCCCCCC/C=C\CCCCCCCC(=O)OC[C@H](COP(=O)([O-])OCC[N+](C)(C)C)OC(=O)CCCCCCC/C=C\CCCCCCCC,10350317
ZEZHPEIEEFTILY-QMMMGPOBSA-N,C[C@H](O)CONC(=O)c1oc2c(F)cncc2c1Nc1ccc(I)cc1F,46926364
QQWGVQWAEANRTK-UHFFFAOYSA-L,O=C([O-])CC(Br)C(=O)[O-],21650627
CGQCWMIAEPEHNQ-UHFFFAOYSA-N,COc1cc(C(O)C(=O)O)ccc1O,1245
FEGVSPGUHMGGBO-VOTSOKGWSA-N,COc1ccccc1/C=C/C(=O)O,734154
JGXCLZAVTLWCBF-LXGOIASLSA-M,CC(=O)CC[C@H]1c2c(cc3c(c2[O-])C(=O)c2c(O)cc(O)cc2C3=O)O[C@@H]1O,86289407
DMWVGXGXHPOEPT-UHFFFAOYSA-N,COc1cc2ncnc(Nc3ccc(Oc4ccccc4)cc3)c2cc1OC,1474853
GLCDBDRQLZKKOJ-LJAIZBFVSA-M,CC(C)CCC[C@@H](C)[C@H]1CC[C@H]2C3=C(CC[C@]12C)[C@@]1(C)CC[C@H](O)[C@@](C)(C(=O)[O-])[C@@H]1CC3,91826592
MLVSYGCURCOSKP-FXCPCPCLSA-N,CC(C)=CCC[C@@H](C)[C@H]1CC[C@@]2(C)[C@@H]3CC[C@H]4C(C)(C)[C@@H](O)CC[C@]4(C)C3=CC[C@]12C,12313974
TZCZUVPSFJZERP-VKHMYHEASA-N,O=C(COP(=O)(O)O)[C@@H](O)CO,5459897
OZILORBBPKKGRI-RYUDHWBXSA-O,NC(N)=[NH+]CCC[C@H](NC(=O)[C@@H]([NH3+])Cc1ccccc1)C(=O)[O-],7009551
PLQMEXSCSAIXGB-SAXRGWBVSA-N,C=C(C(=O)O)[C@@H]1CC[C@@H](C)[C@@H]2CCC(C)=C[C@@H]21,10922465
QWLUKZXOQAQUFQ-NAOWAUKJSA-N,O=C(O)/C=C(\C=C(/O)C(=O)O)C(=O)O,54692812
MWPLZPAHTHIKQB-YNFYBLEISA-N,C[C@]12CC[C@H](O)C[C@H]1CC[C@@H]1[C@@H]2C[C@@H](O)[C@]2(C)[C@@H]([C@@H]3COC(=O)C3)CC[C@]12O,94291
SUVMJBTUFCVSAD-SNVBAGLBSA-N,C[S@@](=O)CCCCN=C=S,9577379
PZODEECXPHBZCU-OLLRPPRZSA-N,C[C@H](O)[C@H]1OC(O)[C@@H](O)[C@@H](O)[C@@H]1O,10058450
OJQSYBOSDDVFNO-LXGOIASLSA-N,Cc1c2c(c(O)c3c(O)cccc13)C(=O)[C@]1(O)C(=O)C(C(N)=O)=C(O)C(=O)[C@@H]1C2,54675781
ALBYIUDWACNRRB-UHFFFAOYSA-N,CCCCCC(N)=O,12332
YXFLGHKCCDDCPJ-UHFFFAOYSA-N,[O-][Si]([O-])([O-])O,23657876
VZCCETWTMQHEPK-QNEBEIHSSA-N,CCCCC/C=C\C/C=C\C/C=C\CCCCC(=O)O,5280933
OIMXTYUHMBQQJM-HSVWHVBGSA-N,CC(C)[C@@H](C)/C=C/[C@@H](C)[C@H]1CCC2=C3C=CC4=CC(=O)CC[C@]4(C)[C@H]3CC[C@@]21C,6441416
PRYXPGFZVGZNBL-ADLFWFRXSA-N,CC(C)c1cc2c(cc1O)[C@@]1(C)C[C@@H](O)CC(C)(C)[C@@H]1CC2,13966146
DRHGSSXSNNHAAL-XFNHJMADSA-N,CC(=O)N[C@H]1[C@@H](O[C@@H]2[C@H](O)[C@@H](O)[C@H](O)O[C@@H]2CO)O[C@H](CO)[C@H](O)[C@@H]1O,53239714
YPBATNHYBCGSSN-VWPFQQQWSA-N,CC1(C)S[C@@H]2[C@H](NC(=O)[C@H](NC(=O)N3CCN(S(C)(=O)=O)C3=O)c3ccccc3)C(=O)N2[C@H]1C(=O)O,656511
MTKNDAQYHASLID-FNUZHIFDSA-N,C[C@]12CC[C@@H]3c4ccc(O)cc4CC[C@H]3[C@@H]1CC[C@H]2O[C@@H]1O[C@H](C(=O)O)[C@@H](O)[C@H](O)[C@H]1O,56610484
RBORURQQJIQWBS-QVRNUERCSA-N,Nc1ncnc2c1nc(Br)n2[C@@H]1O[C@@H]2COP(O)(=S)O[C@H]2[C@H]1O,9802422
YHGXYYIGHBPDMX-BUTFDPNWSA-N,CCCCCCCC/C=C\C/C=C\C/C=C\CCCC(=O)OC[C@@H](O)COP(=O)([O-])OCC[N+](C)(C)C,53480467
LCRIQVFKVCYUAO-UHFFFAOYSA-N,C=CC(C)(C)c1c(O)cc(OC)c2cc(-c3ccc(O)cc3O)c(=O)oc12,10090416
QGUAJWGNOXCYJF-UHFFFAOYSA-N,O.O.O.O.O.O.O=[N+]([O-])[O-].O=[N+]([O-])[O-].[Co+2],24821
NMONGVDUESEHOK-MPOZZNMKSA-N,CCCCC/C=C\C/C=C\[C@H](O)[C@@H](O)CCCCCC(=O)O,5460412
QFZBGCAHQGWTGN-VJIACCKLSA-M,CCCCCCCC/C=C\CCCCCCCC(=O)N[C@@H](O)C(=O)[O-],135563683
UFIVEPVSAGBUSI-REOHCLBHSA-N,O=C1C[C@@H](C(=O)O)NC(=O)N1,439216
CDUFCUKTJFSWPL-UHFFFAOYSA-L,O.O.O.O.O=S(=O)([O-])[O-].[Mn+2],22572548
IQTUDDBANZYMAR-WDSKDSINSA-N,CSCC[C@H](NC(=O)[C@@H](N)CC(N)=O)C(=O)O,9813901
KNAHARQHSZJURB-UHFFFAOYSA-N,CCCc1cc(=O)[nH]c(=S)[nH]1,657298
QXIPXNZUEQYPLZ-QSUZLTIMSA-N,COc1c(O[C@@H]2O[C@H](C(=O)O)[C@@H](O)[C@H](O)[C@H]2O)cc2oc(-c3ccccc3)cc(=O)c2c1O,14655552
HMXOGGUFCBUALL-AATRIKPKSA-N,O=C(O)C(=O)/C=C/c1ccccc1O,5280911
WQUGODXHDAKAMW-NBNLIBPQSA-N,CCCCCCCCCCCCC/C=C/[C@@H](O)[C@H](COP(=O)(O)O)NC(=O)CCCCCCCCC,71296215
AGQJQCFEPUVXNK-UHFFFAOYSA-K,Cc1ncc(COP(=O)([O-])OP(=O)([O-])[O-])c(N)n1,25245586
RJQUHEYNLDNJLN-UHFFFAOYSA-N,COC(=O)c1nc(Cl)c(Cl)c(N)c1Cl,84224
UAHWPYUMFXYFJY-UHFFFAOYSA-N,C=CC(=C)CCC=C(C)C,31253
ZGVQWXVMOLBGJN-QZTJIDSGSA-N,C[C@@H](O)CCCCCCCCCCCCCC[C@@H](O)CC(=O)O,86289839
NHZOXAWESIICEW-VOQZVSCUSA-N,CC(CCCCCCCCCCCCCCCCCCCCC[C@@H](C)O[C@@H]1O[C@@H](C)[C@H](O)C[C@H]1O)C(=O)O,118797963
PKYFHKIYHBRTPI-UHFFFAOYSA-L,Cc1ncc(COP(=O)([O-])[O-])c(N)n1,25244846
FHYQIQMSODIFCP-ZMOFONSMSA-N,COc1cc([C@H]2Oc3c(OC)cc(/C=C/C(=O)O)cc3[C@@H]2CO)ccc1O,38356809
UTGQNNCQYDRXCH-UHFFFAOYSA-N,c1ccc(Nc2ccc(Nc3ccccc3)cc2)cc1,6319
BFPYWIDHMRZLRN-SLHNCBLASA-N,C#C[C@]1(O)CC[C@H]2[C@@H]3CCc4cc(O)ccc4[C@H]3CC[C@@]21C,5991
IXKGMCOCPZEZER-RRHRGVEJSA-N,CCCCCCCCCCCCCCCCCCCCCC(=O)O[C@H](COC(=O)CCCCCCCCCCCCCC)COP(=O)(O)OCCN,52924172
FIYJWCMYTJADRF-WCKPANRMSA-N,C[C@H](CCCCCCC(=O)O[C@@H]1O[C@H](CO)[C@@H](O)[C@H](O)[C@H]1O)O[C@@H]1O[C@@H](C)[C@H](O)C[C@H]1O,86289876
QVNXPWJNUKKMHP-JJGNIUBRSA-N,COC(=O)C1=C2Nc3ccccc3[C@@]23CCN2C[C@@H]4O[C@@H]4[C@@]([C@@H](C)O)(C1)[C@H]23,102324204
YRUMHTHCEZRHTN-XAZJVICWSA-N,CCCCCCCC/C=C\C=C\CC(=O)O,11172137
UVJYAKBJSGRTHA-CUZKYEQNSA-N,C=C1C(=O)O[C@@H]2[C@H]3C(C)=CC[C@@]34O[C@@]4(C)CC[C@@H]12,5574924
UJOYFRCOTPUKAK-QMMMGPOBSA-N,[NH3+][C@@H](CC(=O)[O-])c1ccccc1,6921435
NLNJBCNCLWUPKI-FYWRMAATSA-N,O=C(O)/C=C/CCCCCCCCCCCCCCO,86289804
WHKYNCPIXMNTRQ-UHFFFAOYSA-N,NC(=O)NC1=NC(=O)NC1(O)C(=O)O,443736
CBQDILZSSFDSDL-OALUTQOASA-N,CC(C)=CCc1[nH]c2cc(O)ccc2c1C[C@@H]1NC(=O)[C@@H]2CCCN2C1=O,71296150
QPCDCPDFJACHGM-UHFFFAOYSA-K,O=C([O-])CN(CCN(CC(=O)[O-])CC(=O)O)CCN(CC(=O)[O-])CC(=O)O,4436967
YRMVHTZHFWHHIU-LBPRGKRZSA-M,N[C@@H](CC(=O)[O-])C(=O)Nc1ccc2ccccc2c1,92136198
SAKGBZWJAIABSY-SAMSIYEGSA-M,CC/C=C\C[C@H](O)/C=C/[C@@H]1[C@@H](C/C=C\CCCC(=O)[O-])[C@@H](O)C[C@H]1O,51397014
WWMWKWWJSMMNPL-SANMLTNESA-N,CC(C)=CCc1cc([C@@H]2CC(=O)c3c(O)cc(O)c(CC=C(C)C)c3O2)cc2c1OC(C)(C)C=C2,25224569
KSFCDINBDBFFSI-UHFFFAOYSA-N,CCCCCN(C)N=O,25805
WLMZMBKVRPUYIG-CHDPIHKSSA-M,CCCCC[C@@H]1O[C@H]1/C=C/[C@@H](O)C/C=C\C/C=C\CCCC(=O)[O-],121225526
RXLAEFPIBOZBTL-UNXCDKAXSA-M,CCCCC/C=C\C/C=C\C/C=C\C(O)/C=C\CCCC(=O)[O-],126456464
FICLVQOYKYBXFN-SECBINFHSA-N,[NH3+][C@H](Cc1c[nH]c2cc(Cl)ccc12)C(=O)[O-],38988596
YCIMNLLNPGFGHC-UHFFFAOYSA-M,[O-]c1ccccc1O,11953850
ZJVNDTIARCDQHR-AATRIKPKSA-N,CN(CCCCC(=O)O)c1ccc(/C=C/c2ccc(C#N)cc2)cc1,56928003
XDWBXMVFTBENCK-QWRGUYRKSA-N,C[C@H](N)C(=O)N[C@@H](C)C(=O)Nc1ccc2ccccc2c1,7015845
ICCHEGCKVBMSTF-UHFFFAOYSA-N,CC1NC(=O)CNC1=O,107297
CIJFFKOICMQHCH-LHKMKVQPSA-N,O=C(CCCc1c[nH]c2ccccc12)O[C@@H]1O[C@H](CO)[C@@H](O)[C@H](O)[C@H]1O,91820526
ZGCSNRKSJLVANE-UHFFFAOYSA-N,O=C1NC(=O)c2c1c1c3cccc(Cl)c3[nH]c1c1[nH]c3c(Cl)cccc3c21,5480817
ADLXTJMPCFOTOO-BQYQJAHWSA-M,CCCCCC/C=C/C(=O)[O-],22565015
AWJBDWBMFANDQW-KKYKUXRWSA-N,C=C(C)CC/C(=C/CC/C(=C/CC/C(C)=C\CO)CO)C(=O)O,146014779
DZQVFHSCSRACSX-UHFFFAOYSA-N,Cc1cnc(NS(=O)(=O)c2ccc(N)cc2)nc1,68933
HIAJAADVHQENJP-UHFFFAOYSA-N,Cc1cc(S(=O)Cc2sc(-c3ccc(C(F)(F)F)cc3)nc2C)ccc1OCC(=O)O,71464601
KJTLQQUUPVSXIM-UHFFFAOYSA-N,CC(O)(CCO)CC(=O)O,449
WJXPCJRIOGIVLM-USLKBVJRSA-N,CO[C@H]1[C@@H](OCCNC(=O)OCc2ccccc2)O[C@H](C)[C@@H](NC(=O)CC(C)(C)O)[C@@H]1OC(=O)c1ccccc1,50909890
YNNUSGIPVFPVBX-NHCUHLMSSA-N,CN1CCC[C@@H]1CCO[C@](C)(c1ccccc1)c1ccc(Cl)cc1,26987
XPVKGTWRXBSJKO-LHXLBICKSA-N,C[C@@H]1c2cc(O)ccc2O[C@@H](c2ccc(OCCN3CCCC3)cc2)[C@H]1c1ccc(O)cc1,4369568
XLDBTRJKXLKYTC-UHFFFAOYSA-N,Clc1ccc(-c2ccc(Cl)c(Cl)c2Cl)cc1,36304
AHGKSZXKDPGMQU-IEBWSBKVSA-N,COC[C@@]1(CCC(C)=C(C)C)Nc2ccc(C(N)=O)cc2C[C@H]1Cl,10383273
PJDINCOFOROBQW-LURJTMIESA-N,NCCCC[C@H](N)CC(=O)O,2761529
CXHKZHZLDMQGFF-ZSDSSEDPSA-N,CO/N=C(\C(=O)N[C@@H]1C(=O)N2C(C(=O)O)=C(CSc3cnns3)CS[C@H]12)c1csc(N)n1,6336505
FDMKIGKOMRSCAW-NWDGAFQWSA-N,Cc1cc(O)c2c(c1)[C@@H](C(C)C)CC[C@@H]2C,442519
XPXCMAYRPSSBKG-VRRKQHPASA-N,CC/C=C\C/C=C\C/C=C\CCCCCCCC(=O)OC[C@H](CO)OC(=O)CCC/C=C\C/C=C\C/C=C\CCCCCCCC,53478151
UEALKTCRMBVTFN-UHFFFAOYSA-N,Nc1cc([N+](=O)[O-])ccc1C(=O)O,12076
UMIZOHMCQYCZRX-IHWYPQMZSA-N,CC(O)CCCCCC/C=C\CCCCCCCC(=O)O,5312772
QQMWUGXCTSAHLX-HNNXBMFYSA-N,C[NH2+][C@@H](Cc1c[nH]c2cccc(CC=C(C)C)c12)C(=O)[O-],70678783
VPEAVPNLCFWDRE-YWPUXERESA-N,CCCCCCCCCCCCCCCCCCCCCCCCCC(=O)N[C@@H](CO)[C@H](O)CCCCCCCCCCCCCCCCC,70678875
PZXOQEXFMJCDPG-UHFFFAOYSA-N,CNC(=O)CSP(=O)(OC)OC,14210
BZHBNLOEUZEUOA-LOWVWBTDSA-N,Cc1cc2nc3c(=O)[nH]c(=O)nc-3n(C[C@H](O)[C@H](O)[C@H](O)CO)c2cc1N,193403
UZTFMUBKZQVKLK-UHFFFAOYSA-M,CC(=O)NCCCC(=O)[O-],6991994
GRWVBLRIPRGGPD-HOTGVXAUSA-N,O=C1N[C@@H](Cc2ccc(O)cc2)C(=O)N[C@H]1Cc1ccccc1,11438306
DHDHJYNTEFLIHY-UHFFFAOYSA-N,c1ccc(-c2ccnc3c2ccc2c(-c4ccccc4)ccnc23)cc1,72812
PCIUEQPBYFRTEM-UHFFFAOYSA-N,O=C(O)C(F)(F)C(F)(F)C(F)(F)C(F)(F)C(F)(F)C(F)(F)C(F)(F)C(F)(F)C(F)(F)F,9555
JBKLSCYIAAZAKZ-HDTSKDELSA-N,CC(=O)O[C@H]1[C@H](O[C@@H]2[C@@H](O)[C@H](OCCCCCN)O[C@H](CO)[C@H]2O)O[C@@H](C)[C@@H](OC(C)=O)[C@H]1O,129626724
QEALYLRSRQDCRA-UHFFFAOYSA-N,CCCCCCCCCCCCCC(N)=O,69492
JRZBEIPOZPNWID-MIOCFURKSA-N,COc1cc2c(c3oc(=O)c4c(c13)CCC4=O)[C@@H]1C(O)C(O)O[C@@H]1O2,44224029
KMEJCSKJXSBBAN-NNPWBXLPSA-L,O=P([O-])([O-])OC1O[C@H]([C@H](O)CO)[C@@H](O)[C@H](O)[C@@H]1O,46878581
VZCYOOQTPOCHFL-OWOJBTEDSA-M,O=C([O-])/C=C/C(=O)O,6183479
ANTVWDOUZRJATD-SRVKXCTJSA-N,CC(C)C[C@H](NC(=O)[C@H]1O[C@@H]1C(=O)O)C(=O)NCCCc1cnc(N)[nH]1,10429033
JJDSVOQKAOJVOK-LBPRGKRZSA-M,CC(=O)CCC[C@H](O)c1c(O)cc2c(c1[O-])C(=O)c1c(O)cc(O)cc1C2=O,86289421
UAMZETBJZRERCQ-UHFFFAOYSA-O,CC([NH3+])C#N,134160328
AJFWREUFUPEYII-PAHWMLEVSA-N,CCCCCCCC/C=C\CCCCCCCC(=O)O[C@H](COC(=O)CCCCCCCCCCCCCCCCC)COP(=O)(O)OC[C@H](N)C(=O)O,9547087
WCXDHFDTOYPNIE-UHFFFAOYSA-N,CC(=NC#N)N(C)Cc1ccc(Cl)nc1,213021
BHQCQFFYRZLCQQ-UTLSPDKDSA-N,C[C@H](CCC(=O)O)[C@H]1CC[C@H]2[C@@H]3[C@@H](O)C[C@@H]4C[C@H](O)CC[C@]4(C)[C@H]3C[C@H](O)[C@]12C,122340
HVGYHDAURCWJGF-UHFFFAOYSA-N,NC(CC1=C[NH+]c2ccccc21)C(=O)O,5460841
GFNYAPAJUNPMGH-QNEBEIHSSA-N,CCCCC/C=C\C/C=C\C/C=C\CC(O)C(O)CCCC(=O)O,5283142
RINOYHWVBUKAQE-UHFFFAOYSA-N,Cc1ccccc1I,5128
FUJLYHJROOYKRA-QGZVFWFLSA-N,CCCCCCCCCCCC(=O)O[C@H](CC(=O)[O-])C[N+](C)(C)C,168381
JMIZQJXRDKPSKP-XUUWZHRGSA-N,OC[C@H]1O[C@@H](OCC(Cl)(Cl)Cl)[C@H](O)[C@@H](O)[C@@H]1O,14559021
FADYYEHFGLVECU-KBPBESRZSA-N,O=C1O[C@H]([C@@H](O)c2ccc(O)cc2)c2cccc(O)c21,177995
AQAFUDMWTUOKSI-USVVNQICSA-N,CC1=C[C@@H]2/C=C(\C)C[C@H](CO)C[C@H](O)/C=C/C(=O)[C@]23C(=O)N[C@@H](CC(C)C)[C@@H]3[C@@H]1C,10047486
ZHCKPJGJQOPTLB-UHFFFAOYSA-M,Cn1cnc(CC(=O)[O-])c1,21283465
ABVRVIZBZKUTMK-JSYANWSFSA-M,O=C([O-])[C@H]1/C(=C/CO)O[C@@H]2CC(=O)N21.[K+],23665591
YSVMULOOWPBERR-WHFBIAKZSA-O,[NH3+]CCC[C@H](O)[C@H]([NH3+])C(=O)[O-],86289230
NKUPFHTVILUPKF-GWURPDJQSA-M,CCCCC/C=C\C[C@@H](O)CC/C=C/C=C\[C@@H](O)CCCC(=O)[O-],122164879
RZTAMFZIAATZDJ-UHFFFAOYSA-N,CCOC(=O)C1=C(C)NC(C)=C(C(=O)OC)C1c1cccc(Cl)c1Cl,3333
ONIBWKKTOPOVIA-BYPYZUCNSA-N,O=C([O-])[C@@H]1CCC[NH2+]1,6971047
BXVPZDGOKHWNAM-UEVOBBHASA-N,CC(=O)N[C@H]1[C@H](O[C@H]2[C@H](O)[C@@H](N)C(O)O[C@@H]2CO)O[C@H](CO)[C@@H](O)[C@@H]1O,46878513
XUZUIICAPXZZDU-GOSISDBHSA-N,C[C@@H]1CN(c2nnc(Cc3ccccc3)c3ccc(Cl)cc23)CCN1c1ccc(C#N)cn1,73729049
XJMTWNXFNQAKGS-AXODYVGMSA-N,CC(C)=CCC/C(C)=C/C=C/C(C)=C/C=C/C=C(\C)CC/C=C(\C)CCC=C(C)C,16061258
WHOOUMGHGSPMGR-UHFFFAOYSA-N,O=CCc1c[nH]c2ccccc12,800
ZOPOQLDXFHBOIH-UHFFFAOYSA-N,CNC(=O)c1cc(Oc2ccc(NC(=O)Nc3ccc(Cl)c(C(F)(F)F)c3)c(F)c2)ccn1.O,24768591
WYKYKTKDBLFHCY-UHFFFAOYSA-N,Nc1cnn(-c2ccccc2)c(=O)c1Cl,15546
BAZQYVYVKYOAGO-UHFFFAOYSA-M,CC(C(=O)[O-])c1ccc(CC2CCCC2=O)cc1.O.O.[Na+],23674745
AYXYPKUFHZROOJ-ZETCQYMHSA-N,CC(C)C[C@H](CN)CC(=O)O,5486971
MHGMSAFPNAKIRZ-UHFFFAOYSA-N,COCCN(C(=O)C(=O)O)c1c(C)cccc1C,86290105
LBDIECSNEGFJIZ-UHFFFAOYSA-N,O=C(O)CNC(=O)Cc1ccncc1,16795290
BMGQWWVMWDBQGC-IIFHNQTCSA-N,CO[C@@H]1[C@H](N(C)C(=O)c2ccccc2)C[C@H]2O[C@]1(C)n1c3ccccc3c3c4c(c5c6ccccc6n2c5c31)C(=O)NC4,9829523
ZGRJDGSLCNYUDZ-UHFFFAOYSA-N,O=C(Cc1cc(I)c(O)c([N+](=O)[O-])c1)ON1C(=O)CCC1=O,624123
OJWWQROAEXSSTO-UHFFFAOYSA-N,COc1cc(N=Nc2cc(S(=O)(=O)O)cc3cc(S(=O)(=O)O)cc(O)c23)c(C)cc1N=Nc1c(S(=O)(=O)O)cc2cc(Nc3ccccc3)ccc2c1O,102397
PICFAMQFTUCMDC-PNHWDRBUSA-N,O=C1CN=CNc2c1ncn2[C@@H]1O[C@H](CO)[C@@H](O)[C@H]1O,439686
KHXOPJUQEGBFTQ-WDHPPJNLSA-N,C=C1[C@@H](OC(C)=O)CC[C@@]2(C)C[C@H](O)C3=C(C)C[C@H](O)[C@@H](C[C@H]12)C3(C)C,5321779
XUGAOOQYBZSMCP-ZXSNAGKJSA-N,C[C@H](CCCCCCCC/C=C/C(=O)O)O[C@@H]1O[C@@H](C)[C@H](O)C[C@H]1O,86289692
MRKQZIXMEQPHNQ-PDBXOOCHSA-M,CC/C=C\C/C=C\C/C=C\CCOS(=O)(=O)[O-],86290026
LVVCDOSOKGYQFY-KKJXIILJSA-M,CCCCC/C=C\C=C1/O[C@H]1CCCCCCCC(=O)[O-],137333894
AHBKIEXBQNRDNL-BXXPAUNWSA-N,CC(=O)[C@@]12OC(C)(c3ccccc3)O[C@@H]1C[C@H]1[C@@H]3CCC4=CC(=O)CC[C@]4(C)[C@H]3CC[C@@]12C,102011
BUJZTFINDCQRGP-ZTVLJYEESA-L,CC(=O)N[C@H]1C(O)O[C@H](COS(=O)(=O)[O-])[C@H](O)[C@@H]1O[C@@H]1OC(C(=O)[O-])=C[C@H](O)[C@H]1O,46931111
FPPNZSSZRUTDAP-UWFZAAFLSA-N,CC1(C)S[C@@H]2[C@H](NC(=O)C(C(=O)O)c3ccccc3)C(=O)N2[C@H]1C(=O)O,20824
VQKIKHHXFHNXJT-SNAWJCMRSA-N,CC/C=C/CC(C)=O,5363123
HKSZLNNOFSGOKW-FYTWVXJKSA-N,CN[C@@H]1C[C@H]2O[C@@](C)([C@@H]1OC)n1c3ccccc3c3c4c(c5c6ccccc6n2c5c31)C(=O)NC4,44259
YETXGSGCWODRAA-UHFFFAOYSA-M,CC(C)CCCCCCCCCCCCCCCC(=O)[O-],53433084
DBHKHNGBVGWQJE-USWSLJGRSA-N,CCCCC/C=C\C/C=C\CCCCCCCC(=O)OC[C@@H](O)COP(=O)(O)OCCN,52925130
PXGPLTODNUVGFL-ZWAKLXPCSA-N,CCCCC[C@H](O)/C=C/[C@@H]1[C@@H](C/C=C\CCCC(=O)O)[C@@H](O)C[C@@H]1O,5280886
OHOFWYOLTJXLET-JSXJEZROSA-N,Nc1ccccc1/C(O)=C/C=C/C(=O)C(=O)O,5281097
BTZKCJJXILZIFU-ISLYRVAYSA-M,COc1cc(/C=C/C(=O)OCCCCCCCCCCCCCCCC(=O)[O-])cc(OC)c1O,90657145
LLBWHJKXNZPCGO-UHFFFAOYSA-N,COc1c(C)ccc(CCCCC(=O)O)c1OC,45266869
PNEZKPARQSZCID-UHFFFAOYSA-O,Nc1ccc2nc3c4ccccc4c(=[NH2+])cc-3oc2c1,3673794
PUVHMWJJTITUGO-KPQDHKIDSA-N,O=P(O)(O)O[C@@H]1C(O)[C@@H](OP(=O)(O)O)[C@@H](O)C(O)[C@H]1O,13830698
ZBQZBWKNGDEDOA-UHFFFAOYSA-N,O=C1OC2(c3ccccc31)c1cc([N+](=O)[O-])c(O)c(Br)c1Oc1c2cc([N+](=O)[O-])c(O)c1Br,452704
KUSXBOZNRPQEON-LNFBDUAVSA-N,COc1cc([C@H]2Oc3c(OC)cc(/C=C/CO)cc3[C@@H]2CO)ccc1O,11824478
XKGLTSPFQHSIDD-HKYAKFGFSA-N,COc1ccc2c(c1)[C@@H](OS(=O)(=O)O)[C@H](c1cc(/C=C/C(=O)O)cc(OC)c1O)CO2,6334611
XDMCWZFLLGVIID-SXPRBRBTSA-N,CC(=O)N[C@H]1[C@H](OC[C@H](N)C(=O)O)O[C@H](CO)[C@H](O)[C@@H]1OC1O[C@H](CO)[C@H](O)[C@H](O)[C@H]1O,6857385
IUOKJNROJISWRO-UHFFFAOYSA-N,CC(Oc1ccc(Cl)cc1Cl)C(=O)NC(C)(C#N)C(C)C,11262655
WTBFLCSPLLEDEM-JIDRGYQWSA-M,CCCCCCCC/C=C\CCCCCCCC(=O)OC[C@H](COP(=O)([O-])OC[C@H]([NH3+])C(=O)[O-])OC(=O)CCCCCCC/C=C\CCCCCCCC,58630935
FICLVQOYKYBXFN-VIFPVBQESA-N,[NH3+][C@@H](Cc1c[nH]c2cc(Cl)ccc12)C(=O)[O-],38988595
SUNUQCQIFHHEOW-UHFFFAOYSA-N,COc1cc(O)c2c(=O)c(OC)c(-c3cc(OC)c(OC)c(OC)c3)oc2c1,12303802
OBHXTIIHLYSQRY-RAGRHNDSSA-N,C\C(C=O)=C/C=C/C(C)=C/C=C/C(C)=C/C=C/C=C(C)/C=C/C=C(C)/C=C/C=C(\C)C=O,11102033
AUXCHYJDVJZEPG-GOSISDBHSA-O,c1cc2c(cc1C1CCCCC1)c1c3n2CC[NH2+][C@@H]3CCC1,1388676
XBSPNOJIQRUQDQ-OXEUSEQRSA-N,[C-]#[N+][C@]1(C)[C@H](C)C[C@@H]2C[C@H](C)[C@H]3CC[C@](C)(NC=O)[C@H]4CC[C@H]1[C@@H]2[C@H]34,70697752
XWHHYOYVRVGJJY-UHFFFAOYSA-N,NC(Cc1ccc(F)cc1)C(=O)O,4654
RJJITLLPAKUQGB-BXTBVDPRSA-N,O=C(O)/C=C\C(=O)/C=C/O,5280969
SCVFZCLFOSHCOH-UHFFFAOYSA-M,CC(=O)[O-].[K+],517044
UZSCBEJDBQICON-UHFFFAOYSA-N,O=C(O)C1=CC(=O)c2ccccc2C1=O,17765246
IOFUFYLETVNNRF-OSAZKUMMSA-M,O=C([O-])CC/C=C\CC[C@H]1[C@@H](OCc2ccc(-c3ccccc3)cc2)CC(=O)[C@@H]1N1CCOCC1,92136192
MAIASEYCQPBKHJ-UHFFFAOYSA-M,O=c1cc2oc(-c3ccc(O)cc3)c(O)cc-2c([O-])c1,90657848
UBOOMSUOPIZYEU-VZUCSPMQSA-N,O=C1OC(c2ccc(O)c(O)c2)C/C1=C\c1ccc(O)c(O)c1,53359462
RPYSFYBAYJBKCR-UHFFFAOYSA-J,[Cl][Pd-2]([Cl])([Cl])[Cl],61439
JGHSBPIZNUXPLA-OAHLLOKOSA-N,CCCCCCCCCCCCCC[C@@H](O)C(=O)O,11065598
XWCFYHBHOFBVIV-JWKOBGCHSA-N,N[C@H](CCCC(=O)N[C@@H]1C(=O)N2C(C(=O)O)=C(CO)CS[C@H]12)C(=O)O,160577
VHKNBDIQDAXGBL-UHFFFAOYSA-M,O=CCCC(=O)C(=O)[O-],21872870
BZKUYNBAFQJRDM-UHFFFAOYSA-N,CN1CCc2cccc3c2C1Cc1ccccc1-3,114911
RGYCCBLTSWHXIS-SECBINFHSA-N,C[C@H](c1ccccc1)n1cncc1C(=O)O,759856
PHQFPHNJHDEXLJ-OAQYLSRUSA-L,CCCCCCCCCC(=O)OC[C@H](COP(=O)([O-])[O-])OC(=O)CCCCCCCCC,86289480
GQRUHVMVWNKUFW-LWYYNNOASA-N,CC(C)C1=CC2=CC[C@H]3[C@](C)(CO)CCC[C@]3(C)[C@H]2CC1,443474
LEWIUXKKQXGQRR-XCEZYFHXSA-N,CC(=O)[C@H]1C[C@@H](O)[C@H]2[C@@H]3CCC4=CC(=O)CC[C@]4(C)[C@H]3CC[C@@]21C,23239834
DVBDYPDVNRJKNJ-UHFFFAOYSA-N,CCc1cccc(C)c1N1C(=O)COCC1C,179957
DMTGFWVSBPXWQU-MJPWOAHQSA-M,O=C([O-])[C@@H](CO)O[C@H]1O[C@H](CO[C@H]2O[C@H](CO)[C@@H](O)[C@H](O)[C@H]2O)[C@@H](O)[C@H](O)[C@H]1O,126843494
QYIMSPSDBYKPPY-RSKUXYSASA-N,CC(C)=CCC/C(C)=C/CC/C(C)=C/CC/C=C(\C)CC/C=C(\C)CC[C@@H]1OC1(C)C,5459811
OYDCCWNLILCHDJ-ZZXKWVIFSA-N,O=C(O)/C=C/c1ccc(OS(=O)(=O)O)cc1,6070438
AVEFAUDTSHGJQO-UHFFFAOYSA-M,O=C(O)c1[nH]c(-c2c[nH]c3ccc([O-])cc23)cc1-c1c(O)[nH]c2ccccc12,136630906
UJMMJZCCXLJDEZ-UHFFFAOYSA-N,CCCCCc1cc(=O)oc2c(C(CCN3CCCC3)c3ccc(N(C)C)cc3)c(OC)cc(OC)c12,16746309
OAGAUECBCOAGOL-OUKOMXQNSA-M,CC/C=C\C/C=C\C[C@@H](/C=C/C=C\C/C=C\C/C=C\CCC(=O)[O-])OO,86289457
HABHUTWTLGRDDU-UHFFFAOYSA-L,O=C([O-])CCCCC(=O)C(=O)[O-],20287221
GZYKLSAPTLKGNM-WMPRHZDHSA-N,CCCCC/C=C\C/C=C\C/C=C\C/C=C\C/C=C\CCCCCCCCCC(O)C(=O)O,86583453
BTUSGZZCQZACPT-YYZTVXDQSA-O,CCCCCCCCCCC/C=C/[C@@H](O)[C@@H]([NH3+])CO,70679054
KBJNXFMLOQQSRM-IEICXCTKSA-N,CCCCCCCCCCCCCCCCCCCCC(O)C(=O)N[C@@H](CO)[C@H](O)[C@H](O)CCCCCCCCCCC(C)C,71581138
BWLBGMIXKSTLSX-UHFFFAOYSA-M,CC(C)(O)C(=O)[O-],4277439
UGWALRUNBSBTGI-QJLCOAGJSA-N,CC1(C)[C@H](/C=C2\CCSC2=O)[C@@H]1C(=O)OCc1coc(Cc2ccccc2)c1,16722125
XNQIOISZPFVUFG-RXMQYKEDSA-N,C[C@@H](N)Cc1cnc[nH]1,156615
UBZBOEWMQPWUKB-UHFFFAOYSA-N,COC(=O)c1cc2cc(S(C)(=O)=O)ccc2n1Cc1ccc(Cl)cc1,10068193
ZBCBWPMODOFKDW-UHFFFAOYSA-N,OCCNCCO,8113
BOEGTKLJZSQCCD-UEKVPHQBSA-N,CC1=C(C(=O)O)N2C(=O)[C@@H](NC(=O)[C@H](N)c3ccc(O)cc3)[C@H]2SC1,47965
DERJYEZSLHIUKF-UHFFFAOYSA-N,CNNCc1ccc(C(=O)NC(C)C)cc1.Cl,9703
XLASDIANDPHQMK-LODBTCKLSA-N,CC(=O)N[C@@H]1[C@@H](O)[C@H](O[C@@H]2O[C@H](COS(=O)(=O)O)[C@H](O)[C@H](O)[C@H]2O)[C@@H](CO)O[C@H]1O,24882919
QPYJCWMWYJIYBV-YURBTCIXSA-N,C[C@]12C[C@@]34C=CC(=O)[C@@](C)(CCC(=O)Nc5c(O)ccc6c(=O)[nH]c(=O)oc56)[C@@H]3[C@H](C[C@@H]1C4)O2,25111665
XCTQCHNCFZFEGN-UHFFFAOYSA-N,O=C(O)c1cc(O)c(O)c(Br)c1,162935
TUKKZLIDCNWKIN-VIFPVBQESA-N,N[C@@H](Cc1c[nH]c2ccc(Cl)cc12)C(=O)O,644330
KRZBCHWVBQOTNZ-RDJMKVHDSA-N,O=C(/C=C/c1ccc(O)c(O)c1)O[C@@H]1CC(O)(C(=O)O)C[C@@H](OC(=O)/C=C/c2ccc(O)c(O)c2)C1O,6474310
RFCYXKNVYQOCTM-PEPUZGFWSA-N,CCCCC[C@H](O)[C@H](O)/C=C/C=C/C=C\C/C=C\CCCC(=O)O,13122862
QKDHBVNJCZBTMR-UHFFFAOYSA-N,CC1CN(c2cc3c(cc2F)c(=O)c(C(=O)O)cn3-c2ccc(F)cc2F)CCN1,60021
XPFCGZWOHNGDSP-UHFFFAOYSA-M,COc1c2occc2c([O-])c2ccc(=O)oc12,86289524
OUYCCCASQSFEME-MRVPVSSYSA-M,N[C@H](Cc1ccc(O)cc1)C(=O)[O-],5460814
FRJZMMUVPROLHN-KZPAZRNKSA-M,C[C@@H](O)/C=C\C/C=C\C[C@H](O)/C=C/C=C\C/C=C\C/C=C\CCC(=O)[O-],126456472
UUMZIOKIWJGBCS-IDRTZAGBSA-N,CCCCCCC[C@H]1OC(=O)[C@H](C)NC(=O)[C@H](C)NC(=O)[C@H](CC(C)C)NC(=O)[C@H](C(C)C)NC(=O)CNC(=O)[C@@H]1C,56955914
SWUYIHFWXBMJBL-FZIOHWLZSA-N,COc1cc(C(=O)CC(O)c2cc(/C=C/CO)cc(OC)c2O[C@@H]2O[C@H](CO)[C@@H](O)[C@H](O)[C@H]2O)ccc1O,16082054
ZKZXNDJNWUTGDK-UHFFFAOYSA-P,O=S(=O)(NCC[NH2+]CC=Cc1ccc(Br)cc1)c1cccc2c[nH+]ccc12,118797942
QKLCQKPAECHXCQ-UHFFFAOYSA-N,CCOC(=O)C(=O)c1ccccc1,15349
UZMAPBJVXOGOFT-UHFFFAOYSA-N,COc1cc(-c2oc3cc(O)cc(O)c3c(=O)c2O)cc(OC)c1O,5281953
JCEUDJXAQHPZGL-PLOWYNNNSA-N,C[C@]12C=CC(=O)C=C1CC[C@H]1[C@@H]3CCC(=O)[C@@]3(C)CC[C@@]12O,241544
CDPKJZJVTHSESZ-UHFFFAOYSA-N,O=C(O)Cc1ccc(Cl)cc1,15880
JWCSIUVGFCSJCK-CAVRMKNVSA-N,CO[C@@]1(NC(=O)C(C(=O)O)c2ccc(O)cc2)C(=O)N2C(C(=O)O)=C(CSc3nnnn3C)CO[C@@H]21,47499
APHJPNXEBUUMKB-UHFFFAOYSA-N,CC(C)=CCc1ccc2c(=O)c3c(O)cccc3oc2c1O,5281624
AVOMHQCKYPXFNU-UHFFFAOYSA-N,NC(N)=NC1NC(=O)NC1=O,45071972
ICMUIFDBEVJCQA-HAFAVUGZSA-N,CC(=O)N[C@H]1C(O)O[C@H](CO)[C@@H](O)[C@@H]1O[C@H](C)C(=O)N[C@@H](C)C(=O)O,10970945
WXUAQHNMJWJLTG-GSVOUGTGSA-N,C[C@H](CC(=O)O)C(=O)O,77983
MKYUCBXUUSZMQB-MKZMYESJSA-N,CC/C=C\CC(O)C(O)/C=C/C(O)CCCCCCCC(=O)O,44559173
CAEFEWVYEZABLA-UUOKFMHZSA-N,O=c1[nH]c(=O)c2ncn([C@@H]3O[C@H](COP(=O)(O)OP(=O)(O)OP(=O)(O)O)[C@@H](O)[C@H]3O)c2[nH]1,439296
DUBNHZYBDBBJHD-UHFFFAOYSA-L,CN(C)C(=S)[S-].CN(C)C(=S)[S-].[Zn+2],3485262
LBXRGISCDMNDSD-UHFFFAOYSA-N,Oc1c[nH]c2ccc(Br)cc12,9877761
WRNQQFNBEUKAAX-YGQNSOCVSA-N,CC(C)[C@H](NC(=O)[C@@H]1CCCN1C(=O)[C@@H](N)Cc1ccc(O)cc1)C(=O)N[C@@H](CCC(=O)O)C(=O)N1CCC[C@H]1C(=O)O,11387861
WXOFJMWQRNARBH-UHFFFAOYSA-N,C[N+](CC(=O)[O-])=C(N)N,7058172
OUEXBJICCHIILG-UHFFFAOYSA-N,O=C1C(O)Oc2cc(O)ccc2N1O,10965465
YECIFGHRMFEPJK-UHFFFAOYSA-N,CC[NH+](CC)CC(=O)Nc1c(C)cccc1C.O.[Cl-],22483
XVARCVCWNFACQC-UHFFFAOYSA-N,OCC1OC(Oc2c[nH]c3ccccc23)C(O)C(O)C1O,258533
QNBPVJMQPAQXML-WQSDRKHBSA-N,Cc1c(O)cc2c(c1C)O[C@](C)(CCC[C@H](C)CCC[C@H](C)CCCC(C)CO)CC2,90659907
OGHNVEJMJSYVRP-UHFFFAOYSA-N,COc1ccccc1OCCNCC(O)COc1cccc2[nH]c3ccccc3c12,2585
FNYGZAACUPOPCK-UUISPAEBSA-N,CC(C)=CCC/C(C)=C/CC/C(C)=C/C[C@@]12O[C@@H]1[C@H](O)C(COC(=O)CC(C)(O)CC(=O)O)=CC2=O,10323855
YMTVMVYOUDDTQJ-UOMMIRHQSA-N,CCC/C=C\CCCCCCCC/C=C/[C@@H](O)[C@H](COP(=O)([O-])OCC[N+](C)(C)C)NC(=O)CCCCCCC/C=C\CCCCCCCC,52931155
JNHJGXQUDOYJAK-IYRCEVNGSA-N,C[C@]12CC[C@H](O)CC1=CC[C@@H]1[C@@H]2CC[C@@]2(C)[C@H]1CC[C@]2(O)C(=O)CO,192735
CTSZPNIMMLSKDV-UHFFFAOYSA-N,CC1=NCCC1,70103
YWKCWNQLRJKTBZ-UHFFFAOYSA-N,N#CC(=O)c1c[nH]c2ccccc12,11355722
IELITCZHWCOSJX-VAWUUXLBSA-N,CC1(C)[C@@H](O)CC[C@]2(C)[C@H]3C[C@@H](O)[C@]4(C)C5=C(CC[C@H]4[C@]3(C)CC[C@@H]12)COC5=O,11741854
DYJNRRXQVSJBAA-UHFFFAOYSA-N,CC(=O)OCCC1c2c(cc3c(c2O)C(=O)c2c(O)cc(O)cc2C3=O)OC1O,107991
LSQZJLSUYDQPKJ-NJBDSQKTSA-N,CC1(C)S[C@@H]2[C@H](NC(=O)[C@H](N)c3ccc(O)cc3)C(=O)N2[C@H]1C(=O)O,33613
PBRMNFXOHFGVPZ-HVACLVPVSA-N,C=C1C(=O)O[C@@H]2C[C@@H](C)/C=C\C(=O)[C@@](C)(O)[C@H](OC(=O)CC(C)C)[C@@H](O)[C@@H]12,71306329
QXKAIJAYHKCRRA-BXXZVTAOSA-N,O=C(O)[C@H](O)[C@H](O)[C@H](O)CO,5460677
UPKQNCPKPOLASS-UHFFFAOYSA-N,COc1ccc(CCNCCCC(C#N)(c2ccc(OC)c(OC)c2)C(C)C)cc1OC,104972
CHKIQPXDGYGCHW-YOWKYNACSA-N,Nc1ccn([C@@H]2O[C@H](C(=O)O)[C@@H](O)[C@H](O)[C@H]2O)c(=O)n1,191536
DWZGLEPNCRFCEP-UHFFFAOYSA-N,CCc1ccc(OS(=O)(=O)O)cc1,20822574
YZBZORUZOSCZRN-DCUPSMFCSA-N,CC/C=C\C[C@@H]1O/C1=C\C=C/CCCCCCCC(=O)O,20843328
RGLRYSHQCRBEIV-YSSBGUOXSA-M,C[C@@H]1O[C@@H](OCCCCC(=O)[O-])[C@H](O)C[C@H]1O,132282507
MCKAJXMRULSUKI-CNWJWELYSA-N,O=P(O)(O)O[C@H]1[C@H](O)[C@@H](O)[C@H](O)[C@H](O)[C@@H]1OP(=O)(O)O,440211
XOMRRQXKHMYMOC-UHFFFAOYSA-N,CCCCCCCCCCCCCCCC(=O)OC(CC(=O)[O-])C[N+](C)(C)C,461
QHOKDYBJJBDJGY-BVILWSOJSA-M,CC/C=C\C/C=C\CC1OC1C/C=C\C/C=C\CCCC(=O)[O-],126456539
GHBSPIPJMLAMEP-UHFFFAOYSA-N,CCCCCC1CCCC(=O)O1,12810
IZMJMCDDWKSTTK-UHFFFAOYSA-N,O=C1c2ccccc2C(=O)C1c1ccc2ccccc2n1,6731
PJTTXANTBQDXME-VJRJJCRKSA-L,O=P([O-])([O-])OC[C@H]1O[C@@](CO)(O[C@H]2O[C@H](CO)[C@@H](O)[C@H](O)[C@@H]2O)[C@@H](O)[C@@H]1O,46878466
LHORCXXUZJAMPU-UHFFFAOYSA-N,CC1CCCC(C)CCC(C(C)C)CCC(C)CCC1,15702
FVKMIXWYNVQFGG-DZBFJFRRSA-N,C[C@@H]1O[C@@H](OCCCCCCCCCC(=O)O)[C@H](O)C[C@H]1OC(=O)c1c[nH]c2ccccc12,86289762
QIALRBLEEWJACW-INIZCTEOSA-N,CC(=O)O[C@H]1Cc2ccccc2N(C(N)=O)c2ccccc21,179344
RLBIQVVOMOPOHC-UHFFFAOYSA-N,COP(=S)(OC)Oc1ccc([N+](=O)[O-])cc1,4130
GLDQAMYCGOIJDV-UHFFFAOYSA-N,O=C(O)c1cccc(O)c1O,19
MAHPNPYYQAIOJN-UHFFFAOYSA-N,COc1cc(OC)nc(NC(=O)NS(=O)(=O)c2c(-c3nnn(C)n3)cnn2C)n1,86355
PGKKGBQMNNEIHV-PFONDFGASA-N,CCCCCCCC/C=C\CCCCCCCC(=O)OC(CCCCCCCCC)CCCCCCCC(=O)O,13294502
GZLIPAFSJXROEC-UHFFFAOYSA-N,CC(C)=CCCC(C)(O)C1Cc2cc(C(=O)O)cc(CC=C(C)C)c2O1,10383781
KYOBSHFOBAOFBF-XVFCMESISA-N,O=C(O)c1cc(=O)[nH]c(=O)n1[C@@H]1O[C@H](COP(=O)(O)O)[C@@H](O)[C@H]1O,160617
ZAKJZPQDUPCXSD-YRWKUUEZSA-N,CC(=O)[C@H]1[C@H](O)C[C@H]2[C@@H]3CC=C4C[C@@H](O)CC[C@]4(C)[C@H]3CC[C@@]21C,6452574
ALIWKEBIEDUSIU-ZYUZMQFOSA-K,O=C([O-])c1cc(C(=O)[S-])c[n+]([C@@H]2O[C@H](COP(=O)([O-])[O-])[C@@H](O)[C@H]2O)c1,129626750
XCSNRORTQRKCHB-UHFFFAOYSA-N,Cc1c(Cl)cccc1[N+](=O)[O-],6740
IMNADAQGVSDVMI-CCLDAEICSA-L,O=C([O-])[C@H]1O[C@@H](O[C@@H]2[C@@H](O)[C@H](O)[C@@H](C(=O)[O-])O[C@H]2O)[C@H](O)[C@@H](O)[C@@H]1O,25201373
HAAITRDZHUANGT-FSRHSHDFSA-N,Clc1ccc([C@@H](Cn2ccnc2)OCc2csc3c(Cl)cccc23)c(Cl)c1.O=[N+]([O-])O,66636864
RZGFUGXQKMEMOO-SZXTZRQCSA-M,O=C([O-])C[C@H]1CCC(=O)[C@H]1C/C=C\CCO,44123344
QXDMVWOCXHMTPE-XINAWCOVSA-M,Nc1nc2c(c(=O)[nH]1)N=C([C@H](O)[C@H]1COP(=O)([O-])O1)CN2,135911931
MXNRLFUSFKVQSK-QMMMGPOBSA-O,C[N+](C)(C)CCCC[C@H]([NH3+])C(=O)[O-],6992003
UWQZATMGBARJPE-UHFFFAOYSA-N,CCCC#CCC(O)CC,143083
RURFWJXZZZCIOZ-KPEYJIHVSA-N,CCCCCCCC/C=C\CCCCCCCCCCCCCC(=O)N[C@@H](COP(=O)(O)O)[C@H](O)/C=C/CCCCCCCCCCCCC,5283586
WVLOADHCBXTIJK-YNHQPCIGSA-N,CN1CC[C@]23c4c5ccc(O)c4O[C@H]2C(=O)CC[C@H]3[C@H]1C5,5284570
YYTHPXHGWSAKIZ-UHFFFAOYSA-N,Clc1ccc(-c2csc(NN=C3CCCC3)n2)cc1,25193530
CXQWRCVTCMQVQX-GJZGRUSLSA-N,O=C1c2c(O)cc(O)cc2O[C@@H](c2ccc(O)c(O)c2)[C@H]1O,443758
FAKIZFXTXMMNRM-JHHIBIJLSA-N,C/C=C/C=C/CCCC/C=C/c1cc(OC)c(CO)c(=O)o1,11822857
NLYAJNPCOHFWQQ-UHFFFAOYSA-N,O.O.[O]=[Al][O][Si](=O)O[Si](=O)[O][Al]=[O],56841936
FCQJEPASRCXVCB-UHFFFAOYSA-N,O=[N+]([O-])c1cc([N+](=O)[O-])c2ccc(S(=O)(=O)O)cc2c1O,10226
HNYOPLTXPVRDBG-UHFFFAOYSA-N,O=C1CC(=O)NC(=O)N1,6211
CGFHKULNQXYGGI-DGPNFKTASA-N,O=P(O)(O)OC[C@@H](O)[C@@H]1O[C@@H](O)[C@H](O)[C@H]1O,91856598
VVFDMWZLBPUKTD-ZKRNHDOASA-N,CC(OC(=O)OC1CCCCC1)OC(=O)C1=C(CSc2nnnn2CCN(C)C)CS[C@@H]2[C@H](NC(=O)Cc3csc(N)n3)C(=O)N12,125846
QQWGYOFOZDNGPY-UHFFFAOYSA-N,CCCCCCCCCCCCCCCC(=O)OCC(O)CCCCCCCCCCCCCC,71384704
KUMXLFIBWFCMOJ-UHFFFAOYSA-N,CCCC(C)(C)CC,11233
ZCLXQTGLKVQKFD-UHFFFAOYSA-N,O=S(=O)(O)c1cccc(O)c1,11451
HLDTVPRYVAHRIQ-BQGMYUGNSA-M,CC(C)=CCc1cccc2[nH]cc(C[C@@H]3NC(=O)/C(=C(/C)[O-])C3=O)c12,136181834
WLLRAKCRHPMKNA-UHFFFAOYSA-N,Cc1cc(O)c(O)cc1[N+](=O)[O-],4660280
NENJNFMRWQAPAC-UHFFFAOYSA-N,O=C(O)CCCCCCCCCCCCCCCCCCCCO,5282920
ZVRMGCSSSYZGSM-CCEZHUSRSA-M,CCCCCCCCCCCCC/C=C/C(=O)[O-],19743055
GKEGFOKQMZHVOW-UHFFFAOYSA-M,C[N+]12CCC(CC1)C(OC(=O)C(O)(c1ccccc1)c1ccccc1)C2.[Br-],19004
GKKFSJKWTPVFGM-CYWISYQWSA-N,COc1ccc2c3c(c(=O)oc2c1)[C@H](C)[C@@](C)(CC/C=C(\C)Cc1cc(C)co1)O3,10047038
MOQVEROLCMDDKC-KRWDZBQOSA-N,CCCCCCCCCCCCCCCC(=O)N[C@@H](O)C(=O)O,135563682
LKJPYSCBVHEWIU-UHFFFAOYSA-N,CC(O)(CS(=O)(=O)c1ccc(F)cc1)C(=O)Nc1ccc(C#N)c(C(F)(F)F)c1,2375
ATZKAUGGNMSCCY-VYCBRMPGSA-K,CC(C)=CCC/C(C)=C/CC/C(C)=C/[C@H]1[C@H](COP(=O)([O-])OP(=O)([O-])[O-])[C@@]1(C)CC/C=C(\C)CCC=C(C)C,25244634
XZZNDPSIHUTMOC-UHFFFAOYSA-N,O=P(Oc1ccccc1)(Oc1ccccc1)Oc1ccccc1,8289
ANVAOWXLWRTKGA-JLTXGRSLSA-N,CC1=CCCC(C)(C)C1/C=C/C(C)=C/C=C/C(C)=C/C=C/C=C(C)/C=C/C=C(C)/C=C/C1=C(C)CCCC1(C)C,4369188
CGDGMTQYHSCWOZ-FYEJASGKSA-N,C[C@H](CCCCCCCCCCCCCCCCC(=O)O)O[C@@H]1O[C@@H](C)[C@H](O)C[C@H]1O,86289705
QIAFMBKCNZACKA-UHFFFAOYSA-M,O=C([O-])CNC(=O)c1ccccc1,4402710
SXJVFYZNUGGHRG-GDDJFQTCSA-N,CC[C@H](CC[C@@H](C)[C@H]1CC[C@H]2[C@@H]3[C@H](O)C=C4C[C@@H](O)CC[C@]4(C)[C@H]3CC[C@]12C)C(C)C,161816
IPCSVZSSVZVIGE-UHFFFAOYSA-N,CCCCCCCCCCCCCCCC(=O)O,985
LZFOPEXOUVTGJS-ONEGZZNKSA-N,COc1cc(/C=C/CO)cc(OC)c1O,5280507
BZQFBWGGLXLEPQ-UHFFFAOYSA-N,NC(COP(=O)(O)O)C(=O)O,106
UIYRKMRXXFXSTH-XUXIUFHCSA-N,COC(=O)CCC(=O)N[C@@H](C)C(=O)N[C@@H](C)C(=O)N1CCC[C@H]1C(=O)N[C@@H](C)C(=O)CCl,10390162
ZZEQOHMDRQUMMH-UHFFFAOYSA-N,COc1ccc(-c2oc3cc(OC)c(OC)c(O)c3c(=O)c2O)cc1O,5317287
VTMVHDZWSFQSQP-VBNZEHGJSA-N,C[C@@]12CCCCC[C@@H](Cc3ccc(O)cc31)[C@@H]2N,3033053
VMPITZXILSNTON-UHFFFAOYSA-N,COc1ccccc1N,7000
ISEUFVQQFVOBCY-UHFFFAOYSA-N,COc1nc(NC(C)C)nc(NC(C)C)n1,4928
AJMNDPOSKIBVGX-UHFFFAOYSA-N,O=S(=O)(O)c1ccc(N=Nc2ccccc2)cc1,17210
XKCKFIWDRHTTCA-LKRNETLMSA-N,CC[C@H]1CCCCCC[C@H](O[C@@H]2O[C@@H](C)[C@@H](O)[C@@H](NC)[C@H]2O)[C@@H](C)C(=O)NCCC1,70697745
BSIMZHVOQZIAOY-SCSAIBSYSA-N,O=C(O)C1=CC[C@@H]2CC(=O)N12,441133
CMOJNYRANQREGD-IJDHQMKWSA-N,CCC(=O)/C=C/C=C\C[C@@H](O)/C=C/C=C/C=C\[C@@H](O)CCCC(=O)O,25242251
ADYWCMPUNIVOEA-GPJPVTGXSA-N,CCCCCC/C=C\CCCCCCCCCC(=O)O[C@H](COC(=O)CCCCCCCCCCCCCCC)COP(=O)(O)OC[C@@H](O)CO,5289145
ALLQJQBDLUMIQH-UOVLAWSHSA-N,CCC1=C[C@](/C=C/c2ccccc2)(CC)[C@@](CC)(C(=O)O)[C@H]2[C@H]1[C@@H](C)C(=O)[C@@H]2CC,11281264
XVTAQSGZOGYIEY-UHFFFAOYSA-N,O=C1OCCc2ccccc21,78429
GODQIIKZEJTEPS-UHFFFAOYSA-N,CCc1ccc(C(=O)c2cccs2)cc1,104321
KMUJXIPRPXRPTP-DZBHQSCQSA-M,C[C@]1(O)CC[C@H]2[C@@H](CCC3=CC(=O)CC[C@@]32C)[C@@H]1CCC(=O)[O-],25200495
JPIJQSOTBSSVTP-STHAYSLISA-M,O=C([O-])[C@H](O)[C@@H](O)CO,21145021
YYGNTYWPHWGJRM-AAJYLUCBSA-N,CC(C)=CCC/C(C)=C/CC/C(C)=C/CC/C=C(\C)CC/C=C(\C)CCC=C(C)C,638072
QRPPIDRCLPPPDS-RNXOBYDBSA-N,C[C@]1(CCCCCCCCCCCCc2ccc(O)cc2)C[C@]2(C)OC(=O)C[C@@H]2OO1,51042204
CKLJMWTZIZZHCS-UHFFFAOYSA-L,NC(CC(=O)[O-])C(=O)[O-],4519554
KZTYYGOKRVBIMI-UHFFFAOYSA-N,O=S(=O)(c1ccccc1)c1ccccc1,31386
ZJOSXOOPEBJBMC-DAJNMGJPSA-M,CC(=O)N[C@@H]([C@@H]1O[C@](O)(C(=O)[O-])C[C@H](O)[C@H]1NC(C)=O)[C@@H](C)O,70678926
CQNVSNFEXPKHGW-UHFFFAOYSA-N,Cc1cc2c(c(O)c1O)C(=O)c1c(O)cccc1C2=O,442759
XOHUEYCVLUUEJJ-UWTATZPHSA-I,O=C([O-])[C@@H](COP(=O)([O-])[O-])OP(=O)([O-])[O-],25200383
WMTYLWSALBSUDE-FQEVSTJZSA-N,CC(=O)N[C@@H](Cc1ccc(O)c(N=Nc2ccc([As](=O)(O)O)cc2)c1)C(=O)NCC(=O)NCC(=O)NNC(=O)OC(C)(C)C,135883865
AODPIQQILQLWGS-GXBDJPPSSA-N,C[C@]12CC[C@@H](O)C[C@H]1CC[C@@H]1[C@@H]2[C@@H](O)C[C@@]2(C)[C@H]1CC[C@]2(O)C(=O)CO,5864
JOKIQGQOKXGHDV-UHFFFAOYSA-M,O=C([O-])C1CSCCN1,9548759
BIFMNMPSIYHKDN-FJXQXJEOSA-N,C[C@@H](CN1CC(=O)NC(=O)C1)N1CC(=O)NC(=O)C1.[Cl-].[H+],24883460
RMIVMBYMDISYFZ-UHFFFAOYSA-P,C[NH2+]CCCC[NH3+],21668242
ATDHCZKCFPIQOT-UHFFFAOYSA-N,CC(C)CC(=O)OC(c1ccccc1)c1cc(O)cc(=O)[nH]1,54687215
WTEVQBCEXWBHNA-JXMROGBWSA-N,CC(C)=CCC/C(C)=C/C=O,638011
DZTHIGRZJZPRDV-UHFFFAOYSA-N,CC(=O)NC(Cc1c[nH]c2ccccc12)C(=O)O,2002
QZWBTDVXBPUISR-MVJNYCIBSA-L,O=C(O)C(=O)/C=C(\C=C\[O-])C(=O)[O-],25244909
LODGIKWNLDQZBM-LBPRGKRZSA-N,COc1ccc2c(c1O)-c1c3c(cc4c1[C@H](C2)N(C)CC4)OCO3,12441
PEAGNRWWSMMRPZ-UHFFFAOYSA-L,O=S(=O)([O-])c1cc(S(=O)(=O)[O-])c2c(N=Nc3ccc(N=Nc4ccccc4)cc3)c(O)ccc2c1.[Na+].[Na+],21519
HWNGLKPRXKKTPK-YVZJFKFKSA-N,O=C(O)[C@H]1NC[C@H](O)[C@H]1O,11615187
XVOUMQNXTGKGMA-OWOJBTEDSA-L,O=C([O-])/C=C/CC(=O)[O-],6932338
BDNKZNFMNDZQMI-UHFFFAOYSA-N,CC(C)N=C=NC(C)C,12734
AIEZFWSIZQLXEG-UHFFFAOYSA-N,Oc1cccc(-c2cccc(O)c2O)c1O,177063
SPYWWYSOADUXOQ-YABMZCMSSA-L,CCCCC/C=C\C/C=C\C/C=C\C/C=C\CCCC(=O)O[C@H](COC(=O)CCCCCCCCCCCCCCC)COP(=O)([O-])[O-],71296225
XFTRTWQBIOMVPK-UHFFFAOYSA-N,CC(O)(CC(=O)O)C(=O)O,1081
UOCLXMDMGBRAIB-UHFFFAOYSA-N,CC(Cl)(Cl)Cl,6278
DLRVVLDZNNYCBX-RTPHMHGBSA-N,OC[C@H]1O[C@H](OC[C@H]2OC(O)[C@H](O)[C@@H](O)[C@@H]2O)[C@H](O)[C@@H](O)[C@@H]1O,439193
PSJDSNYTNOHIER-UHFFFAOYSA-L,O=C1c2c(O)c(O)c(S(=O)(=O)[O-])c(O)c2C(=O)c2c(O)c(O)c(S(=O)(=O)[O-])c(O)c21,40486061
COFDRZBGPVKKJQ-CMVMAMJTSA-N,COc1cc(O)cc2c1C(=O)OC(C[C@H]1CCC[C@H](C)O1)C2,71728345
KBRGEUZQYNIAKB-IDTAVKCVSA-N,Nc1ncnc2c1nc(N1CCCCC1)n2[C@@H]1O[C@@H]2COP(=O)(O)O[C@H]2[C@H]1O,10476759
UTGPYHWDXYRYGT-UHFFFAOYSA-M,CCCCCCCCCCCCCCCCCCCCCCCCCCCCCCCCCC(=O)[O-],25201964
BAKXBZPQTXCKRR-NXZHAISVSA-N,CS/C(C)=N/OC(=O)NSNC(=O)O/N=C(\C)SC,16126809
SZFPYBIJACMNJV-UHFFFAOYSA-N,CCCCCCCCCCCCCCCCCCOP(=O)([O-])OC1CC[N+](C)(C)CC1,148177
WCNLCIJMFAJCPX-UHFFFAOYSA-N,CCOC(=O)C1(c2ccccc2)CCN(C)CC1.Cl,5750
KRHAHEQEKNJCSD-UHFFFAOYSA-N,O=C(O)C(CS)CS,440312
ZFHGXWPMULPQSE-SZGBIDFHSA-N,Cc1c(F)c(F)c(COC(=O)[C@H]2[C@@H](/C=C(\Cl)C(F)(F)F)C2(C)C)c(F)c1F,11534837
OTQYGBJVDRBCHC-UHFFFAOYSA-N,Cl.Nc1cc(Cl)c(NC2=NCCN2)c(Cl)c1,51763
JKPVSFQJGXEMSU-CHEGSHICSA-N,C[C@H]1/C(=C/C(=O)OCCN(C)C)CC[C@H]2[C@H]1[C@@H](O)C[C@H]1C(C)(C)[C@@H](O)CC[C@]21C,5281266
RUVINXPYWBROJD-ONEGZZNKSA-N,C/C=C/c1ccc(OC)cc1,637563
VAUYGGXCASQWHK-UHFFFAOYSA-N,NC(Cc1c(O)[nH]c2ccccc12)C(=O)O,3382782
OUHYDBUWCBLVQF-LFAQGZIKSA-N,CC(C)C1=C[C@]23CC[C@H]4[C@]5(C)CCC[C@@]4(C2=CC1=O)[C@@H](OC5)O3,50900414
UCVRZTRGVBWBPR-SSGCBCEYSA-N,CC(CO)CCC[C@@H](C)[C@H]1CC[C@H]2[C@@H]3[C@H](O)C[C@@H]4CC(=O)CC[C@]4(C)[C@H]3C[C@H](O)[C@]12C,196065
ZNYQSCCJIAFAQX-PUUZRBPYSA-N,CC(=O)N[C@@H]1[C@@H](O)[C@@H](O)[C@@H](CO[C@@H]2O[C@H](CO)[C@@H](O)[C@H](O)[C@H]2NC(C)=O)O[C@H]1O,91855699
DEDOPGXGGQYYMW-UHFFFAOYSA-N,CCSC(=O)N1CCCCCC1,16653
CMYCCJYVZIMDFU-UHFFFAOYSA-N,C=CCN(C)CCCCCCOc1ccc(C(=O)c2ccc(Br)cc2)c(F)c1,1949
LNETULKMXZVUST-UHFFFAOYSA-N,O=C(O)c1cccc2ccccc12,6847
HUROMRVYVGXTOD-UHFFFAOYSA-N,CC1(C)CC(CBr)C(=O)O1,45266875
ONIBWKKTOPOVIA-SCSAIBSYSA-N,O=C([O-])[C@H]1CCC[NH2+]1,6971012
BIZNDKMFQHDOIE-KKUMJFAQSA-N,CC(C)C[C@H](N)C(=O)N[C@@H](Cc1ccccc1)C(=O)N[C@@H](CC(N)=O)C(=O)O,71464635
NXKIAZOEVGWPKT-UXNGKKSFSA-N,CC(C)=CCC/C(C)=C/CC/C(C)=C/C[C@@]12O[C@@H]1[C@H](O)C(CO)=CC2=O,101089582
CHVBPFQVSIWBOU-QNDFHXLGSA-N,O=c1c(-c2ccccc2)coc2cc(O[C@@H]3O[C@H](CO)[C@@H](O)[C@H](O)[C@H]3O)ccc12,440215
TZEQDSMFACWASC-MDZDMXLPSA-N,COc1c(C)c(O)c(C)c(O)c1C(=O)/C=C/c1ccccc1,10424762
FYQFEJFTCLKXTQ-UHFFFAOYSA-N,Cc1cc(C)c(S(=O)(=O)N(CCc2cccc(Br)c2)Cc2ccc(-c3cccc(S(C)(=O)=O)c3)cc2)c(C)c1,76073169
QXKAIJAYHKCRRA-JJYYJPOSSA-M,O=C([O-])[C@@H](O)[C@H](O)[C@H](O)CO,5459898
FFFHZYDWPBMWHY-VKHMYHEASA-M,N[C@@H](CCS)C(=O)[O-],53477631
AWSNLYPKRXALAA-UHFFFAOYSA-N,O=C(O)c1ccc(C(=O)O)c(-c2c3ccc4cc(O)ccc4c3oc3c2ccc2cc(=O)ccc23)c1,44140622
VBFKEZGCUWHGSK-ADSSWVSQSA-N,CCCCCCCC/C=C\CCCCCCCCCCCC(=O)N[C@@H](COP(=O)([O-])OCC[N+](C)(C)C)[C@H](O)/C=C/CCCCCCCCCCCCC,52931203
YFGHCGITMMYXAQ-IBGZPJMESA-N,NC(=O)C[S@](=O)C(c1ccccc1)c1ccccc1,11173366
IBIWIZFYQXMEJP-UHFFFAOYSA-M,O=S(=O)([O-])c1ccc(Nc2cc3c(nc4ccccc4[n+]3-c3ccccc3)c3ccc(S(=O)(=O)[O-])cc23)cc1,3609126
VMNULHCTRPXWFJ-UJSVPXBISA-N,CO/C=C(/C(=O)OC)c1ccccc1CO/N=C(C)/C=C/c1ccc(Cl)cc1,59649244
LFULEKSKNZEWOE-UHFFFAOYSA-N,CCC(=O)Nc1ccc(Cl)c(Cl)c1,4933
PNTMGOUAICFJQK-NTMALXAHSA-N,O=C(O)/C(Cc1ccccc1)=N\O,6416112
UTWUFCVPUHKIOD-QSCHNALKSA-N,CCCCCCCCCCCCCCCCCCCCCC(=O)O[C@H](COC(=O)CCCCCCCCCCCCCCCCCCC)COP(=O)([O-])OCC[N+](C)(C)C,24779050
HKAJKOBDBFGGIU-UHFFFAOYSA-N,ClC1=CC(Cl)C(Cl)=CC1Cl,357
XDCNKOBSQURQOZ-UHFFFAOYSA-L,O.O.O=C([O-])CCNC(=O)c1ccc(N=Nc2ccc([O-])c(C(=O)O)c2)cc1.[Na+].[Na+],135414247
HLISYGBBLOOIQF-UHFFFAOYSA-M,O=S(=O)([O-])c1cccc(N=Nc2ccc(Nc3ccccc3)cc2)c1,4138313
DCXYFEDJOCDNAF-UHFFFAOYSA-M,NC(=O)CC(N)C(=O)[O-],5460875
RZJRJXONCZWCBN-UHFFFAOYSA-N,CCCCCCCCCCCCCCCCCC,11635
MHAXMIHGEZOCTQ-HTAPYJJXSA-N,CC[C@@]1(O)CC(=O)c2c(cc3c(c2O)C(=O)c2c(O)cccc2C3=O)[C@H]1C(=O)OC,443827
COLNVLDHVKWLRT-QMMMGPOBSA-N,[NH3+][C@@H](Cc1ccccc1)C(=O)[O-],6925665
BCBHDSLDGBIFIX-UHFFFAOYSA-M,O=C([O-])c1ccc(C(=O)OCCO)cc1,22062452
ZLSDLEGKMGQSFU-BFIHGEENSA-N,C=C(C)[C@@H]1CCC(=C)[C@H](CC[C@H]2C(C)=CC[C@@H](C(=C)C)[C@]2(C)CCC(=O)O)[C@@]1(C)CCC(=O)OCC,53355791
FDZZZRQASAIRJF-UHFFFAOYSA-M,CN(C)c1ccc(C(=C2C=CC(=[N+](C)C)C=C2)c2ccccc2)cc1.[Cl-],11294
LBQIJVLKGVZRIW-ZDUSSCGKSA-N,CC1(C)C=Cc2c(ccc3c2OC[C@@H](c2ccc(O)cc2O)C3)O1,124052
ZLOPGKZMRGGNDS-IKKURHKOSA-N,CCCCCOC[C@@H](O)CO[C@@H]1O[C@H](CO)[C@H](O)[C@H](OS(=O)(=O)O)[C@H]1O,122164823
AUTOLBMXDDTRRT-UHFFFAOYSA-N,CC1NC(=O)NC1CCCCCC(=O)O,643
HMJBXEZHJUYJQY-UHFFFAOYSA-N,NCCCCC(CN)CCCN,94211
HFEJHAAIJZXXRE-UHFFFAOYSA-N,CCN(CC)C(=O)n1cnc(S(=O)(=O)c2c(C)cc(C)cc2C)n1,195429
ZYUSTWOCCKABCY-JSYAWONVSA-N,O=C(/C=C/c1ccc(O)cc1)c1c(O)cc(O[C@@H]2O[C@H](CO)[C@@H](O)[C@H](O)[C@H]2O)cc1O,23724744
SZGIMRYWFNAKJW-UHFFFAOYSA-N,COCC(=O)NCCC(=O)N1CCCC1,39948455
DICIZKAHXOVVHI-BOYBCVSISA-N,C[C@]12CC[C@H](O)C[C@H]1CC[C@@H]1[C@@H]2C[C@@H](O)[C@]2(C)[C@@H](C3=CC(=O)OC3)[C@@H](O)C[C@]12O,15558753
QICWUUGBNFIZAZ-KMPUTSBYSA-N,CC/C=C\C/C=C\C/C=C\C/C=C\C/C=C\C/C=C\CCC(=O)O[C@H](CO/C=C\CCCCCCCCCCCCCC)COP(=O)([O-])OCC[N+](C)(C)C,52923866
NYKUCCPVLWRDEZ-VCWNUMGPSA-M,C[C@@H]1CC[C@@H]2[C@@H](CC[C@@H](O)C[C@@H](O)CC(=O)[O-])[C@@H](C)C=C[C@H]2C1,86289732
SQRSDAJKJORZLJ-UHFFFAOYSA-N,C=CC1CN1,15261420
JAGLEOBXISHNNM-BRUQVKLWSA-N,CC(C)[C@H](NC(=O)[C@@H](N)CNC(=O)/C=C/C(N)=O)C(=O)O,45380223
LHGRLARXULFYPW-RZCWWDNZSA-N,CCCCCCCC/C=C\CCCCCCCC(=O)O[C@H](COC(=O)CCCCCCCCC)COP(=O)([O-])OCC[N+](C)(C)C,24778531
QBRLWBSUWNEPDW-UHFFFAOYSA-N,N#Cc1nc2n(c1N)-c1ccccc1C2=O,124202391
RWFBQHICRCUQJJ-NUHJPDEHSA-N,C[N+]1([O-])CCC[C@H]1c1cccnc1,68107
ODBLHEXUDAPZAU-VVJJHMBFSA-N,O=C(O)C[C@@H](C(=O)O)[C@@H](O)C(=O)O,439238
JUZCKAMLAZUOHD-CIVZFWGOSA-N,CC1=CCC[C@H]2[C@@H](C)[C@@](C)(CC3=C(O)C(NCCS(=O)(=O)O)=CC(=O)C3=O)CC[C@]12C,10321583
JGUNZIWGNMQSBM-WXUVIADPSA-N,CCCCC/C=C\C=C\[C@@H](CCCCCCCC(=O)O)OO,13291627
SGUXCHHLXDUUHD-BXTBVDPRSA-L,NC(/C=C\C(=O)[O-])=C/C(=O)C(=O)[O-],9543223
XIUIRSLBMMTDSK-UHFFFAOYSA-N,Nc1nc2[nH]cc(C(=O)O)c2c(=O)[nH]1,135566892
WSEQXVZVJXJVFP-HXUWFJFHSA-N,CN(C)CCC[C@]1(c2ccc(F)cc2)OCc2cc(C#N)ccc21,6101829
UMWNGGYPGAHOPP-IBKWXVHQSA-N,COC1=CC2OC(c3ccc(O)c(O)c3)=CC(=O)C2C(O)=C1[C@@H]1O[C@H](CO)[C@@H](O)[C@H](O)[C@H]1O,91825557
BBDAGFIXKZCXAH-CCXZUQQUSA-N,N=c1ccn2c(n1)O[C@H]1[C@H](O)[C@@H](CO)O[C@H]12,25051
MSJMDZAOKORVFC-SEPHDYHBSA-L,O=C([O-])/C=C/C(=O)[O-].[Na+].[Na+],6364607
JLRGJRBPOGGCBT-UHFFFAOYSA-N,CCCCNC(=O)NS(=O)(=O)c1ccc(C)cc1,5505
KSMVZQYAVGTKIV-UHFFFAOYSA-N,CCCCCCCCCC=O,8175
WGLAORUKDGRINI-WDCWCFNPSA-N,C[C@@H](O)[C@H](NC(=O)[C@H](CCC(=O)O)NC(=O)[C@@H](N)CCCCN)C(=O)O,138911103
SXQCTESRRZBPHJ-UHFFFAOYSA-M,CCN(CC)c1ccc2c(-c3ccc(S(=O)(=O)[O-])cc3S(=O)(=O)[O-])c3ccc(=[N+](CC)CC)cc-3oc2c1.[Na+],9916275
PVKOQJATMIOZNV-DXJGWMFSSA-N,CCCCC/C=C\C/C=C\C=C1/O[C@@H]1C/C=C\CCCC(=O)O,122391312
XNGKCOFXDHYSGR-UHFFFAOYSA-N,CC(C)=CCCc1ccoc1,68316
TVYLLZQTGLZFBW-GOEBONIOSA-O,COc1cccc([C@]2(O)CCCC[C@H]2C[NH+](C)C)c1,6919029
AKLNVEONUQARCW-VRBIDZHXSA-N,CC(=O)N[C@H]1[C@@H](O[C@@H]([C@@H](O)[C@H](O)CO)[C@H](CO)NC(C)=O)O[C@H](CO)[C@H](O)[C@@H]1O,91851302
LOPAXYRUFHKGFO-GQUPQBGVSA-N,O=c1cc2oc(-c3ccc(O)cc3)c(O[C@@H]3O[C@H](CO)[C@@H](O)[C@H](O)[C@H]3O)cc-2c(O)c1,443649
OPVPGKGADVGKTG-BQBZGAKWSA-N,CC(=O)N[C@@H](CC(=O)O)C(=O)N[C@@H](CCC(=O)O)C(=O)O,188803
MVDYCHZUKVXVBG-SLFFLAALSA-N,C=C(CCC=C(C)C)[C@H]1CC[C@@]2(C)CCC=C(C)[C@@H]2C1,56598868
VDNLFJGJEQUWRB-UHFFFAOYSA-N,O=C(O)c1c(Cl)c(Cl)c(Cl)c(Cl)c1-c1c2cc(I)c(=O)c(I)c-2oc2c(I)c(O)c(I)cc12,25474
CPBQPRBQBDLLLA-VZUSUAOUSA-M,CC/C=C\C/C=C\C[C@H](O)[C@@H](/C=C/C=C/C=C\C/C=C\CCC(=O)[O-])SC[C@H]([NH3+])C(=O)NCC(=O)[O-],129626641
SJJRBEXXUDTCDB-LTOLZBHSSA-N,NC(=O)CC[C@H](N)C(=O)O[C@H]1[C@@H](O)[C@H](n2cnc3c(N)ncnc32)O[C@@H]1COP(=O)(O)O,118797959
ULSUXBXHSYSGDT-UHFFFAOYSA-N,COc1ccc(-c2cc(=O)c3c(OC)c(OC)c(OC)c(OC)c3o2)cc1,68077
TVMUTJRGKLRTET-IOXDDUNPSA-N,C[C@@]12O[C@H]3C[C@@H]1C[C@@]1(C=CC(=O)[C@@](C)(CCC(=O)O)[C@H]31)[C@H]2O,44233478
CXISPYVYMQWFLE-VKHMYHEASA-N,C[C@H]([NH3+])C(=O)NCC(=O)[O-],6998028
KDXKERNSBIXSRK-RXMQYKEDSA-N,NCCCC[C@@H](N)C(=O)O,57449
AWUCVROLDVIAJX-VKHMYHEASA-L,O=P([O-])([O-])OC[C@@H](O)CO,7048685
UFGRMMQWQBIHJB-NTUHNPAUSA-N,CC(C)=CCC/C(C)=C/Cc1c(O)c(O)cc2ccc(=O)oc12,124079402
WFRLANWAASSSFV-FPLPWBNLSA-N,CCCCCC/C=C\CCCCCCCC(=O)NCCO,9835868
TWFZGCMQGLPBSX-UHFFFAOYSA-N,COC(=O)Nc1nc2ccccc2[nH]1,25429
LIBKJCZUBOETPB-RYUDHWBXSA-N,CC[C@H](C)C[C@H](C)C(=O)c1c(O)c(-c2ccc(O)cc2)c[nH]c1=O,54710080
DKHGMERMDICWDU-GHDNBGIDSA-N,CC(C)=CCC/C(C)=C/CC/C(C)=C/CC/C(C)=C/CC1=C(C)C(=O)c2ccccc2C1=O,5282367
YXWQTVWJNHKSCC-MRXNPFEDSA-N,COc1ccc(C[C@H]2NCCc3cc(OC)c(OC)cc32)cc1OC,688594
BACLASYRJRZXMY-UHFFFAOYSA-N,O=c1cc(-c2ccc(O)cc2)oc2cc(O)c(-c3c(O)cc(O)c4c(=O)cc(-c5ccc(O)cc5)oc34)c(O)c12,5281599
LGZSARJAXHVXEV-YEJVQPDVSA-N,CC(C)(O)[C@@H]1[C@@H]2C[C@]3(C)[C@@](O)([C@H]4O[C@H]4[C@]34CO4)[C@H]1C(=O)O2,21626422
DCJBINATHQHPKO-CALMLMJYSA-M,CCCCC/C=C\C/C=C\C[C@@H](O)[C@H](O)C/C=C\CCCC(=O)[O-],40490676
CJUFNYIRKDOQMC-UHFFFAOYSA-N,C=CC(O)CCCCCCCC(=O)O,10465398
CCQDWIRWKWIUKK-QKYBYQKWSA-O,COc1cc(-c2[o+]c3cc(O)cc(O)c3cc2O[C@@H]2O[C@H](CO)[C@@H](O)[C@H](O)[C@H]2O)cc(O)c1O,443651
FOQABOMYTOFLPZ-UHFFFAOYSA-N,CCN(CCO)c1ccc(N=Nc2ccc([N+](=O)[O-])cc2)cc1,17886
ZWDSRVCSCUOVHF-LODBTCKLSA-N,CC(=O)N[C@@H]1[C@@H](O)[C@H](O[C@@H]2O[C@H](COP(=O)(O)O)[C@H](O)[C@H](O)[C@H]2O)[C@@H](CO)O[C@H]1O,91972220
OABFYXXSGQYCAM-UHFFFAOYSA-N,NC(CC(O)C(O)C(=O)COP(=O)(O)O)C(=O)O,44140568
YPVZJXMTXCOTJN-UHFFFAOYSA-N,Oc1ccc(-c2[o+]c3cc(O)cc(O)c3cc2O)cc1.[Cl-],67249
SBPBAQFWLVIOKP-UHFFFAOYSA-N,CCOP(=S)(OCC)Oc1nc(Cl)c(Cl)cc1Cl,2730
PQFRTXSWDXZRRS-UHFFFAOYSA-N,Cn1c([N+](=O)[O-])cnc1COC(N)=O,5094
RXILURRBPAWICG-MMSZMYIBSA-N,CC(C)=CCC/C(C)=C/CC/C(C)=C/CC/C(C)=C/CC/C(C)=C/CC/C(C)=C/CO,10836209
XXQFKXPJJNBLSU-TXICZTDVSA-L,C[C@H]1O[C@H](OP(=O)([O-])[O-])[C@H](O)[C@@H]1O,51351655
IWYDHOAUDWTVEP-SSDOTTSWSA-M,O=C([O-])[C@H](O)c1ccccc1,5460269
KFDNYLHNDZBJDQ-UHFFFAOYSA-O,CCN(CC)c1ccc2[nH]c3c(C([NH3+])=O)cc(=O)c(=O)c=3oc2c1,135468721
XIRNKXNNONJFQO-UHFFFAOYSA-N,CCCCCCCCCCCCCCCC(=O)OCC,12366
BSYNRYMUTXBXSQ-UHFFFAOYSA-N,CC(=O)Oc1ccccc1C(=O)O,2244
KQTVWCSONPJJPE-UHFFFAOYSA-N,CCOc1nc(C(Cl)(Cl)Cl)ns1,17432
PGOOBECODWQEAB-UHFFFAOYSA-N,CNC(=N[N+](=O)[O-])NCc1cnc(Cl)s1,135779804
BWWVAEOLVKTZFQ-NTZNESFSSA-N,CC1(C)S[C@@H]2[C@H](N=CN3CCCCCC3)C(=O)N2[C@H]1C(=O)O,36273
KRTWHKZMWCZCIK-VRZYSOTLSA-N,CCCCCCCC\C=C/C=C/C=C/[C@@H](SC[C@H](N)C(=O)O)[C@@H](O)CCCC(=O)O,6440643
SDVJFWYHVDNXTI-WOJBJXKFSA-N,C[C@@H](O)CCCCCCCCCCCCCCCC[C@@H](O)CC(=O)O,86289841
AURFZBICLPNKBZ-YZRLXODZSA-N,CC(=O)[C@H]1CC[C@H]2[C@@H]3CC[C@@H]4C[C@H](O)CC[C@]4(C)[C@H]3CC[C@]12C,31402
CNHXIILVVNMOCU-URARBOGNSA-N,O=c1[nH]c(=O)n([C@H]2C[C@H](O)[C@@H](COP(=O)(O)O)O2)cc1CO[C@@H]1O[C@H](CO)[C@@H](O)[C@H](O)[C@H]1O,118796933
DHTJFQWHCVTNRY-UHFFFAOYSA-N,CN1OC(c2ccc(Cl)cc2)CC1(C)c1cccnc1,11512926
UNHCPLSWMNPZTD-UHFFFAOYSA-N,C[N+](C)(C)CC(CC(=O)[O-])OC(=O)CCCCCCCCCCCCCCC(=O)O,566787
WUDBUIUHVNECTM-UHFFFAOYSA-P,Nc1nccc(-c2c(-c3ccc(F)cc3)ncn2C2CCCCC2)n1.[H+].[H+],91828205
XMRPGKVKISIQBV-XWOJZHJZSA-N,CC(=O)[C@H]1CC[C@H]2[C@@H]3CC[C@@H]4CC(=O)CC[C@]4(C)[C@H]3CC[C@]12C,92745
SLAYUXIURFNXPG-CRAIPNDOSA-N,NCc1ccccc1CC(=O)N[C@@H]1C(=O)N2C(C(=O)O)=C(CSc3nnnn3CC(=O)O)CS[C@H]12,43507
QDBLJDVWLXPWOQ-MJBXVCDLSA-O,CCCCCCCCCC[C@@H](O)[C@@H](O)[C@@H]([NH3+])CO,86289970
BPYKTIZUTYGOLE-IFADSCNNSA-L,C=CC1=C(C)/C(=C/c2[nH]c(Cc3[nH]c(/C=C4\NC(=O)C(C)=C4C=C)c(C)c3CCC(=O)[O-])c(CCC(=O)[O-])c2C)NC1=O,7067843
VZEZONWRBFJJMZ-UHFFFAOYSA-N,C=CCc1cccc(C=O)c1OCCN(CC)CC,56566
AEFMTBQZWMUASH-IILZZRPCSA-N,CC(C)(O)CC[C@@H](O)[C@](C)(O)[C@H]1CC=C2C3=C(CC[C@@]21C)[C@@]1(C)C[C@H](O)[C@H](O)C[C@H]1C(=O)C3,441831
WHEUWNKSCXYKBU-QPWUGHHJSA-N,COc1cc2c(cc1O)CC[C@@H]1[C@@H]2CC[C@]2(C)C(=O)CC[C@@H]12,440624
ROHFNLRQFUQHCH-RXMQYKEDSA-N,CC(C)C[C@@H]([NH3+])C(=O)[O-],6950207
NGPGYVQZGRJHFJ-UHFFFAOYSA-N,O=[N+]([O-])c1ccc(N=Nc2ccc(O)cc2O)cc1,6320
AVCUMQCXLPRLSN-CBPXPLCBSA-N,CCO[C@@H]1OC[C@@]2(C)CCC[C@@]13c1cc(O)c(C(C)C)cc1C(=O)C[C@@H]23,50900596
XUXGUZSWIDJNES-RQOIEFAZSA-N,CCCCC/C=C\C/C=C\CCCCCCCC(=O)OC(COC(=O)CCCCCCC/C=C\CCCCCCCC)Nc1ccccc1,44558886
BGRJTUBHPOOWDU-LLVKDONJSA-N,CCN1CCC[C@@H]1CNC(=O)c1cc(S(N)(=O)=O)ccc1OC,643497
PKKMITFKYRCCOL-JMZFCNQTSA-N,COn1cc(C/C(=N/OS(=O)(=O)O)S[C@@H]2O[C@H](CO)[C@@H](O)[C@H](O)[C@H]2O)c2ccccc21,9576416
YMXPBFBMXWPRNM-UHFFFAOYSA-N,COc1cc(C2Oc3cc4ccc(=O)oc4cc3OC2CO)ccc1O,14282050
VVLCELUSWGWMSW-ZBRFXRBCSA-N,C[C@]12CC[C@@H]3c4ccc(O)cc4C=C[C@H]3[C@@H]1CC[C@@H]2O,245468
MQJKPEGWNLWLTK-UHFFFAOYSA-N,Nc1ccc(S(=O)(=O)c2ccc(N)cc2)cc1,2955
JJQKICOADUKSNS-UHFFFAOYSA-N,NCCCCNS(=O)(=O)c1ccc2c(Cl)cccc2c1,4299
SMJLGESYPKPRNU-CRCOQUFZSA-N,CCCCCCCCCCCCCCCCCCCCCCCC(=O)N[C@@H](COP(=O)([O-])OCC[N+](C)(C)C)[C@H](O)CCCCCCCCCCCCCCC,44260134
CYFLXLSBHQBMFT-UHFFFAOYSA-N,Cc1nc(NS(=O)(=O)c2ccc(N)cc2)oc1C,12894
UAGCUQRCYLGHHF-UHFFFAOYSA-N,NCCCNCCCCN(CCCN)CCCN,86175000
QJPWUUJVYOJNMH-VKHMYHEASA-O,[NH3+][C@H]1CCOC1=O,7043903
KLIDCXVFHGNTTM-UHFFFAOYSA-N,COc1cccc(OC)c1O,7041
FRBNVSJPLIGZIP-UHFFFAOYSA-N,CCC(C)C1OCCO1,518948
STTKJLVEXMKLNA-CQSZACIVSA-L,CCCCCCCCCCCC(=O)OC[C@@H](O)COP(=O)([O-])[O-],71296161
DYZWXBMTHNHXML-UHFFFAOYSA-N,CCCNC(=O)c1ccccc1,25354
WNLOVPITXSWKEZ-UHFFFAOYSA-N,Nc1ccc(S(=O)(=O)Nc2ccc(C(=O)O)cc2)cc1,80635
XNFIRYXKTXAHAC-UHFFFAOYSA-N,N#Cc1c(-c2ccc(Cl)cc2)[nH]c(C(F)(F)F)c1Br,183559
SLIUAWYAILUBJU-UHFFFAOYSA-N,c1ccc2cc3cc4cc5ccccc5cc4cc3cc2c1,8671
FOUWCSDKDDHKQP-UHFFFAOYSA-N,C#CCN1C(=O)COc2cc(F)c(N3C(=O)C4=C(CCCC4)C3=O)cc21,92425
WTAHRPBPWHCMHW-LWKDLAHASA-M,O=C([O-])[C@@H](O)C(=O)[C@H](O)[C@@H](O)CO,46878417
GJLXTZOZEHWWTD-UHFFFAOYSA-N,NC(=O)c1cc(Br)c(O)c(Br)c1,3014162
AIBPYVNEBSHOCZ-UHFFFAOYSA-N,COc1c(O)c(OC)c2oc3cccc(O)c3c(=O)c2c1CC=C(C)C,11537710
SENJXOPIZNYLHU-IUCAKERBSA-N,CC(C)C[C@H](N)C(=O)N[C@@H](CCCN=C(N)N)C(=O)O,152914
PCHPORCSPXIHLZ-UHFFFAOYSA-N,C[NH+](C)CCOC(c1ccccc1)c1ccccc1.[Cl-],43833360
DVIFFQAOYQDXGL-UHFFFAOYSA-L,O=C([O-])CCC(=O)C(O)C(=O)[O-],21145045
ITPHOIFCAFNCLL-QKKXKWKRSA-L,O=P([O-])([O-])OC[C@H]1O[C@@H](O[C@H]2[C@H](O)[C@@H](O)C(O)O[C@@H]2CO)[C@H](O)[C@@H](O)[C@H]1O,86289748
QDXTYNOQCQVNET-NUKVNZTCSA-L,CCCCCCCCCCCCC/C=C/[C@@H](O)[C@H](COP(=O)([O-])[O-])NC(=O)CCCCCCCCCCCCCCCCCCC,71296218
SNMCWIDCSPHZRD-UHFFFAOYSA-N,COc1c(C)c(C(=O)c2ccc(N)c(C(=O)O)c2)n2ccccc12,11347895
PXKJCWZAMAFFIW-GLBIRDDMSA-N,C/C1=C2\CC[C@@H](C)[C@@H]2CC(C)(C)C[C@@H](O)C1,129626757
SVSKFMJQWMZCRD-MCDZGGTQSA-K,Nc1ncnc2c1ncn2[C@@H]1O[C@H](COP(=O)([O-])OP(=O)([O-])[O-])[C@@H](O)[C@H]1O.[Mg+2],44123524
DIXGJWCZQHXZNR-UHFFFAOYSA-L,O=C([O-])CC(O)(CC(=O)[O-])C(=O)O.[Mg+2],8949
QYPPRTNMGCREIM-UHFFFAOYSA-N,C[As](=O)(O)O,8948
DHWYNFQVHPLJKU-PYDTXJQDSA-N,COc1cc([C@@H]2OC[C@H](Cc3cc(OC)c(O)c(OC)c3)[C@H]2C)ccc1O,53359708
GIQHIMWSWCCNJG-UHFFFAOYSA-M,Nc1nc2c(c(=O)[nH]1)N=C(CNc1ccc(C(=O)O)c([O-])c1)CN2,135886633
BXVYQJJBMVVALQ-VVSMSMGFSA-N,CC/C=C\C/C=C\C/C=C\C/C=C\C/C=C\C/C=C\CCC(=O)O[C@@H](CO)COC(=O)CCCCCCCCCCCCCCC,9543827
FNMOUVSMWUISMV-UHFFFAOYSA-N,NCCC(=O)Nc1ccc2ccccc2c1,7021428
KTHDTJVBEPMMGL-VKHMYHEASA-M,CC(=O)N[C@@H](C)C(=O)[O-],6926438
HGXBRUKMWQGOIE-AFHBHXEDSA-N,COc1cc([C@H]2OC[C@H]3[C@@H]2CO[C@@H]3c2ccc(O)c(OC)c2)ccc1O,73399
CZWBKSDPBWNHGO-DPJNYECVSA-N,CC1(C)[C@@H](O)CC[C@]2(C)[C@H]3CC=C4[C@@H]5C[C@](C)(CO)CC[C@]5(C(=O)O)CC[C@@]4(C)[C@]3(C)CC[C@@H]12,21594136
UOBOWSHNMYJJFQ-QIWLAUOQSA-N,CCC(C)[C@@H]1NC(=O)[C@@H](Cc2ccccc2)n2c1nc1c(c2=O)C=CC=CO1,53355697
CQLRUIIRRZYHHS-UVHBULKNSA-N,COc1cc(-c2oc3cc(O)cc(O)c3c(=O)c2O[C@@H]2O[C@H](CO)[C@H](O)[C@H](O)[C@H]2O)ccc1O,5318644
LOGCGPRBNXVHDX-ZCNNSNEGSA-N,C=C(CCC=C(C)C)[C@H]1CC[C@]2(C)CCCC(=C)[C@H]2C1,56598867
YQEGOYHOURTPPX-UHFFFAOYSA-L,O=C([O-])C(O)C(C[P+](=O)[O-])C(=O)[O-],45479578
JRNVZBWKYDBUCA-UHFFFAOYSA-N,O=C1CCC(=O)N1Cl,31398
XROYFEWIXXCPAW-UHFFFAOYSA-M,CC(C(=O)[O-])C(=O)OC(CC(=O)[O-])C[N+](C)(C)C,121596220
KIHJEJVWUXTXPZ-UHFFFAOYSA-N,CC1(C(=O)O)CC1(C)C(=O)Nc1cc(Cl)cc(Cl)c1,156228
OTVAEFIXJLOWRX-NXEZZACHSA-N,CS(=O)(=O)c1ccc([C@@H](O)[C@@H](CO)NC(=O)C(Cl)Cl)cc1,27200
QBLPQGCPHVNTFS-KJWIQCNYSA-N,C=C1/C(=C\C=C2/CCC[C@]3(C)[C@@H]([C@H](C)OC[C@H](O)C(C)C)CC[C@@H]23)C[C@@H](O)C[C@@H]1O,9547311
CERQOIWHTDAKMF-UHFFFAOYSA-M,C=C(C)C(=O)[O-],87595
XNNFSCUGVQFHNA-KLARHEOWSA-N,C=C(CC[C@@H](C)[C@H]1CC[C@H]2C3=C(CC[C@]12C)[C@@]1(C)CC[C@H](O)C[C@@H]1CC3=O)C(C)C,50899856
DQMZLTXERSFNPB-UHFFFAOYSA-N,CCC1(c2ccccc2)C(=O)NCNC1=O,4909
KRKNYBCHXYNGOX-UHFFFAOYSA-N,O=C(O)CC(O)(CC(=O)O)C(=O)O,311
TYPRWJJYCBNAQC-UHFFFAOYSA-M,O=C(O)c1cc(=O)c2ccc(O)c([O-])c2[nH]1,54725756
IHYJTAOFMMMOPX-LURJTMIESA-M,CC(=O)N[C@H](C(=O)[O-])C(C)C,6950958
WNLRTRBMVRJNCN-UHFFFAOYSA-L,O=C([O-])CCCCC(=O)[O-],200164
ZUSUVEKHEZURSD-ONEGZZNKSA-N,CC/C=C/CCCC=O,5283327
YNDYKPRNFWPPFU-UHFFFAOYSA-N,CCCCCCCCCCCCCCCC(=O)OCC(O)COP(=O)(O)O,89566
WSCUHXPGYUMQEX-KCZNZURUSA-N,C[C@]12CCC(=O)C=C1CC[C@@H]1[C@@H]2[C@@H](O)C[C@]2(C)C(=O)CC[C@@H]12,94141
BOLXAGHGKNGVBE-MTXRGOKVSA-K,O=C([O-])[C@@H](CO)O[C@H]1O[C@H](COP(=O)([O-])[O-])[C@@H](O)[C@H](O)[C@@H]1O,46906104
PZBPKYOVPCNPJY-UHFFFAOYSA-N,C=CCOC(Cn1ccnc1)c1ccc(Cl)cc1Cl,37175
FNAJVVMDXCOSFY-QCPGYTKSSA-N,CC1=C(/C=C/C(C)=C/C=C/C(C)=C/C=C/C=C(C)/C=C/C=C(\C)CO)C(C)(C)C[C@H](O)C1,23426325
IJCUTMPLJMWBTB-UHFFFAOYSA-N,COc1cc2ncnc(Nc3ccc(F)c(Cl)c3)c2cc1OCCCN,10022439
RDHQFKQIGNGIED-MRVPVSSYSA-N,CC(=O)O[C@H](CC(=O)[O-])C[N+](C)(C)C,7045767
VPTVZDVITVNLTM-NSCUHMNNSA-N,C/C=C/COP(=O)(O)OP(=O)(O)O,15818139
BWADZBIKQNRUPR-PDBXOOCHSA-N,CC/C=C\C/C=C\C/C=C\CCCCCCCCCC(N)=O,145944427
VSANSNPZLCXLRK-SSDOTTSWSA-M,C[C@@H](C(=O)C(=O)[O-])c1c[nH]c2ccccc12,118796911
ZKUDWLWHTKEJGJ-VDOHSOROSA-N,CC/C=C\C[C@@H](O)/C=C/C=C\C/C=C\C/C=C\C=C\[C@H](CCC(=O)O)OO,59385584
YIWFXZNIBQBFHR-LURJTMIESA-N,NCC(=O)N[C@@H](Cc1cnc[nH]1)C(=O)O,7023107
KAPZSMYEZDLAFB-UHFFFAOYSA-N,COc1ccc(-c2oc3c(OC)c(OC)cc(O)c3c(=O)c2O)cc1,5281700
IIUMCNJTGSMNRO-VVSKJQCTSA-L,C[C@]12CC[C@@H]3c4ccc(OC(=O)N(CCCl)CCCl)cc4CC[C@H]3[C@@H]1CC[C@@H]2OP(=O)([O-])[O-].[Na+].[Na+],444000
RQRINYISXYAZKL-RPDRRWSUSA-L,Nc1c(NC[C@H](O)[C@H](O)[C@H](O)COP(=O)([O-])[O-])[nH]c(=O)[nH]c1=O,45266638
UZKZXPWGNRCNCM-NDNLJYSTSA-N,CC(C)=C[C@@H]1C[C@H](C)[C@H]2CC[C@H](C)C3=C2[C@@]1(O)[C@](C)(O)C3=O,23582917
YWXYYJSYQOXTPL-SLPGGIOYSA-N,O=[N+]([O-])O[C@@H]1CO[C@H]2[C@@H]1OC[C@@H]2O,27661
PWVXXGRKLHYWKM-LJQANCHMSA-O,C[NH+]1CCC[C@@H]1Cc1c[nH]c2ccc(CCS(=O)(=O)c3ccccc3)cc12,40467035
KDBZVULQVCUNNA-UHFFFAOYSA-N,CC(C)(C)c1ccc(C(C)(C)C)c(O)c1,79983
OCTZTNYFALPGHW-LSDHHAIUSA-N,COc1cc(C[C@H]2C(=O)OC[C@@H]2Cc2ccc3c(c2)OCO3)ccc1O,168759
LVNGJLRDBYCPGB-UHFFFAOYSA-N,CCCCCCCCCCCCCCCCCC(=O)OCC(COP(=O)([O-])OCC[NH3+])OC(=O)CCCCCCCCCCCCCCCCC,56927689
QMNWXHSYPXQFSK-KLXURFKVSA-N,CCCN[C@H]1CCc2nc(N)sc2C1.Cl.Cl,119569
IYODIJVWGPRBGQ-UHFFFAOYSA-N,c1ccc2c(-c3nccs3)c[nH]c2c1,636970
VSABNZFZVFUZGA-JTQLQIEISA-N,CC(C)=CCN=c1ncn(CC[C@H]([NH3+])C(=O)[O-])c2nc[nH]c12,135957087
MOEFFSWKSMRFRQ-UHFFFAOYSA-N,CCOc1ccccc1O,66755
OGBUMNBNEWYMNJ-UHFFFAOYSA-N,CCCCCCCCCCCCCCCCCCOCC(O)CO,3681
BCJXKIBXIHQTEP-BNTHRHBTSA-N,CO[C@@H]1O[C@H](CO)[C@H](O)[C@H](O[C@H]2O[C@H](CO)[C@H](O)[C@H](O)[C@H]2NC(C)=O)[C@H]1NC(C)=O,56927758
UJUVFUFXJONDDC-XSZXJSRZSA-M,CCCCCCCC/C=C\CCCCCCCC(=O)O[C@H](CO)COP(=O)([O-])OC[C@H](O)CO,131953101
NQRFDNJEBWAUBL-UHFFFAOYSA-N,CCNc1nc(CC)c(C(=O)NC(C#N)c2cccs2)s1,11174640
BPBFBKOCADVWMK-IZUAKNLWSA-N,C/C1=C\CC[C@@](C)(O)/C=C/[C@@](O)(C(C)C)CCC2=C[C@@H](C1)OC2=O,56834382
AYGOSKULTISFCW-KSZLIROESA-N,CCCCCCCCCCCCCC[C@@H](O)[C@@H](O)[C@@H](N)COP(=O)(O)O,10883829
NHGXDBSUJJNIRV-UHFFFAOYSA-M,CCCC[N+](CCCC)(CCCC)CCCC.[Cl-],70681
MQHNKCZKNAJROC-UHFFFAOYSA-N,CCCOC(=O)c1ccccc1C(=O)OCCC,8559
YXTHWTPUTHTODU-UHFFFAOYSA-N,CCCCCCCC(=O)CC(=O)O,5282982
BSNVYGSAFLBSSQ-PKAYUKAWSA-N,CC(=O)N[C@H]1C(O)O[C@H](CO[C@@H]2O[C@@H](C)[C@@H](O)[C@@H](O)[C@@H]2O)[C@@H](O)[C@@H]1O,71297234
COJBGNAUUSNXHX-UHFFFAOYSA-M,NC(=O)CCC(=O)C(=O)[O-],152239
YRXOQXUDKDCXME-YIVRLKKSSA-N,CCCCCCCCCCCCC/C=C/[C@@H](O)[C@H](CO)N(C)C,5282309
DEWDMTSMCKXBNP-SCSAIBSYSA-M,CSCC[C@@H](NC(N)=O)C(=O)[O-],1745309
BQSMUQUKNCGJCT-SLPGGIOYSA-L,O=C[C@H](NS(=O)(=O)[O-])[C@@H](O)[C@H](O)[C@H](O)COS(=O)(=O)[O-],49791992
AGAMVXPICIDWRL-WQUIGTGHSA-N,CCCCCCCC/C=C\CCCCCCCC(=O)OC[C@H](CO)OC(=O)CCCCCCCCCCC,71728441
ICVLUTHYXHYLPY-UHFFFAOYSA-N,C=CCc1ccc(O)c(OC(C)C)c1,45266890
SLUFHMQYBPOTFZ-ZRRCRCOKSA-N,[C-]#[N+][C@@H]1[C@@H]2c3c[nH]c4cccc(c34)C(C)(C)[C@H]2CC[C@]1(C)C=C,16069589
VFRROHXSMXFLSN-BGPJRJDNSA-N,O=C[C@H](O)[C@H](O)[C@H](O)[C@H](O)COP(=O)(O)O,5459942
ADIMMCHZVYYGPW-MSOLQXFVSA-N,COc1cc(OC)c2c(c1CC=C(C)C)O[C@H](c1ccccc1)C[C@H]2O,442542
NIMLQBUJDJZYEJ-UHFFFAOYSA-N,CC1(C)CC(N=C=O)CC(C)(CN=C=O)C1,169132
HRRYYCWYCMJNGA-UHFFFAOYSA-N,CC(N)(Cc1cnc[nH]1)C(=O)O,4396761
JCMUOFQHZLPHQP-BQBZGAKWSA-N,CC[C@H](NC(=O)CC[C@H](N)C(=O)O)C(=O)NCC(=O)O,7018721
ZMITXKRGXGRMKS-HLUDHZFRSA-N,C[C@]12CC[C@@H](OS(=O)(=O)O)C[C@@H]1CC[C@@H]1[C@@H]2CC[C@]2(C)C(=O)CC[C@@H]12,159663
LAJSXCAVRQXZIO-UHFFFAOYSA-N,Cc1cc(O)c2c(c1)Cc1cc(O)cc(O)c1C2=O,122635
HXXFSFRBOHSIMQ-ZOSDKUOISA-N,O=P(O)(O)O[C@H]1O[C@H](CO)C(O)C(O)C1O,134692033
RXDMAYSSBPYBFW-UHFFFAOYSA-N,CCC1(C(=O)NC(C)c2ccc(Cl)cc2)C(C)C1(Cl)Cl,153847
ITRZCICEVGLQFO-UHFFFAOYSA-N,COc1cc(OC)c2c(c1)OCC(c1ccc(O)cc1O)C2,442805
RYNHWWNZNIGDAQ-WNMJAFDRSA-N,CCCCCCCC/C=C\CCCCCCCC(=O)OC[C@H](COC(=O)CCCCCCCCCCCCCCCCC)OC(=O)CCCCCCC/C=C\CCCCCCCC,42627601
COLOZALSGXIPJV-WVZVXSGGSA-N,O=C(O)C(=O)C[C@H](O)[C@H](O)CS(=O)(=O)O,92136147
YCLWEYIBFOLMEM-AGIMVQGUSA-N,C[C@]12CCC(=O)CC1CC[C@@H]1[C@@H]2C(=O)C[C@@]2(C)[C@H]1CC[C@]2(O)C(=O)CO,17756741
DSNBHJFQCNUKMA-SCKDECHMSA-M,CCCCC[C@H](O)/C=C/[C@H]1O[C@H]2C[C@H](O2)[C@@H]1C/C=C\CCCC(=O)[O-],20849128
PTSXVUICYWATQI-UHFFFAOYSA-N,CCCCCCCCCCCCCCCCCCCCCCC(O)CO,3086441
CQJGVSCAFSXDSB-UHFFFAOYSA-M,CC(C)CCCC(C)CCCC(C)CCCC(C)C(=O)C(=O)[O-],45259182
VHTQQDXPNUTMNB-ARJAWSKDSA-N,C=C/C=C(\O)C(=O)O,5459917
FERMTFXLLHKKDC-SBRYHICJSA-N,CCC(C)CC(C)/C=C(C)/C=C/C(=O)C1=C2C3=COC([C@H]4C(=O)C[C@H](O)C[C@@H]4C)=CC3=CC(=O)[C@@]2(C)OC1=O,56833465
XWTGDGASXRARSP-HMUNZLOLSA-N,O=C(O[C@@H]1O[C@H](CO)[C@@H](O)[C@H](O)[C@H]1O)c1ccc(O)cc1,14132342
ARLIVUJSSKFVPL-JPYLPOILSA-P,CC(=O)N[C@H]1[C@@H](O[C@H]2[C@H](O)[C@@H](O)[C@H]([NH3+])C[C@@H]2[NH3+])O[C@H](CO)[C@@H](O)[C@@H]1O,57339289
QZXCCPZJCKEPSA-UHFFFAOYSA-M,O=C([O-])Cc1c(Cl)ccc(Cl)c1Cl,6931526
TUZCJNZERFWZAS-YDBSYXHISA-N,CC[C@H]1C[C@H]2CN3CCc4c([nH]c5ccc(O)cc45)[C@](C(=O)OC)(C2)[C@H]13,156852
PCZZRBGISTUIOA-UHFFFAOYSA-N,Oc1cc(O)cc(Oc2c(O)cc(O)c3c2Oc2c(O)cc(O)cc2O3)c1,145937
HKVBZVITUCIVRZ-UHFFFAOYSA-N,CC(OC(=O)CO)C(=O)O,23111554
KPSRODZRAIWAKH-UHFFFAOYSA-N,CC(C)(Oc1ccc(C2CC2(Cl)Cl)cc1)C(=O)O,2763
SYLKGLMBLAAGSC-QLVMHMETSA-N,NC(=O)c1cc[n+](CC2=C(C(=O)[O-])N3C(=O)[C@@H](NC(=O)[C@@H](c4ccccc4)S(=O)(=O)O)[C@H]3SC2)cc1,656575
OYXUFBCXEHRKBW-KYOSRNDESA-N,C[C@@]12Cc3oc4cccc(O)c4c(=O)c3[C@@H](C(=O)O1)[C@H]2O,146672233
OBMKNHGTYMWONF-UHFFFAOYSA-L,O=C([O-])NC(=O)NC(=O)[O-],135397931
TWSWSIQAPQLDBP-DOFZRALJSA-N,CCCCC/C=C\C/C=C\C/C=C\C/C=C\CCCCCC(=O)O,5497181
OTSOOHRUMBRSHZ-UHFFFAOYSA-N,COCCn1c2c([n+](Cc3cnccn3)c1C)C(=O)c1ccccc1C2=O,10126189
KDXKERNSBIXSRK-UHFFFAOYSA-M,NCCCCC(N)C(=O)[O-],5460920
USPFMEKVPDBMCG-LBPRGKRZSA-N,CC(C)C[C@H](NC(=O)OCc1ccccc1)C(=O)O,74840
NGDPCAMPVQYGCW-UHFFFAOYSA-N,O=S1c2ccccc2-c2ccccc21,13898
XXLZPUYGHQWHRN-RPBOFIJWSA-N,CCC1=C(C[C@H]2NCCc3cc(OC)c(OC)cc32)C[C@H]2c3cc(OC)c(OC)cc3CCN2C1,21022
RONUKPQOBQKEHX-FOUIGEGESA-N,CC(=O)OC(C)/C=C\C(=O)NC1CC(C)C(C/C=C(C)/C=C/C2O[C@](C)(O)C[C@@](O)(CCl)[C@@H]2O)OC1C,70678766
OQALFHMKVSJFRR-UHFFFAOYSA-N,NC(Cc1ccc(O)c(-c2cc(CC(N)C(=O)O)ccc2O)c1)C(=O)O,107904
BVWTXUYLKBHMOX-UHFFFAOYSA-N,COC(=O)c1ccc(O)c(OC)c1,19844
QPHXPNUXTNHJOF-ILNLLTACSA-N,C[C@@H]1O[C@H](Oc2cc(O)c3c(=O)c(O)c(-c4ccc(O)c(O)c4)oc3c2)[C@H](O)[C@H](O)[C@H]1O,72193658
AELCINSCMGFISI-DTWKUNHWSA-N,N[C@@H]1C[C@H]1c1ccccc1,19493
VAIZTNZGPYBOGF-CYBMUJFWSA-N,CCCCOC(=O)[C@@H](C)Oc1ccc(Oc2ccc(C(F)(F)F)cn2)cc1,3033674
MCPROACZLSAAPY-UHFFFAOYSA-N,CCCn1c(=O)n(C)c(=O)c2[nH]cnc21,86344
SDVJLFHTPKRNAH-UHFFFAOYSA-N,CCC(=O)C(CC)C(=O)O,21920889
BTJIUGUIPKRLHP-UHFFFAOYSA-M,O=[N+]([O-])c1ccc([O-])cc1,644235
ZWJKVFAYPLPCQB-UNQGMJICSA-N,C[C@@H](O)[C@H](NC(=O)[C@H](CCCN=C(N)N)NC(=O)[C@@H](N)Cc1ccccc1)C(=O)O,138911106
NCMVOABPESMRCP-SHYZEUOFSA-N,Nc1ccn([C@H]2C[C@H](O)[C@@H](COP(=O)(O)O)O2)c(=O)n1,13945
LAXQYRRMGGEGOH-JXRLJXCWSA-N,CCCCC/C=C\C/C=C\C/C=C\C/C=C\CCCC(=O)OC[C@@H](O)COP(=O)([O-])OCC[N+](C)(C)C,24779476
CWJSHJJYOPWUGX-UHFFFAOYSA-N,CC(C)OC(=O)Nc1cccc(Cl)c1,2728
JZAJZXRXCHCRMU-QVRNUERCSA-N,Nc1nc2c(ncn2[C@@H]2O[C@@H]3COP(O)(=S)O[C@H]3[C@H]2O)c(=O)[nH]1,135531196
DFFWZNDCNBOKDI-UHFFFAOYSA-N,O=C1CC(C(=O)O)CC(=O)C1=C(O)C1CC1,14371531
JRPXWWSEPASTOQ-BDAKNGLRSA-N,CCC[C@@H](O)[C@@H](O)Cn1c(C)cnc2c(=O)[nH]c(=O)nc1-2,146170781
VPWNQTHUCYMVMZ-UHFFFAOYSA-N,O=S(=O)(c1ccc(O)cc1)c1ccc(O)cc1,6626
USCSRAJGJYMJFZ-UHFFFAOYSA-N,C#CC(C)C,69019
AXRUEPFPTQYHQD-UHFFFAOYSA-N,Br.COc1ccccc1N1CCN(CCCCN2C(=O)c3ccccc3C2=O)CC1,107966
RWXZXCZBMQPOBF-UHFFFAOYSA-N,Cc1ccc2nc[nH]c2c1,11979
RHODCGQMKYNKED-SXOMAYOGSA-M,CCCCCCCCCCCC(=O)OC[C@H](COP(=O)([O-])OC[C@H]([NH3+])C(=O)[O-])OC(=O)CCCCCCCCCCC,70678708
CQOIGQHIJMHXGX-HMPZBHLVSA-N,C[C@@H]1O[C@@H](OCCCCCCCCCCCC[C@@H](O)CC(=O)O)[C@H](O)C[C@H]1O,86289851
DPGWUIJYAVUNMD-LLVKDONJSA-N,COc1cc2c(c(OC)c1C(=O)C[C@@H](C)OC)C=CC(C)(C)O2,70697880
GINJFDRNADDBIN-FXQIFTODSA-N,C[C@H](NC(=O)[C@H](C)NC(=O)[C@@H](N)CCP(C)(=O)O)C(=O)O,5462314
UXVRTOKOJOMENI-SKYGSKSRSA-N,CCCCC[C@@H](O)[C@H](O)/C=C/C=C/C=C\C=C\[C@@H](O)CCCC(=O)O,9928453
VHSGASDFETVZBV-PYQLHGAXSA-L,CC/C=C\C/C=C\C/C=C\C/C=C\C/C=C\C/C=C\CCC(=O)O[C@H](COC(=O)CCCCCCC/C=C\CCCCCCCC)COP(=O)([O-])[O-],131708334
WZJZMXBKUWKXTQ-UHFFFAOYSA-N,CCOC(=O)Nc1cccc(OC(=O)Nc2ccccc2)c1,24743
WYHHVZLGTMCKOR-UHFFFAOYSA-N,O=C(O)CCCCCNC(=O)CCCP(=O)(O)Oc1ccc([N+](=O)[O-])cc1,449245
ASCFNMCAHFUBCO-UHFFFAOYSA-N,O=C(O)COP(=O)(O)O,529
ONNOFKFOZAJDHT-UHFFFAOYSA-N,O=C(O)CCCCCCNC1c2ccccc2CCc2ccccc21,34870
KMQGFEBCBYXSPZ-OABWHSJTSA-N,CCCCCC(=O)/C=C/C=C\C=C\C=C\[C@@H](O)[C@@H](O)CCCC(=O)O,52921886
YQSIDWSTCJNDPD-UHFFFAOYSA-O,CC[N+](CC)=c1ccc2nc3c(cc(N)c4ccccc43)oc-2c1,16939
GZXNVYMVJSTRNI-SEYXRHQNSA-N,CCCCCCCCC/C=C\C(=O)OCC,92136109
SIQPXVQCUCHWDI-UHFFFAOYSA-N,CCCn1c(=O)[nH]c(=O)c2[nH]cnc21,1676
OLOMGTHWMBYIQH-RXBGNRNISA-N,O=C1O[C@@](Cc2ccccc2)(C(=O)O)O/C1=C\c1ccccc1,72204238
WUVPHPUDYOVMOE-SCSAIBSYSA-N,O=C(CO)[C@H](O)COP(=O)(O)O,146355
MHCYOELBTPOBIU-UHFFFAOYSA-N,CCc1cccc(CC)c1N(COC)C(=O)C(=O)O,14924483
VWRMUTKBDQWLAX-BYPYZUCNSA-N,CC(C)[C@@H](C(=O)O)N(O)O,25202133
DECIPOUIJURFOJ-UHFFFAOYSA-N,CCOc1ccc2c(c1)C(C)=CC(C)(C)N2,3293
XZKQVQKUZMAADP-IMJSIDKUSA-N,N[C@@H](CO)C(=O)N[C@@H](CO)C(=O)O,7019105
WBTYBAGIHOISOQ-UHFFFAOYSA-N,C=CCCCOC(=O)C(CC)N(Cc1ccco1)C(=O)n1ccnc1,93532
HGVJFBSSLICXEM-CRCLSJGQSA-N,C[C@@](O)(CO)[C@@H](O)CO,125094
IDWYGCPWMNLBEA-UHFFFAOYSA-N,CC(=O)C1=C(O)C(Cc2c(O)c(CC=C(C)C)c(O)c(C(C)=O)c2O)=C(O)C(C)(CC=C(C)C)C1=O,129595
JKUDIEXTAYKJNX-DOFZRALJSA-N,CCCCC/C=C\C/C=C\C/C=C\C/C=C\CCCC(=O)NCCCC(=O)O,16759310
GQVMHMFBVWSSPF-SOYUKNQTSA-N,C/C=C(C)/C=C/C=C(C)C,5368821
KVNPSKDDJARYKK-JTQLQIEISA-N,COc1ccc2[nH]cc(C[C@H](N)C(=O)O)c2c1,151018
RWAXAHFFXZKMPA-UHFFFAOYSA-N,Nc1c(Cl)cccc1-c1c[nH]cc1Cl,161174
ODKSFYDXXFIFQN-BYPYZUCNSA-N,NC(N)=NCCC[C@H](N)C(=O)O,6322
HCNLDGTUMBOHKT-NRFANRHFSA-N,CC(C)=CCc1c(O)c(CC=C(C)C)c2c(c1O)C(=O)C[C@@H](c1ccc(O)cc1)O2,124035
QSUXHMJFIWLEKE-UHFFFAOYSA-N,NC1=NC(=O)NC2C3NC(=O)N=C(N)C3C12,118987303
BBNDPXOGORGETN-AUUYWEPGSA-N,COc1cc2c(c3oc4c(O)cccc4c(=O)c13)C[C@H]([C@@]1(C)CO1)O2,126451
HAORKNGNJCEJBX-UHFFFAOYSA-N,Cc1cc(C2CC2)nc(Nc2ccccc2)n1,86367
HXXFSFRBOHSIMQ-SXUWKVJYSA-N,O=P(O)(O)O[C@H]1O[C@@H](CO)[C@@H](O)[C@@H](O)[C@@H]1O,23724607
AGKGUZNUTMWZTB-UHFFFAOYSA-N,NCC(=O)Nc1ccc2ccccc2c1,3013990
LDFITNYTODJQBW-AQBSXLNYSA-N,CCCCC/C=C\C/C=C\C/C=C\CCCCC(=O)O[C@H](COCCCCCCCCCCCCCCCCCCCCCCCC)COP(=O)([O-])OCC[N+](C)(C)C,53481771
MTCFGRXMJLQNBG-UWTATZPHSA-N,N[C@H](CO)C(=O)O,71077
NSKIRYMHNFTRLR-UHFFFAOYSA-N,Brc1ccc(Oc2c(Br)cc(Br)cc2Br)c(Br)c1,154083
ZWQSWMXYEPWSRT-WAYWQWQTSA-N,CCCC/C(Br)=C/C(=O)O,5282258
ATHWSPHADLLZSS-PXNSSMCTSA-N,CC(C)c1cc2c(cc1O)[C@@]1(C(=O)O)CCCC(C)(C)[C@@H]1CC2,162209
DSLZVSRJTYRBFB-ORZLYADOSA-N,O=C(O)[C@H](O)[C@@H](O)[C@H](O)[C@@H](O)C(=O)O,6857450
HEPUIGACZYVUCD-PGVKBZDESA-N,N[C@H]1[C@@H](OC2[C@@H](O)[C@H](O)C(O)[C@@H](O)[C@H]2O)O[C@H](CO)[C@@H](O)[C@@H]1O,445937
IQFWYNFDWRYSRA-OEQWSMLSSA-N,N[C@@H](CCSC[C@H]1O[C@@H](O)[C@H](O)[C@@H]1O)C(=O)O,440041
AXGUBXVWZBFQGA-UHFFFAOYSA-N,CC(C)OC(=O)C(O)(c1ccc(Cl)cc1)c1ccc(Cl)cc1,22094
OJOLFAIGOXZBCI-UHFFFAOYSA-M,O=C([O-])C(=O)CS,4182595
SQUOCHQOQMZGQP-REOHCLBHSA-N,O=C(O)[C@@H]1CSC(=S)N1,3035791
GRWFGVWFFZKLTI-UHFFFAOYSA-N,CC1=CCC2CC1C2(C)C,6654
MOTZDAYCYVMXPC-UHFFFAOYSA-M,CCCCCCCCCCCCOS(=O)(=O)[O-],4329331
PBLNHHSDYFYZNC-UHFFFAOYSA-N,OCc1cccc2ccccc12,20908
IIPYXGDZVMZOAP-UHFFFAOYSA-N,O=[N+]([O-])[O-].[Li+],10129889
MKJOVGRMTQOYAQ-DONKYKGPSA-N,C/C=C(\C)C(=O)OC[C@@]1(O)CCC[C@@H]2[C@@](C)(CCC3=CC(=O)OC3)[C@H](C)C[C@H](O)[C@]21CO,53466546
LRPPQRCHCPFBPE-KROJNAHFSA-N,CCCCC/C=C\CC(O)C(O)C/C=C\C/C=C\CCCC(=O)O,5283146
MWOOGOJBHIARFG-UHFFFAOYSA-N,COc1cc(C=O)ccc1O,1183
ISTBXSFGFOYLTM-NZEDGPFZSA-N,C=C(C)[C@@H]1C[C@@]2(C)C(=CC1=O)CC[C@@H](OC(=O)/C(C)=C\C)[C@@H]2C,5281526
SFPJDANZIPLSTD-ASZYTAPTSA-N,C=C1C[C@@]23C=CC(=O)[C@@](C)(CCC(=O)OC)[C@@H]2C[C@@H]1C[C@H]3O,70697946
CFXQRFYFWXTZOJ-QPEQYQDCSA-N,O=C1O/C(=C\c2ccc(O)c(O)c2)c2cccc(O)c21,6439493
UEMWSLAAOAZKOB-OHEUBQMVSA-M,C/C(=C/CCC(C)CCOP(=O)([O-])O[C@H]1O[C@H](CO)[C@@H](O)[C@H](O)[C@H]1O)CC/C=C(\C)CC/C=C(\C)CCCC(C)C,137553752
PAGWWOOUBKDVRF-NNLKJMRESA-N,CC(C)[C@H]1CC[C@]2(C)C[C@H]3[C@@H]([C@H](O)C[C@H]3C)[C@@](C)(O)C/C=C/12,134692035
PSZDOEIIIJFCFE-OSQDELBUSA-N,CC1(C)CC[C@]2(CO)CC[C@]3(C)C(=CC[C@@H]4[C@@]5(C)CC[C@H](O)C(C)(C)[C@@H]5CC[C@]43C)[C@@H]2C1,101761
CUAGXVQIGHFUSI-UHFFFAOYSA-N,C#[N+]C1CCCCC1,3545606
KKFDCBRMNNSAAW-UHFFFAOYSA-N,OCCN1CCOCC1,61163
NBVTYGIYKCPHQN-UHFFFAOYSA-N,COc1cc(-c2oc3cc(OC)c(OC)c(O)c3c(=O)c2OC)ccc1O,5281608
OFBIFZUFASYYRE-UHFFFAOYSA-N,CCOC(=O)c1ncn2c1CN(C)C(=O)c1cc(F)ccc1-2,3373
BELZJFWUNQWBES-UHFFFAOYSA-S,[NH3+]CCC[NH2+]CCC[NH2+]CCC[NH2+]CCC[NH3+],54758615
QCZYYEFXOBKCNQ-STQMWFEESA-N,NCCCC[C@H](N)C(=O)N[C@@H](Cc1ccccc1)C(=O)O,151410
BFEKLMSBXGRXSD-UHFFFAOYSA-N,Oc1ccc(-c2c(Cl)cc(Cl)c(Cl)c2Cl)c(Cl)c1,177901
OVSVTCFNLSGAMM-IQEMYQFOSA-N,CC(C)=CCC/C(C)=C/CC\C(C)=C/C=C/C(C)=C/C=C\C=C(/C)CC/C=C(\C)CC/C=C(\C)CCC=C(C)C,51351778
MYHOHFDYWMPGJY-UHFFFAOYSA-N,O=C(Cl)c1c(F)c(F)c(F)c(F)c1F,75256
VCTBNHVCBSUQPG-GXLLHIGGSA-N,OC[C@H]1O[C@@H](O[C@@H]2CO[C@@H](O)[C@H](O)[C@H]2O)[C@H](O)[C@@H](O)[C@@H]1O,91850649
DLJKPYFALUEJCK-WJDSMEDOSA-N,CCCCC[C@](C)(O)/C=C/[C@@H]1[C@@H](C/C=C\CCCC(=O)O)[C@@H](O)C[C@@H]1O,35023177
JOVLCJDINAUYJW-VWUMJDOOSA-M,C[C@]12CCC(=O)C=C1CC[C@@H]1[C@@H]2[C@@H](O)C[C@@]2(C)[C@H]1CC[C@]2(O)C(=O)COS(=O)(=O)[O-],21117695
ZDADMCPDUNEBIX-CGDZNSRRSA-N,C[C@H]1C=CC2=C[C@@H](O)C[C@H](O)[C@@H]2[C@H]1CC[C@@H](O)C[C@@H](O)CC(=O)O,22856170
WZHCOOQXZCIUNC-UHFFFAOYSA-N,CC1CC(OC(=O)C(O)c2ccccc2)CC(C)(C)C1,2893
ZGUNAGUHMKGQNY-SSDOTTSWSA-N,[NH3+][C@@H](C(=O)[O-])c1ccccc1,6931075
BQWNEMPMDFSLCY-FHWLQOOXSA-N,N[C@@H](CS)C(=O)N[C@@H](Cc1ccccc1)C(=O)N[C@@H](Cc1ccccc1)C(=O)NCC(=O)O,71464679
WQCVCAMRMROGHL-PZSFLIPTSA-N,CC/C=C\C/C=C\C[C@H](O)C(O)/C=C/C=C/C=C\CCCCCC(=O)O,132472314
GEUVNHMENLJMGC-UHFFFAOYSA-N,COc1cc(OC)c(NC(=O)C(C)Sc2ccc(NC(=O)C(=Cc3ccccc3)NC(=O)c3ccccc3)cc2)cc1Cl,73652100
CQQGIWJSICOUON-UWTATZPHSA-N,O=C(O)[C@H](O)CS(=O)(=O)O,443233
RNUAEUWXRHCGKX-UHFFFAOYSA-N,Cc1ncc(C[n+]2csc(CCO)c2C)c(=O)[nH]1.[Cl-],8681
CLDFUWPQRCVRHQ-UHFFFAOYSA-N,CCCCCCCCCCCCCCCC(O)CCCCCCCCCCCCCCC,9548843
GTCKEWVHTGGUSN-HGWHEPCSSA-N,CCCCCCCC/C=C\CCCCCCCC(=O)OC[C@H](COP(=O)(O)OC[C@@H](O)CO)OC(=O)CCCCCCCCCCCCCCC,52927225
KCHNPFJMSOGXIT-UHFFFAOYSA-N,COC(=O)C(NC(C)=O)C(C)C,301593
ZEUCJYOQJTZLFJ-RBCDGZSOSA-N,CC(=O)N[C@@H]1[C@@H](O[C@@H]2OC(C(=O)O)=C[C@H](O)[C@H]2OS(=O)(=O)O)[C@@H](O)[C@@H](CO)O[C@H]1O,54758558
UZONFOPDCXAZND-UHFFFAOYSA-N,CCCCCCC[N+](=O)[O-],69659
LJOOSFYJELZGMR-UHFFFAOYSA-M,O=c1ccc2ccc(OS(=O)(=O)[O-])cc2o1,17757236
LOQQYUUEPVHUQQ-RDEONCLASA-N,C[C@H](CCCCCCC[C@@H](O)CC(=O)O)O[C@@H]1O[C@@H](C)[C@H](O)C[C@H]1O,86289819
PSZNHSNIGMJYOZ-WDSKDSINSA-N,NC(N)=NCCC[C@H](NC(=O)[C@@H](N)CC(=O)O)C(=O)O,16122509
BJSNGVYBQJIGRT-UHFFFAOYSA-N,Cc1c(C(=O)O)c(O)cc2cc3c(c(O)c12)C(=O)c1c(O)cc(O)cc1C3,127693
NOOCSNJCXJYGPE-UHFFFAOYSA-M,Cc1c(Nc2ncccc2C(=O)[O-])cccc1C(F)(F)F,25271803
MLNSNVLOEIYJIU-ZUDIRPEPSA-N,CC(C)C[C@H](NC(=O)[C@H](C)N)C(=O)N[C@H](C(=O)N[C@@H](CCC(N)=O)C(=O)O)[C@@H](C)O,71464520
SXFIIZFCBYLDQT-ZJUUUORDSA-N,CC(C)Nc1nc(N)nc2c1ncn2[C@H]1C=C[C@@H](CO)C1,9817411
HJIBROWPWNLWHX-AGRHYVPTSA-K,O=C([O-])C/C(=C/C=C(/[O-])C(=O)O)C(=O)[O-],54675848
WWAQOPQUSWZTHG-SHEFQFEDSA-N,C=C[C@@H](O)[C@@H]1O[C@H]1/C=C/[C@@H]1O[C@H]1[C@H](O)CO,5283267
MNFPZBOQEWMBOK-UHFFFAOYSA-N,COc1cc2cc(C(=O)Nc3cc(N)c4ccccc4c3CCCl)[nH]c2c(OC)c1OC,9825161
ORZKEIGPXNMCHC-BZBPNLPVSA-N,CC(C)=CCC[C@@H](C)[C@H]1CC[C@H]2C3=C(CC[C@]12C)[C@@]1(C)CC[C@H](O)C(CO)[C@@H]1CC3,25271595
OORLDLMDGJZAFM-MNNSJKJDSA-N,CC[C@H](Cc1ccccc1)c1cc(O)c([C@H](c2cccc(NC(=O)CCNC(=O)OC(C)(C)C)c2)C2C=C2)c(=O)o1,54708751
INMKWUNQKOWGEZ-VQHVLOKHSA-N,O=C/C=C/CCCCCCCCC(=O)O,5312889
CATQHDWESBRRQA-UHFFFAOYSA-N,O=C(CO)N1CCC(c2[nH]nc(-c3ccc(Cl)cc3)c2-c2ccncn2)CC1,9865587
CXJOEMLCEGZVPL-UHFFFAOYSA-N,CC(C)OC(=O)c1ccccc1C(=O)O,118770
XFTRTWQBIOMVPK-RXMQYKEDSA-L,C[C@@](O)(CC(=O)[O-])C(=O)[O-],5460281
QYPJBTMRYKRTFG-UHFFFAOYSA-N,O=C(c1ccccc1O)c1[nH]c(Cl)c(Cl)c1-n1c(C(=O)c2ccccc2O)cc(Cl)c1Cl,24797083
HAKPEUOAOGGSPC-UHFFFAOYSA-N,NC(=O)NC(=O)NC(=O)O,121412669
FQXQBFUUVCDIRK-UHFFFAOYSA-N,O=C(O)c1cccc(C(F)(F)F)c1,9963
AXFLUKXDXHPZBO-WMPRHZDHSA-M,CCCCC/C=C\C/C=C\C/C=C\C/C=C\C/C=C\CCCCCCCCCCCCCCCCCCC(=O)[O-],91828209
QSNSCYSYFYORTR-UHFFFAOYSA-N,Nc1ccc(Cl)cc1,7812
NZIDEIACFROXBU-RBDUDSBRSA-N,CCCCCC/C=C/C=C(/CCCCCCCC(=O)O)OO,138756157
BAUPPZJHTWBQAS-ZZWXXDIBSA-N,O=C(O)c1ccc2c(c1)C(=O)CC[C@@]21OC(O)[C@H](O)[C@@H]1O,44237194
JDSRHVWSAMTSSN-PIHGWCCBSA-N,CCCCC[C@H](/C=C/C=C\CCCCCCCC(=O)O)OO,5287424
HCFAJYNVAYBARA-UHFFFAOYSA-N,CCCC(=O)CCC,31246
NSXLMTYRMFVYNT-LGHBDAFPSA-N,CCCCC/C=C\C/C=C\C/C=C\C/C=C\CCCC(=O)OC(CO)COC(=O)CCCCCCCCCCCCCCCCC,14345637
CBZFLMNNXKRPHN-DRTOFSRZSA-N,CC(C)=C1CC[C@]2(C)[C@H]3CC[C@@H]4[C@@]5(C)CCCC(C)(C)[C@@H]5CC[C@@]4(C)[C@]3(C)CC[C@@H]12,12310623
CTSPXOBSUIWAAB-SNMLQRCYSA-N,CCCCCCCC/C=C\CCCCCCCCCCCCCCCC(=O)N[C@@H](CO)[C@H](O)CCCCCCCCCCCCCCC,5283578
VFIFPXVHDFWGQO-UHFFFAOYSA-N,N=CC(O)C(O)CO,121232659
BZUIJMCJNWUGKQ-BDAKNGLRSA-M,NCC[C@@H](O)CNCCCC[C@H](N)C(=O)[O-],70678776
BEKLYIAFACFFDO-UPBMBJRSSA-N,C[C@@H]1O[C@@H](OCCCCCCCCCCCCC/C=C/C(=O)O)[C@H](O)C[C@H]1O,86289787
LLAJMCLDOPZLSR-UHFFFAOYSA-N,COc1c(OC)c(OC)c2c(c1OC)OC(c1ccc(O)cc1)CC2=O,248583
QZNJPJDUBTYMRS-UHFFFAOYSA-M,Nc1c(CC(=O)[O-])cccc1C(=O)c1ccccc1.O.[Na+],23663941
QICNIASPGMAXAY-UHFFFAOYSA-N,CCCC[Se]C(=O)CCCC,10798996
QKOWXXDOHMJOMQ-UHFFFAOYSA-N,O=C=NCCCCCCNC(=O)N(CCCCCCN=C=O)C(=O)NCCCCCCN=C=O,19950
CUJMXIQZWPZMNQ-XYYGWQPLSA-N,CCCCCC(=O)CC[C@H]1[C@H](O)CC(=O)[C@@H]1C/C=C\CCCC(=O)O,5280711
LXRUAYBIUSUULX-HRFVKAFMSA-N,C[C@H](C(=O)O)[C@H](N)C(=O)O,440064
CPHRCQUGNAGVIB-FWJAZRMLSA-N,COc1ccc2c3c([nH]c2c1)[C@H](C=C(C)C)N1C(=O)[C@@H]2CCCN2C(=O)[C@]1(O)[C@H]3O,10001648
ZMCHBSMFKQYNKA-UHFFFAOYSA-N,Nc1ccccc1S(=O)(=O)O,6926
GACTWZZMVMUKNG-SLPGGIOYSA-N,O=P(O)(O)OC[C@@H](O)[C@@H](O)[C@H](O)[C@@H](O)CO,152306
RCCMXKJGURLWPB-BYPYZUCNSA-M,C=C(C[C@H]([NH3+])C(=O)[O-])C(=O)[O-],6971046
CDPKJZJVTHSESZ-UHFFFAOYSA-M,O=C([O-])Cc1ccc(Cl)cc1,5460378
LHQIJBMDNUYRAM-DZSWIPIPSA-N,C[C@H](O)[C@H](O)c1cnc2nc(N)[nH]c(=O)c2n1,135403659
RXMWXENJQAINCC-DMTCNVIQSA-M,O=C([O-])C(=O)[C@@H](O)[C@H](O)C(=O)CO,9548631
YRYJSDPQWKIQRL-UHFFFAOYSA-N,COc1cc2[nH]c3c(C)nccc3c2cc1Br,5482465
BBMLTTOFEBDQIR-BQULMBIYSA-N,C=C1C(=O)O[C@@H]2C/C(C)=C/CC/C(C)=C/C[C@H]12,15119531
BSNVYGSAFLBSSQ-YHFJGGTRSA-N,CC(=O)N[C@@H]1[C@@H](O)[C@H](O)[C@@H](CO[C@H]2O[C@@H](C)[C@@H](O)[C@@H](O)[C@@H]2O)O[C@@H]1O,91846106
QYMMJNLHFKGANY-UHFFFAOYSA-N,CCCSP(=O)(OCC)Oc1ccc(Br)cc1Cl,38779
AHXXIALEMINDAW-UHFFFAOYSA-N,COCc1ccc(O)cc1,79310
OAPNERBWQWUPTI-YUMQZZPRSA-N,NCCCC[C@H](N)C(=O)N[C@@H](CCC(N)=O)C(=O)O,196305
KKEYFWRCBNTPAC-UHFFFAOYSA-M,O=C([O-])c1ccc(C(=O)O)cc1,5461081
AAZMHPMNAVEBRE-SDBHATRESA-N,Nc1ncnc2c1nc(Sc1ccc(Cl)cc1)n2[C@@H]1O[C@@H]2COP(=O)(O)O[C@H]2[C@H]1O,91636
AQDOCDYUAFFGSN-UHFFFAOYSA-N,O=C(O)CCCCCCCCCCCCCCCCCCCCCCCCCCCCCCCCO,53656310
CZQLULNMKQAIQL-GZSSMBGUSA-N,C[C@@H]1C[C@@]2(O[C@H]2C)C(=O)O[C@@H]2CCN(C)C/C=C(/COC(=O)[C@]1(C)O)C2=O,6438142
MMKYSUOJWFKECQ-SSTWWWIQSA-N,COc1cc2c(cc1O)[C@H]1CC[C@]3(C)[C@@H](O)CC[C@H]3[C@@H]1CC2,13267935
XBRPTASPFXQXPJ-REDYYMJGSA-N,O=C(O)/C=C\C(O)=C/C(=O)CC(=O)O,101087010
KDXISMANFPJVJY-UHFFFAOYSA-O,CC1(C)C(=O)N(CC[NH+]2CCC(C(=O)c3ccc(F)cc3)CC2)c2ccccc21,86308982
YLZRFVZUZIJABA-YFKPBYRVSA-N,CC(=O)NCC[C@H]([NH3+])C(=O)[O-],46878484
DYJDPNXKUMPXEJ-DZLVSBGCSA-N,CC(C)[C@H]1OC(=O)C=C2C1=C[C@H]1OC(=O)[C@@]3(C)CCC[C@@]2(C)[C@@H]13,181498
ODBOENMSSFCACZ-PVOKDAACSA-N,Cl.Nc1c(NC/C=C\COc2cc(CN3CCCCC3)ccn2)c(=O)c1=O,5282449
YEMKIGUKNDOZEG-UHFFFAOYSA-N,O=CCP(=O)(O)O,490
POSZUTFLHGNLHX-KSBRXOFISA-N,NC(CO)(CO)CO.NC(CO)(CO)CO.O=C(O)/C=C\C(=O)O,6450418
QEEAPRPFLLJWCF-UHFFFAOYSA-K,O=C([O-])CC(O)(CC(=O)[O-])C(=O)[O-].[K+].[K+].[K+],13344
LRYANVPYFCKCCR-UHFFFAOYSA-N,O=C(OCc1ccccc1)c1cc(O)ccc1O,11322503
IHCPDBBYTYJYIL-UHFFFAOYSA-N,CCC(C)C(=O)OC(CC(=O)[O-])C[N+](C)(C)C,6426901
WMKOZARWBMFKAS-UHFFFAOYSA-N,O=c1c(-c2ccccc2)coc2cc(O)ccc12,5376891
YMTMADLUXIRMGX-RFPWEZLHSA-N,C[C@@H]1C[C@H]2[C@@H]3C[C@H](F)C4=CC(=O)C=C[C@]4(C)[C@@]3(Cl)[C@@H](O)C[C@]2(C)[C@H]1C(=O)CO,5311052
JUUBCHWRXWPFFH-UHFFFAOYSA-N,OCCc1ccc(O)c(O)c1,82755
VXROHTDSRBRJLN-UHFFFAOYSA-O,COc1cc(N)cn[n+]1-c1ccccc1,71927
ZGKNMKBZOSTFCB-UHFFFAOYSA-L,O=C(O)c1cc([O-])c([O-])cc(=O)c1,54740357
ICWHQHNAQWNMTM-YFKPBYRVSA-N,CSCCC[C@H](NO)C(=O)O,90657896
HTYZSQJQMYZWSD-AOPJIFPQSA-N,CC(=O)[C@H]1CC[C@H]2[C@@H]3CCC4=C(SCCC(=O)NCCCCCC(=O)O)C(=O)CC[C@]4(C)[C@H]3CC[C@]12C,53262384
KWDXKYNWAKMLKK-YQDZIVAPSA-N,CCC/C=C\CCCCCCCC/C=C/[C@@H](O)[C@@H](N)CO,42608343
JXDFEQONERDKSS-UHFFFAOYSA-N,NCCc1ccn[nH]1,7741
TVDQUJSTRADHSU-WWDCKHPPSA-N,C=CCC1=C[C@]2(OC)[C@H](C)[C@@H](c3ccc(OC)c(OC)c3)[C@H](C1=O)[C@@H]2OC(C)=O,3083437
GVRRKYYMISVYGI-UHFFFAOYSA-N,CCOC(=O)N1CCN(C(=O)CN(C)S(=O)(=O)c2ccc(Cl)cc2)CC1,1073012
BPNOOARYSOFWDX-YBTJCZCISA-M,CC(C)=CCOP(=O)([O-])OC1O[C@H](CO)[C@@H](O)[C@H](O)[C@H]1O,70678982
FOHPEEJTFCJHNI-FIKDCGPASA-N,CC(/C=C/C=C(C)/C=C/C=C(\C)CCCC(C)(C)O)=C\C=C\C=C(C)\C=C\C=C(C)\C=C\C=C(/C)CCCC(C)(C)O,14502754
UOKRBSXOBUKDGE-UHFFFAOYSA-N,CCCCP(=O)(O)O,76839
XEMRAKSQROQPBR-UHFFFAOYSA-N,ClC(Cl)(Cl)c1ccccc1,7367
DOQPXTMNIUCOSY-HZPIKELBSA-N,COc1ccc(CCN(C)CCC[C@](C#N)(c2ccc(OC)c(OC)c2)C(C)C)cc1OC.Cl,170014
XVOUMQNXTGKGMA-OWOJBTEDSA-N,O=C(O)/C=C/CC(=O)O,5280498
RNZRHJNFQWMXHB-ZXXLSYNSSA-N,CN1CC[C@]23C(=O)C[C@H]4C(=CCO[C@H]5CC(=O)N(c6ccccc62)[C@H]3[C@H]54)C1,3083907
WOGBNISMMIOPAZ-NWQIESHVSA-N,O[C@@H]1[C@@H](O)[C@H](OCc2ccccc2)O[C@H](CO[C@@H]2OC[C@@H](O)[C@H](O)[C@H]2O)[C@H]1O,131248
DGADNPLBVRLJGD-UHFFFAOYSA-M,CC(O)(CO)C(=O)[O-],9543155
HKGWQUVGHPDEBZ-OLZOCXBDSA-N,CN1CC[C@@]2(C)c3cc(O)ccc3N(C)[C@@H]12,119198
LFQCJSBXBZRMTN-OAQYLSRUSA-N,CC[C@@]1(O)CC(=O)OCc2c1cc1n(c2=O)Cc2cc3cc(F)c(F)cc3nc2-1,219023
LFQXEZVYNCBVDO-PBJLWWPKSA-N,CC(C)=CCC[C@@H](C)[C@H]1CC=C2C3=C(CC[C@@]21C)[C@@]1(C)CC[C@H](O)C(C)(C)[C@@H]1CC3,443212
IMPPGHMHELILKG-UHFFFAOYSA-N,CCOc1ccc(N)cc1,9076
NVRXTLZYXZNATH-UHFFFAOYSA-N,Nc1ncnc2c1c(-c1cnc3[nH]ccc3c1)nn2C1CCCC1,24905142
MSUOLNSQHLHDAS-HSZRJFAPSA-N,CCCCCCCCCCCCCCCCCCCCCC[C@@H](O)C(=O)O,5312868
AWHAUPZHZYUHOM-UHFFFAOYSA-N,CCCC(=O)OCC(CO)OC(=O)CCC,10177014
BJOLKYGKSZKIGU-UHFFFAOYSA-N,CCOP(=O)(OCC)SCC[N+](C)(C)C,10548
YJQZYXCXBBCEAQ-UGSOOPFHSA-N,C[C@@H](CCc1ccc(O)cc1)NC[C@H](O)c1ccc(O)cc1,12049690
CGJIPMVTBQUUQL-GEDZTWKOSA-N,CC(C)=CCc1c(O)cc(/C=C/c2cc(O)c3c(c2)C[C@@H]2C(C)(C)[C@H](O)CC[C@@]2(C)O3)cc1O,16116603
CEGXIUROHCNLCL-MOJAZDJTSA-N,NC[C@H]1O[C@H](O)[C@H](N)C[C@@H]1O,448762
HUXNLKAQKLGSAF-UHFFFAOYSA-N,Cc1cccc2c1C=CCC2(C)C,91722674
MUJOIMFVNIBMKC-UHFFFAOYSA-N,N#Cc1c[nH]cc1-c1cccc2c1OC(F)(F)O2,86398
UOCJDOLVGGIYIQ-PBFPGSCMSA-N,N[C@@H](C(=O)N[C@@H]1C(=O)N2C(C(=O)O)=C(CSc3cn[nH]n3)CS[C@H]12)c1ccc(O)cc1,6410758
DNQLVCZXYPFUHF-UHFFFAOYSA-N,COC1=CC(=O)c2cc(C)oc2C1=O,156280
VHYQDLYSULDZSO-SCSAIBSYSA-M,C[C@@H]([NH2+]CCS(=O)(=O)[O-])C(=O)[O-],46931087
WDCYWAQPCXBPJA-UHFFFAOYSA-N,O=[N+]([O-])c1cccc([N+](=O)[O-])c1,7452
XLBVNMSMFQMKEY-BYPYZUCNSA-M,C[NH2+][C@@H](CCC(=O)[O-])C(=O)[O-],5460343
OLCABUKQCUOXNU-UHFFFAOYSA-M,[O-]c1c(Cl)ccc(Cl)c1O,86289350
SIEYLFHKZGLBNX-PKLMIRHRSA-N,CCCCN1CCCC[C@@H]1C(=O)Nc1c(C)cccc1C.Cl,117964
UPUKKDCTWWVPCJ-NUPIXEBLSA-N,CCCCCCCC(=O)OC[C@H](COP(=O)(O)OC1[C@H](O)[C@H](O)C(O)[C@H](O)[C@H]1O)OC(=O)CCCCCCC,128812
QNRODODTMXCRKU-UHFFFAOYSA-N,c1ccc(-c2ccc(CNc3nc(-c4ccccn4)nnc3-c3ccccc3)cc2)cc1,46742353
SEERZIQQUAZTOL-ANMDKAQQSA-M,COCc1c(C(C)C)nc(C(C)C)c(/C=C/[C@@H](O)C[C@@H](O)CC(=O)[O-])c1-c1ccc(F)cc1,16760227
OPTGHDGSLDKIHX-UHFFFAOYSA-N,CC(=O)NC(CSc1ccc(NC(=O)c2cccnc2Cl)c(-c2ccc(Cl)cc2)c1)C(=O)O,138388137
WQJFIWXYPKYBTO-UHFFFAOYSA-N,O=C(O)Cn1ccc2ccccc21,90448
DJHGAFSJWGLOIV-UHFFFAOYSA-L,O=[As]([O-])([O-])O,233
ZSXJENBJGRHKIG-UWVGGRQHSA-N,N[C@@H](Cc1ccc(O)cc1)C(=O)N[C@@H](CO)C(=O)O,54564570
OVRJLLUJKRFEBG-UUWRZZSWSA-N,CCCCCCCCCCCCCCCC(=O)OC[C@H](COP(=O)([O-])OCC[N+](C)(C)C)OC(=O)CCCCCCCCCCC,10676014
ZACGRLMWLYWKER-RNXOBYDBSA-N,C[C@]1(CCCCCCCCCCCCc2ccccc2)C[C@]2(C)OC(=O)C[C@@H]2O1,51042627
RNQMHXMGXVQRMV-UHFFFAOYSA-L,C=CC1=C(C)c2cc3[n-]c(cc4nc(cc5[n-]c(cc1n2)c(C)c5CCC(=O)O)C(CCC(=O)O)=C4C)c(C)c3C=C.[Fe],53356659
BTSIZIIPFNVMHF-ARJAWSKDSA-N,CC/C=C\CO,5364919
WVOLTBSCXRRQFR-DLBZAZTESA-M,C=C(C)[C@@H]1CCC(C)=C[C@H]1c1c(O)cc(CCCCC)c(C(=O)O)c1[O-],70678892
PWFGSGJBCRORHV-DVHMRFIGSA-N,CCCCC/C=C\C/C=C\C/C=C\C/C=C\CCCC(=O)O[C@H](COC(=O)CCCCCCCCCCCCCCCC)COP(=O)(O)OCCN,5283493
AXMITDHZDYKPEO-UHFFFAOYSA-N,Oc1cccc2oc3c(Cl)c(Cl)ccc3c12,11954133
NLLRTVRDMOKHDF-CUEQUERMSA-N,COc1cc(/C=C/C(C)=C/C(C)=C\c2ccccc2)oc(=O)c1,53493848
VVIUBCNYACGLLV-UHFFFAOYSA-N,NCCS(=O)O,107812
VBUWJOHKCBQXNU-IUYQGCFVSA-N,O=C(O)C[C@H](O)[C@H](O)CO,11528367
NMUSYJAQQFHJEW-KVTDHHQDSA-N,Nc1ncn([C@@H]2O[C@H](CO)[C@@H](O)[C@H]2O)c(=O)n1,9444
ADTDBAKUQAKBGZ-VXJIXCKJSA-N,O=C1C[C@@H]2OCC=C3C[N+]4([O-])CC[C@]56c7ccccc7N1[C@H]5[C@H]2[C@H]3C[C@@H]64,73393
TWTRFZJCSFQJML-UHFFFAOYSA-N,COc1ccc(C(CC(=O)c2ccccc2)Nc2ccc(Br)cc2)cc1,2832470
ACIBCGVCISIFIR-UHFFFAOYSA-N,CC(=O)OC1CCCOC1C=O,130025105
SUJUHGSWHZTSEU-FYBSXPHGSA-N,CCC[C@@]1(CCc2ccccc2)CC(O)=C([C@H](CC)c2cccc(NS(=O)(=O)c3ccc(C(F)(F)F)cn3)c2)C(=O)O1,54682461
PSJDSNYTNOHIER-UHFFFAOYSA-N,O=C1c2c(O)c(O)c(S(=O)(=O)O)c(O)c2C(=O)c2c(O)c(O)c(S(=O)(=O)O)c(O)c21,407398
OWRCNXZUPFZXOS-UHFFFAOYSA-N,NC(=Nc1ccccc1)Nc1ccccc1,7594
OBXRDFNCKFWKNY-UCEXZFFASA-L,CCCCC/C=C\C/C=C\CCCCCCCC(=O)OC[C@H](COP(=O)([O-])[O-])OC(=O)CCCCCCC/C=C\C/C=C\CCCCC,86289117
MCWOXLPZYFOWRX-YXAMBPQSSA-N,O=C1C[C@H](O)[C@H]2c3ccc(O)c4c3[C@H](c3ccc(O)c1c32)[C@@H](O)CC4=O,190433
IYBDDRJHJMFFBB-JKSUJKDBSA-N,COc1ccc(C[C@H]2C(=O)OC[C@@H]2Cc2ccc3c(c2)OCO3)cc1OC,94504
YDXXLJMIHMIOIF-UHFFFAOYSA-N,O=C(O)CNC(=O)Cc1c[nH]c2ccccc12,446640
BNKMSCMOWGCUOF-QMMMGPOBSA-N,C[C@H](C(=O)O)c1ccc2cc(OS(=O)(=O)O)ccc2c1,184679
GFNANZIMVAIWHM-OBYCQNJPSA-N,C[C@]12C=CC(=O)C=C1CC[C@H]1[C@@H]3C[C@@H](O)[C@](O)(C(=O)CO)[C@@]3(C)C[C@H](O)[C@@]12F,31307
GWYFCOCPABKNJV-UHFFFAOYSA-N,CC(C)CC(=O)O,10430
OKXWJISJKQKUTN-OAQYLSRUSA-N,CCCCCCCCCCCCCCCCOC[C@@H](O)COP(=O)(O)OCCN,42607466
SGDIDUFQYHRMPR-UHFFFAOYSA-N,CNCCCC(=O)c1cccnc1,434
XSCHRSMBECNVNS-UHFFFAOYSA-N,c1ccc2nccnc2c1,7045
FRAMWPHPFIXRCP-KRWDZBQOSA-N,CCCCCCCCCCCCCCCC(=O)SC[C@H](N)C(=O)O,46937142
ZMKDEQUXYDZSNN-UTJQPWESSA-M,CCCCCCCC/C=C\C/C=C\CCCCC(=O)[O-],25244103
NGMYNFJANBHLKA-LVKFHIPRSA-N,COc1ccc(-c2oc3c(CC=C(C)C)c(O)cc(O)c3c(=O)c2O[C@@H]2O[C@@H](C)[C@H](O)[C@@H](O)[C@H]2O)cc1,5488822
RJFAYQIBOAGBLC-BYPYZUCNSA-N,C[Se]CC[C@H](N)C(=O)O,105024
IXWNIYCPCRHGAE-VXTIANRJSA-N,CC(=O)N[C@H]1[C@@H](O[C@H]2[C@H](O)[C@@H](CO)OC(O)[C@@H]2O)O[C@H](CO)[C@@H](O)[C@@H]1O,91846029
RSTKLPZEZYGQPY-UHFFFAOYSA-M,O=C([O-])C(=O)Cc1c[nH]c2ccccc12,5460337
KHBXRZGALJGBPA-NQZOLGFYSA-N,COc1cc2c(c3oc(=O)c4c(c13)CCC4=O)[C@H]1[C@@H](O2)O[C@H]2O[C@H]21,53297449
OUZVKKUEJRMKAX-UHFFFAOYSA-N,Br.COc1cc2[nH]c3c(C)nccc3c2cc1Br,49796510
OUYCCCASQSFEME-QMMMGPOBSA-L,N[C@@H](Cc1ccc([O-])cc1)C(=O)[O-],5460820
HFSAUGRJONZEDN-UHFFFAOYSA-N,C=C(Cc1ccc2c(c1)OCO2)C(=C)Cc1ccc(O)cc1O,72391
VWLHWLSRQJQWRG-UHFFFAOYSA-O,CC[N+](C)(C)c1cccc(O)c1,3202
NBMIXMLIGPLJPK-KHYSSQCESA-N,Cc1c(O)c(O)cc2c1CC[C@H]1[C@@]2(C)CC[C@@]2(C)[C@@H]3C[C@](C)(C(=O)O)CC[C@]3(C)CC[C@]12C,101707492
JSYTVJCZLSFGTM-HNLRCUENSA-N,C/C=C1/C=C(\C)[C@H]2Oc3c(cc(O)cc3[C@@H](O[C@H]3CC[C@@H](O)[C@@H](C)O3)[C@@H]2C)NC(=O)C(C)C1=O,70678700
GRDQURHVJJVDRY-UHFFFAOYSA-N,COc1ccc(-c2ccc3n2[B-](F)(F)[N+]2=C(C)C(CCC(=O)NCCCCCC(=O)ON4C(=O)CCC4=O)=C(C)C2=C3)cc1,25164047
WCPMPLJZWAHSJJ-PBUWDAODSA-N,C=C1/C=C/[C@@H](C(C)CC(=O)CC(C)C)CCC(C)=CCC1,56600674
UNHCPLSWMNPZTD-HXUWFJFHSA-N,C[N+](C)(C)C[C@@H](CC(=O)[O-])OC(=O)CCCCCCCCCCCCCCC(=O)O,44256593
DYAQCRHEYVANDL-PGFQGKCASA-N,CC(C)(O)C/C(=N\OS(=O)(=O)O)S[C@@H]1O[C@H](CO)[C@@H](O)[C@H](O)[C@H]1O,9548624
ACKXCNXSQYSCQN-CXIHMHBJSA-N,CC(=O)N[C@@H]1[C@@H](O)[C@H](O)[C@@H](CO[C@@H]2O[C@H](CO)[C@H](O)[C@H](O)[C@H]2O)O[C@@H]1O,91860417
UNBPEIBIPPJZIR-NRFANRHFSA-N,O=C(O)CCCC(=O)N[C@@H](Cc1ccccc1)C(=O)Nc1ccc2ccccc2c1,7019934
WJAMFZVSJYMDDT-UHFFFAOYSA-N,O=C(Nc1ncc(Cc2cccc3ccccc23)s1)C1CCCCC1,1371749
UZTVCYOWDJHTOU-QLFGBWBRSA-N,CO[C@@H]1OC(=O)C2=CC[C@H]3[C@]4(C)CC[C@H]5C(C)(C)CCC[C@]5(C)[C@H]4C[C@@H](OC(C)=O)[C@]3(C)[C@H]21,24178773
OGDQCSZNJSAJKD-IJUIUGIXSA-N,CC(=O)OCC(=O)[C@@]1(O)CC[C@H]2[C@@H]3CCC4=CC(=O)[C@H](C)C[C@]4(C)[C@@]3(F)[C@@H](O)C[C@@]21C,224247
ACIJGUBIMXQCMF-BYPYZUCNSA-N,N[C@@H](CCC(=O)NCC(=O)O)C(=O)O,165527
WPZFLQRLSGVIAA-UHFFFAOYSA-N,O.O.[Na+].[Na+].[O]=[W](=[O])([O-])[O-],150191
KZSNJWFQEVHDMF-SCSAIBSYSA-M,CC(C)[C@@H](N)C(=O)[O-],5460780
UEWSIIBPZOBMBL-UHFFFAOYSA-N,NC(=O)c1[nH]cnc1O,124343
LDEBVRIURYMKQS-WISUUJSJSA-N,C[C@@H](O)[C@H](NC(=O)[C@@H](N)CO)C(=O)O,54027404
MQVYKIDHPDISFD-IRXDYDNUSA-N,COc1cc([C@H](O)[C@H](CO)Oc2c(OC)cc(C(=O)O)cc2OC)ccc1O,53356208
HQPCSDADVLFHHO-LTKCOYKYSA-N,CC/C=C\C/C=C\C/C=C\C/C=C\CCCCCCC(=O)O,11722594
GELRVIPPMNMYGS-RVXRQPKJSA-N,Cl.Fc1ccc([C@@H]2CCNC[C@H]2COc2ccc3c(c2)OCO3)cc1,62878
FWSUEHMNQCROMJ-ZDUSSCGKSA-N,Cc1ccc([C@@H](C)CC(=O)CC(C)C)cc1,13970960
AEXBRBWRPNGGEZ-FKBYEOEOSA-N,CC[C@]12C=CCN3CC[C@]4(C(=C(C(=O)OC)C1)Nc1cc(OC)ccc14)[C@@H]32,443356
RXBFKZNLXJKTLQ-VMEIHUARSA-M,CCCCCCCC[C@H](O)/C=C/CCCCCCC(=O)[O-],71728458
ASUGWWOMVNVWAW-UHFFFAOYSA-N,COCCN1C(=O)C=CC1=O,2759573
RTHCYVBBDHJXIQ-MRXNPFEDSA-N,CNCC[C@@H](Oc1ccc(C(F)(F)F)cc1)c1ccccc1,1548970
SPURMHFLEKVAAS-UHFFFAOYSA-N,C=CCCCCCCCCCCCCCCCCCCCC,74138
OCUJLLGVOUDECM-UHFFFAOYSA-N,CNCC(O)c1ccc(OC(=O)C(C)(C)C)c(OC(=O)C(C)(C)C)c1,3105
QRPWLSKPROEDAH-KBUPBQIOSA-N,C=C(C)[C@@H]1CC[C@@]2(C1)C(C)=C[C@@H](O)C[C@H]2C,50909827
CGCGQFDYTLYDPF-UUOKFMHZSA-L,Nc1[nH]c(=O)nc2c1ncn2[C@@H]1O[C@H](COP(=O)([O-])[O-])[C@@H](O)[C@H]1O,70680280
PESVSEKBWYZQFT-KKLWWLSJSA-N,CC1(C)C=Cc2c(cc(O)c3c(=O)c4ccc(O[C@@H]5c6c(cc(O)c7c(=O)c8cccc(O)c8oc67)O[C@H]5C(C)(C)O)c(O)c4oc23)O1,10439250
LRMJAFKKJLRDLE-UHFFFAOYSA-N,c1ccc(C(c2ccccc2)N2CCN(CCCC3(c4ccccc4)OCCO3)CC2)cc1,55285
XJHDMGJURBVLLE-BOCCBSBMSA-N,CC1=C2[C@H]3OC(=O)[C@@H](C)[C@@H]3CC[C@@]2(C)C=CC1=O,221071
RAGZUCNPTLULOL-KJJWLSQTSA-N,COc1cc(/C=C/C(=O)O[C@@H]2C[C@](O)(C(=O)O)C[C@@H](O)[C@H]2O)ccc1O,9799386
LTTYCSFIHFANTP-UHFFFAOYSA-K,O=C([O-])Cc1oc([O-])cc1C(=O)[O-],49791961
UUUPPKIAWROOSV-NFMPGMCNSA-N,C=C1C[C@]23C[C@H]1CC[C@H]2[C@@]12CC[C@H](Cl)[C@@](C)(C(=O)O1)[C@H]2[C@@H]3C(=O)O,14605576
ZBTUYCUNQBRXOR-UHFFFAOYSA-L,O.O.O.O.O.O.O=C([O-])CCC(=O)[O-].[Na+].[Na+],3083938
BMIHHOYYQXWVEG-QMMMGPOBSA-M,CSCCCCCC[C@@H](C(=O)[O-])N(O)O,90659193
CHDDAVCOAOFSLD-UHFFFAOYSA-K,O=C([O-])C(=O)CP(=O)([O-])[O-],5460064
LNRYWMBIOOXPID-MLHUMARHSA-N,C[C@H](NC(=O)[C@@H]1CC(c2ccc3c(c2)OCO3)C(CS)N1O)C(=O)O,5462236
IIEPLRAFVCMHQF-STQMWFEESA-N,Nc1nc2c(c(=O)[nH]1)N(CO)[C@@H](CNc1ccc(C(=O)N[C@@H](CCC(=O)O)C(=O)O)cc1)C=N2,135403828
YMYQEDCYNANIPI-PBLJWRMESA-N,CCCCCCCCCCCCC/C=C/[C@@H](O)[C@H](COC1O[C@H](CO)[C@H](O)[C@H](O)[C@H]1O)NC(=O)CCCCCCCCCCCCCCCCC,86290157
BUZICZZQJDLXJN-GSVOUGTGSA-N,N[C@@H](CO)CC(=O)O,1502076
BBKDWPHJZANJGB-IKJXHCRLSA-N,C[C@@H](Oc1ccc(Oc2cnc3cc(Cl)ccc3n2)cc1)C(=O)OCC1CCCO1,14601092
DASQOOZCTWOQPA-GXKRWWSZSA-L,CN(Cc1cnc2nc(N)nc(N)c2n1)c1ccc(C(=O)N[C@@H](CCC(=O)[O-])C(=O)[O-])cc1.[Na+].[Na+],11329481
JGHSBPIZNUXPLA-HNNXBMFYSA-N,CCCCCCCCCCCCCC[C@H](O)C(=O)O,12575964
TTWJBBZEZQICBI-UHFFFAOYSA-O,CC[NH+](CC)CCNC(=O)c1cc(Cl)c(N)cc1OC,4993182
HTFJKCHLCKQTKC-IVNVYFSQSA-N,CCCCCCCCCCCCCCCCCCCCCCCCCC(O)C(=O)N[C@@H](COP(=O)([O-])OCC[N+](C)(C)C)[C@H](O)/C=C/CCCCCCCCCC(C)C,70679169
CMRDSXPYXCUXMI-VJUOEERUSA-N,CCCCCCCCCCCCCCCC(=O)OP(=O)(O)OC[C@H]1O[C@@H](n2cnc3c(N)ncnc32)[C@H](O)[C@@H]1O,11135653
AVKOENOBFIYBSA-WMPRHZDHSA-M,CCCCC/C=C\C/C=C\C/C=C\C/C=C\C/C=C\CCC(=O)[O-],86289177
XMCCOOONGGUOLA-UHFFFAOYSA-N,O=[N+]([O-])c1ccc(O)c(OS(=O)(=O)O)c1,165879
ISWRGOKTTBVCFA-UHFFFAOYSA-N,Cc1ccc(=O)n(-c2ccccc2)c1,40632
XGDZEDRBLVIUMX-UHFFFAOYSA-N,COC(=O)Cc1ccc(O)cc1,518900
RHVPEFQDYMMNSY-UHFFFAOYSA-N,CC1=NCCc2c1[nH]c1cc(O)ccc21,3565
HZLHRDBTVSZCBS-UVJJDBRNSA-N,CC1=C/C(=C(\c2ccc(N)cc2)c2ccc(N)c(C)c2)C=CC1=N.Cl,5748567
RGJSGXNKRWWCOQ-QMEIEYGNSA-M,CCCCC/C=C\C/C=C\[C@@H](CCCCCCC(=O)[O-])OO,45266713
MUOHJTRCBBDUOW-FNUZHIFDSA-N,C[C@]12CC[C@@H]3c4ccc(O[C@@H]5O[C@H](C(=O)O)[C@@H](O)[C@H](O)[C@H]5O)cc4CC[C@H]3[C@@H]1CC[C@H]2O,11988264
FOEYOFVRRORADU-KMIVUYPQSA-M,C[C@@H]1O[C@@H](OCCCCCCCCCCCC/C=C/C(=O)[O-])[C@H](O)C[C@H]1O,132282459
FFAHMRSFNLJTHE-WGHUZSCTSA-M,CC/C=C\C/C=C\C[C@@H]1O[C@H]1/C=C/C=C/C=C\C/C=C\CCC(=O)[O-],119058222
JRPHGDYSKGJTKZ-UHFFFAOYSA-K,O=P([O-])([O-])[Se-],16019955
LWLJEQHTPVPKSJ-UHFFFAOYSA-N,CC(=O)Oc1c(C)c(C)nc2c(F)cc(C(C)(C)C)cc12,11629002
ADSYMQORONDIDD-ZJHVPRRPSA-N,COc1ccc([C@@H]2CC(=O)c3c(O)cc(O[C@@H]4O[C@H](CO)[C@@H](O)[C@H](O)[C@H]4O)cc3O2)cc1O,147394
LXFHSCDLMBZYKY-UHFFFAOYSA-N,CN1CCN(c2nc3cc(C(F)(F)F)ccc3n3cccc23)CC1,2689
QRGLTVKAZBZWSD-DJOZHRAESA-N,O=C(O)[C@H]1O[C@@H](O[C@@H]2COC(O)[C@H](O)[C@H]2O)[C@H](O)[C@@H](OS(=O)(=O)O)[C@@H]1O,91862458
LJYSTIXRFNGKHF-AHFZSLFQSA-N,Cc1cc2c(c(O)c1-c1c(C)cc3c(c1O)C(O)=C1C(=O)C=C[C@H](O)[C@]1(C)O3)C(O)=C1C(=O)C=CC(=O)[C@]1(C)O2,52937281
HBOQXIRUPVQLKX-BBWANDEASA-N,CCCCC/C=C\C/C=C\CCCCCCCC(=O)OCC(COC(=O)CCCCCCC/C=C\C/C=C\CCCCC)OC(=O)CCCCCCC/C=C\C/C=C\CCCCC,5322095
WDVSHHCDHLJJJR-UHFFFAOYSA-P,Nc1ccc2cc3ccc([NH3+])cc3[nH+]c2c1,71627234
VVEBTVMJPTZDHO-YQFZQLSNSA-N,CCCCC/C=C\C/C=C\CCCCCCCC(=O)OC[C@@H](COC(=O)CCCCCCC/C=C\CCCCCCCC)OC(=O)CCCCCCC/C=C\C/C=C\CCCCC,25240373
YHSMSRREJYOGQJ-UHFFFAOYSA-O,CCCCCCCCCOc1ccc2[nH]cc(CC[NH3+])c2c1,56927823
NISZMWZPLJGKCC-UHFFFAOYSA-M,Cc1ccc(N2C(=O)c3cccc4c(N)c(S(=O)(=O)[O-])cc(c34)C2=O)cc1,4430994
NQNFPAGRZQMGFB-UHFFFAOYSA-M,[O]=[Mn](=[O])([O-])[OH],9998041
PWFXLXMPGSLEOZ-UHFFFAOYSA-N,Nc1nc2c(c(=O)[nH]1)NC1C(=O)C3OP(=O)(O)OCC3OC1N2,135873313
HCAJQHYUCKICQH-VPENINKCSA-N,Nc1nc2c([nH]c(=O)n2[C@H]2C[C@H](O)[C@@H](CO)O2)c(=O)[nH]1,135440064
POAOYUHQDCAZBD-UHFFFAOYSA-N,CCCCOCCO,8133
QLAHWTNCEYYDRR-UHFFFAOYSA-M,[NH3+]C(CC(=O)c1cccc2oc3cc(=O)c4[nH]c(C(=O)[O-])cc(=O)c4c-3nc12)C(=O)[O-],46931092
CTNZOGJNVIFEBA-UPSUJEDGSA-N,N[C@H](CCOc1ccc(/C(=N/O)C(=O)N[C@H]2CN([C@@H](C(=O)O)c3ccc(O)cc3)C2=O)cc1)C(=O)O,6400657
NXQOQNROJJFYCJ-FZFXZXLVSA-N,C[C@@]12C=CC[C@H]1[C@@H]1CCC3CCCC[C@]3(C)[C@H]1CC2,161178
GJWSUKYXUMVMGX-VIFPVBQESA-M,CC(C)=CCC[C@H](C)CC(=O)[O-],6999954
OMOOHFQAZTVBPK-UHFFFAOYSA-N,Cc1cc(O)c(C=O)c2c1C(=O)Oc1c(cc3c(c1C)C(=O)CC(C)(C)O3)O2,152839
XTAGNQVQARAMJH-FHRMIITISA-M,CC[C@H](C)[C@H](C/C=C\C[C@@H](O)[C@@H](CC)C(=O)[O-])OC,91972272
AKIHYQWCLCDMMI-VMPITWQZSA-O,NC(N)=[NH+]CCCCNC(=O)/C=C/c1ccc(O)cc1,25245514
NFEZZTICAUWDHU-RDTXWAMCSA-N,C=C1CCN([C@H](C)[C@](O)(Cn2cncn2)c2ccc(F)cc2F)CC1,489181
KCODNVFFXXYJPA-SNAWJCMRSA-N,COc1cc(/C=C/COC(C)=O)ccc1OC(C)=O,6537101
AAGCATAPYOEULE-LHHMAMHXSA-N,COc1cc(C[C@H]2COC(=O)[C@@H]2Cc2ccc(O[C@@H]3O[C@H](CO)[C@@H](O)[C@H](O)[C@H]3O)c(OC)c2)ccc1O,486612
PSFDQSOCUJVVGF-UHFFFAOYSA-N,Cc1nccc2c1[nH]c1ccccc12,5281404
VUKWZNZHAKAFNU-LBPUPLFVSA-N,C[C@@H](OCC(=O)O)[C@H]1CC[C@H]2[C@@H]3CCC4=CC(=O)CC[C@]4(C)[C@H]3CC[C@]12C,52921623
SHIBSTMRCDJXLN-KCZCNTNESA-N,C[C@]12CC[C@H](O)C[C@H]1CC[C@@H]1[C@@H]2C[C@@H](O)[C@]2(C)[C@@H](C3=CC(=O)OC3)CC[C@]12O,15478
RJPDELAUUYAFTQ-WHFBIAKZSA-N,O=C(O)[C@@H]1CC[C@H]2CC(=O)N21,6337945
ZGNGGJLVZZHLQM-ZRFIDHNTSA-N,CCC(=O)OP(=O)(O)OC[C@H]1O[C@@H](n2cnc3c(N)ncnc32)[C@H](O)[C@@H]1O,440863
KYRKWKDNGQIWHP-UHFFFAOYSA-N,NC(N)=[NH+]CCS(=O)[O-],44229097
ONIBWKKTOPOVIA-SCSAIBSYSA-N,O=C(O)[C@H]1CCCN1,8988
FUGCXLNGEHFIOA-UHFFFAOYSA-L,O=S(=O)([O-])c1cc(S(=O)(=O)[O-])c2c(N=Nc3cccc4ccccc34)c(O)ccc2c1.[Na+].[Na+],165025
BFDKCISGMFXZOW-KITAFTRQSA-N,CC/C=C\C/C=C\C/C=C\CCCCCC[C@@H](OO)C(=O)O,23724727
NBJRNHOFHFJPDJ-GSFKWRMWSA-N,CC(C)=CCC/C(C)=C/Cc1c(O)c2c(c(C(=O)/C=C/c3ccc(O)c(O)c3)c1O)OC(C)(C)C=C2,9983046
HHKPKXCSHMJWCF-UHFFFAOYSA-N,CC(O)(C(=O)O)C(CC(=O)O)C(=O)O,513
SMDHCQAYESWHAE-UHFFFAOYSA-N,CCCCN(CC)c1c([N+](=O)[O-])cc(C(F)(F)F)cc1[N+](=O)[O-],2319
OGRAMAAKQPETEE-OTUKTJHOSA-N,C/C=C/c1ccc2c(c1)[C@@H](CO)[C@@H](c1ccc(O)cc1)O2,14213219
BBJOGQWGYPHPCA-UHFFFAOYSA-N,NNc1ccc(CO)cc1,135538
FQWLMRXWKZGLFI-YVYUXZJTSA-N,Oc1ccc(/C=C/c2cc(O)cc3c2[C@@H](c2cc(O)cc(O)c2)[C@H](c2ccc(O)cc2)O3)cc1,5281728
BZJUFPJWLUOEOG-GXXPQHMISA-N,CCC/C=C\C/C=C\C/C=C\C/C=C\C/C=C\CCCCC(=O)O[C@H](COC(=O)CCCCCCCCCCCCCCCCC)COP(=O)([O-])OCC[N+](C)(C)C,86583362
ICGKEQXHPZUYSF-UPHRSURJSA-L,O=C([O-])C/C=C\CC(=O)C(=O)[O-],91828273
VTCFEPXKEHCPGA-UHFFFAOYSA-N,CC(=O)OC(=O)c1ccc(CCl)cc1C1c2cc(Cl)c(OC(C)=O)cc2Oc2cc(OC(C)=O)c(Cl)cc21,23847176
YXJDFQJKERBOBM-TXICZTDVSA-L,O=P([O-])([O-])O[C@H]1O[C@H](CO)[C@@H](O)[C@H]1O,23615443
NGCXIFFZXAZRAF-UHFFFAOYSA-N,CC(=O)NCCCCC(=O)C(=O)O,194080
LPMVKZXODWQHGJ-ILYOTBPNSA-N,CCCCCC1OC1C/C=C\C/C=C\C/C=C\CCCC(=O)OC(CO)CO,53481916
MOIMOJLRMXIUDV-UHFFFAOYSA-N,COc1cc(CCCOC(=O)C(C)C)cc2cc(-c3ccc4c(c3)OCO4)oc12,56683117
GTPATKZCXDKGQS-UHFFFAOYSA-L,CCCCCCCCCCCCCCCCCC(=O)OCC(=O)COP(=O)([O-])[O-],86290078
NUZWLKWWNNJHPT-UHFFFAOYSA-N,O=C1c2c(O)cccc2Cc2cccc(O)c21,2202
RMGHERXMTMUMMV-UHFFFAOYSA-N,COC(C)C,11721
DLRVVLDZNNYCBX-YEFOROCRSA-N,OC[C@H]1O[C@H](OC[C@H]2O[C@@H](O)[C@@H](O)[C@@H](O)[C@@H]2O)[C@H](O)[C@@H](O)[C@H]1O,91847170
CAEFEWVYEZABLA-UUOKFMHZSA-K,O=c1[nH]c(=O)c2ncn([C@@H]3O[C@H](COP(=O)([O-])OP(=O)([O-])OP(=O)([O-])O)[C@@H](O)[C@H]3O)c2[nH]1,46878578
DYDKXJWQCIVTMR-WDSKDSINSA-N,CSCC[C@H](NC(=O)[C@@H](N)CC(=O)O)C(=O)O,9856584
JLVSRWOIZZXQAD-UHFFFAOYSA-N,O=S(=O)(O)CC(S)CS,6321
BXLOOKPAMNLACC-UHFFFAOYSA-N,Nc1cc(F)ccc1NC(=O)c1ccc(CNC(=O)OCc2cccnc2)cc1,118221163
VXFJYXUZANRPDJ-WTNASJBWSA-N,CCOC(=O)[C@H](CCc1ccccc1)N[C@@H](C)C(=O)N1[C@H](C(=O)O)C[C@H]2CCCC[C@@H]21,5484727
RZYIPLSVRHWROD-UHFFFAOYSA-N,C1OCOO1,78967
CIHOLLKRGTVIJN-UHFFFAOYSA-N,CC(C)(C)OO,6410
UJOYFRCOTPUKAK-MRVPVSSYSA-N,[NH3+][C@H](CC(=O)[O-])c1ccccc1,6921434
QZXSMBBFBXPQHI-UHFFFAOYSA-N,CCCCCCCCCCCC(=O)NCCO,8899
ZQGOSPTVQVGUON-AWEZNQCLSA-N,CC(=O)NCCCC[C@H](NCc1c(COP(=O)(O)O)cnc(C)c1O)C(=O)O,46878573
KATOYYZUTNAWSA-OIZRIKEUSA-N,CCCCC/C=C\C/C=C\CC(O)/C=C/C=C\CCCC(=O)O,14123398
CWPRYKPQPOWVHW-CKEWFYKPSA-M,CCCCC/C=C\C/C=C\CCCCCCCC(=O)O[C@H](COC(=O)CCCCCCCCCCCCCCC)COP(=O)([O-])OCCNC(=O)CCCCCCC,91666433
DFMMVLFMMAQXHZ-DOKBYWHISA-N,CC1=C(/C=C/C(C)=C/C=C/C(C)=C/C=C/C=C(C)/C=C/C=C(\C)C=O)C(C)(C)CCC1,5478003
CWLQUGTUXBXTLF-YFKPBYRVSA-N,C[NH+]1CCC[C@H]1C(=O)[O-],6951137
HBLOFOWPCVDNCG-SNAWJCMRSA-N,C/C=C/CCCCc1c(O)cc(CC=C(C)C)c(O)c1C=O,14355116
WCJYZUFKKTYNLB-ARITWGJRSA-L,O=C(O)/C=C/C(=O)/C=C/C=C(\[O-])C(=O)[O-],54743932
PAWSVPVNIXFKOS-IHWYPQMZSA-N,C/C=C(\N)C(=O)O,6449989
PHBDHXOBFUBCJD-KQYNXXCUSA-J,Nc1nc2c(ncn2[C@@H]2O[C@H](COP(=O)([O-])OP(=O)([O-])CP(=O)([O-])[O-])[C@@H](O)[C@H]2O)c(=O)[nH]1,136234290
JRZJOMJEPLMPRA-UHFFFAOYSA-N,C=CCCCCCCC,31285
YLHXLHGIAMFFBU-UHFFFAOYSA-N,COC(=O)C(=O)c1ccccc1,84835
CQOQDQWUFQDJMK-SSTWWWIQSA-N,COc1cc2c(cc1O)CC[C@@H]1[C@@H]2CC[C@]2(C)[C@@H](O)CC[C@@H]12,66414
VHPXSBIFWDAFMB-UHFFFAOYSA-N,NC1=[NH+]C(C(=O)[O-])CS1,57339275
ODBLHEXUDAPZAU-OKKQSCSOSA-N,O=C(O)C[C@H](C(=O)O)[C@H](O)C(=O)O,447805
BFKWILVOTONIQI-NXMQWNJLSA-N,C/C1=C/C[C@H]2[C@@H](/C=C(\C)C(=O)[C@@]3(O)C[C@H](C)[C@H](OC(=O)/C=C/c4ccccc4)[C@@H]3[C@H]1O)C2(C)C,53355696
SURQXAFEQWPFPV-UHFFFAOYSA-L,O.O.O.O.O.O.O.O=S(=O)([O-])[O-].[Fe+2],62662
DTZHMTDUIGHESZ-BYPYZUCNSA-L,CC(=O)C(=O)[C@@H](O)COP(=O)([O-])[O-],70698335
FWQUFPSRHRHXPN-UHFFFAOYSA-O,O=c1[nH]c(Cc2c[nH]c3ccccc23)c[n+]2c1CCC2,145944410
CBIDRCWHNCKSTO-UHFFFAOYSA-K,CC(C)=CCOP(=O)([O-])OP(=O)([O-])[O-],15983958
IHQKEDIOMGYHEB-UHFFFAOYSA-M,C[As](C)(=O)[O-].[Na+],2724247
CBIDVWSRUUODHL-OVHBTUCOSA-L,O=P([O-])([O-])OC[C@H]1O[C@@](O)(CO)[C@@H](O)[C@H](O)[C@@H]1O,122391286
NPFVOOAXDOBMCE-PLNGDYQASA-N,CC/C=C\CCOC(C)=O,5363388
BTVWZWFKMIUSGS-UHFFFAOYSA-N,CC(C)(O)CO,68410
KMEJCSKJXSBBAN-NNPWBXLPSA-N,O=P(O)(O)OC1O[C@H]([C@H](O)CO)[C@@H](O)[C@H](O)[C@@H]1O,441340
IZHNAGBQRXWHMT-QLLAZOAUSA-M,C[C@@H]1[C@H](O)C[C@H]2C(C(=O)[O-])=C[C@@H]3CC(C)(C)C[C@]312,70679015
JIJQPEZAVLJZBO-UHFFFAOYSA-N,Br.Br.NC(=NCc1ccc(Cl)cc1)SCCCc1cnc[nH]1,11213569
CULGWEQEASHZHP-NINQLNBYSA-M,O=C(/C=C\C=C(\[O-])C(=O)O)Oc1ccccc1O,54675846
CRDZYJSQHCXHEG-HBMALMRFSA-M,CC/C=C\C[C@@H](O)\C=C/C=C/C=C/[C@H](O)C/C=C\C/C=C\CCC(=O)[O-],132282528
KFGOFTHODYBSGM-ZUNNJUQCSA-M,CCCCC[C@H](O)/C=C/[C@@H]1[C@@H](CC(=O)CCCCC(=O)[O-])[C@@H](O)C[C@H]1O,122164856
BOLQJTPHPSDZHR-UHFFFAOYSA-M,COc1cc(CCC(=O)[O-])ccc1O,6931571
CWRPZJWABUTVME-UHFFFAOYSA-N,O=C(O)CNC(=O)Cc1ccccn1,22501452
OSCCDBFHNMXNME-YUPRTTJUSA-N,C[C@@H]([C@H](C)O)[C@H](N)C(=O)O,6918732
SMIOEQSLJNNKQF-UHFFFAOYSA-N,CC(=O)Oc1ccc(C(C)=O)cc1,83063
VOXXWSYKYCBWHO-UHFFFAOYSA-N,O=C(O)C(O)Cc1ccccc1,3848
OKYHYXLCTGGOLM-BYPYZUCNSA-L,CC(=O)[C@@H](O)COP(=O)([O-])[O-],45480552
IKZACQMAVUIGPY-HOTGVXAUSA-N,N=C(N)c1ccc(-c2ccc(OC[C@@H]3C[C@@H](CC(=O)O)C(=O)N3)cc2)cc1,66000
UROPGAQBZGIPQC-VUHMTIHWSA-N,CC(=O)O[C@H]1CC[C@]2(C)[C@H]3CC[C@]4(C)C(=CC[C@@]5(C(=O)O)CCC(C)(C)C[C@H]54)[C@]3(C)CC[C@H]2C1(C)C,161616
WERYXYBDKMZEQL-UHFFFAOYSA-N,OCCCCO,8064
BSIMZHVOQZIAOY-SCSAIBSYSA-M,O=C([O-])C1=CC[C@@H]2CC(=O)N12,25245027
BJKZYSMSDXOQJL-MVIDNBQJSA-N,CCCCCCCCCCCCCCCCC(=O)N[C@@H](CO)[C@H](O)[C@H](O)CCCCCCCCCCC(C)C,71581161
NJGBTKGETPDVIK-UHFFFAOYSA-N,CC(=O)CCc1ccc(O)cc1,21648
XNBWKKYPKJHUKD-UQJCXHNCSA-N,C=C1C[C@]23C[C@@]1(O)CC[C@H]2[C@@]12C[C@@H]4O[C@@H]4[C@@](C)(C(=O)O1)[C@H]2[C@@H]3C(=O)O,12310161
HFOYWBKBWBSCMJ-CNEVOPABSA-N,C=C1CC/C=C(\C)CC[C@H]2[C@H]1C[C@]2(C)C(=O)/C=C/C(C)(C)O,23661416
QHOKDYBJJBDJGY-BVILWSOJSA-N,CC/C=C\C/C=C\CC1OC1C/C=C\C/C=C\CCCC(=O)O,16061087
CWVRJTMFETXNAD-DJTMHQFBSA-N,O=C(/C=C\c1ccc(O)c(O)c1)O[C@@H]1C[C@@](O)(C(=O)O)C[C@@H](O)[C@@H]1O,12310831
XGRYRNQISNOEGY-UHFFFAOYSA-N,CS(=O)CCCCCCCCC#N,85993300
INHCSSUBVCNVSK-UHFFFAOYSA-L,O=S(=O)([O-])[O-].[Li+].[Li+],66320
MTDHILKWIRSIHB-IVMDWMLBSA-M,N[C@H]1C(O)O[C@H](COS(=O)(=O)[O-])[C@@H](O)[C@@H]1O,90659837
GBAGTCNHJJTJIL-YVVZYAQMSA-N,CC(C)[C@@H](C)/C=C/[C@@H](C)[C@H]1CCC2=C3C=CC4=CC(=O)CC[C@]4(C)[C@@]3(O)[C@H](O)C[C@@]21C,53355590
NNMVCFPMIBOZCL-UHFFFAOYSA-N,Cc1ccc(N=C=S)cc1N=C=S,21008
YFMAIXBXQGUOBW-UHFFFAOYSA-N,CCN1\C(=C/C=C/C=C/C=C/c2oc3ccccc3[n+]2CC)Oc2ccccc21,5702696
ODHCTXKNWHHXJC-UHFFFAOYSA-N,O=C1CCC(C(=O)O)N1,499
WLMZMBKVRPUYIG-OSPXAYQASA-N,CCCCC[C@@H]1O[C@@H]1/C=C/C(O)C/C=C\C/C=C\CCCC(=O)O,129626632
LOAQFXHGDMJPJC-WUAMPTBBSA-N,C=CC(C)(CO)SC[C@H](NC(=O)CC[C@H](N)C(=O)O)C(=O)NCC(=O)O,118987346
MJAMPGKHIZXVFJ-UHFFFAOYSA-N,Cc1cc(NS(=O)(=O)c2ccc(NO)cc2)no1,114821
DUFVKSUJRWYZQP-UHFFFAOYSA-N,CCOP(=O)(SC(C)CC)N1CCSC1=O,91758
OYBMVMAXKOGYDC-UHFFFAOYSA-N,CCCCCCCCCCCCCCCc1cccc(OCC)c1C(=O)Nc1ccc(Cl)c(C(F)(F)F)c1,10311918
RWQKHEORZBHNRI-BMIGLBTASA-N,C[C@@H]1Cc2c(Cl)cc(C(=O)N[C@@H](Cc3ccccc3)C(=O)O)c(O)c2C(=O)O1,442530
OVBXHXJXSMZLSA-VQHVLOKHSA-N,CC(O)CCCCCC/C=C/C(=O)O,86289689
PFZFCRCFYYFTPE-UHFFFAOYSA-N,COc1cc(C(O)C(CO)Oc2ccc(C3OCC4C(c5cc(OC)c(O)c(OC)c5)OCC34)cc2OC)ccc1O,76145006
NFHRQQKPEBFUJK-HSZRJFAPSA-N,CN1C(=O)[C@@H](NC(=O)c2cc3ccccc3[nH]2)N=C(c2ccccc2)c2ccccc21,443375
CVWXJKQAOSCOAB-UHFFFAOYSA-N,CC(C)(C)c1cc(NC(=O)Nc2ccc(-c3cn4c(n3)sc3cc(OCCN5CCOCC5)ccc34)cc2)no1,24889392
MULVJZGDDYHMNG-MRVPVSSYSA-N,N[C@H](Cc1ccc([OH+])cc1)C(=O)O,5460810
SFVSRXRSAJNPAC-UHFFFAOYSA-N,CCOCn1c(Sc2ccccc2)c(C(C)C)c(=O)[nH]c1=O,5495
UQFZKTIHSICSPG-DSHYQQBWSA-M,CC(C)CCC[C@@H](C)[C@H]1CC[C@H]2C3=CC[C@@H]4[C@](C)(CC[C@H](O)[C@@]4(C)C(=O)[O-])[C@H]3CC[C@]12C,21145105
BZDHSIPNZCHPKA-SXRGNVKZSA-M,O=C([O-])CCC[C@H](O)/C=C\C=C\CC[C@H](O)C/C=C\CCCCC(O)O,122164875
VXOZCESVZIRHCJ-KGHQQZOUSA-N,CC(C)[C@@H](C)/C=C/[C@@H](C)[C@H]1CC[C@@H]2[C@]1(C)CC[C@H]1[C@]23C=C[C@]2(C[C@@H](O)CC[C@]12C)OO3,5351516
YLYBTZIQSIBWLI-UHFFFAOYSA-N,CCCCCCCCOC(C)=O,8164
FDNUAHPLMXZWLS-UHFFFAOYSA-N,CC(=O)NCP(=O)(O)O,3017080
GGCUJPCCTQNTJF-NAXRMXIQSA-N,CC1=C(/C=C/C(C)=C\C=C\C(C)=C\C(=O)O)C(C)(C)CCC1=O,9972939
AJPIUNPJBFBUKK-UHFFFAOYSA-N,Cc1cc(=O)[nH]c(C(C)C)n1,135444498
JNARUQNCSCUODB-HXVMWHSPSA-N,CCCCC/C=C\C/C=C\C/C=C\C/C=C\CCCCCC(=O)O[C@H](COCCCCCCCCCCCCCCCCCC)COP(=O)([O-])OCC[N+](C)(C)C,52923806
VJVMMXUPZGOBSN-ZMYBETPQSA-N,C=C/C(C)=C\C[C@@H]1C(=C)CC[C@@H]2C(C)(C)CCC[C@@]12C,56927938
CDOJPCSDOXYJJF-IZXYEPCWSA-N,CC(=O)N[C@@H]1[C@@H](O)[C@@H](O[C@@H]2O[C@H](CO)[C@H](O)[C@H](O)[C@H]2NC(C)=O)[C@@H](CO)O[C@@H]1O,45480580
MWGXDZHCLRMDFE-TZFLZTJBSA-M,O=C(O)/C(O)=C\C=C/C(=O)c1ccccc1[O-],135527502
GDBUZIKSJGRBJP-UHFFFAOYSA-N,CC(=O)Oc1ccc(C(=O)O)cc1,16865
XXKNHBAFFJINCK-RVEJDSBJSA-N,C/C=C/C1=CC2=C(CO1)C(=O)[C@]1(C)OC(=O)[C@H](C(=O)CCCCC)[C@H]1C2,12118082
QGXBDMJGAMFCBF-BNSUEQOYSA-N,C[C@]12CC[C@@H](O)C[C@H]1CC[C@@H]1[C@@H]2CC[C@]2(C)C(=O)CC[C@@H]12,5880
YHUKSLQXRSAEOH-UHFFFAOYSA-N,O=C(O)Cc1[nH]cnc1O,440571
KHUHHRGROFQXMG-KVBULMAESA-N,O=C(O)[C@H]1O[C@@H](O)[C@H](O)[C@@H](O[C@@H]2OC[C@@H](O)[C@H](O)[C@H]2O)[C@@H]1O,91858016
MKFJRRMYWGERCT-UHFFFAOYSA-N,C=C1CC(CCCCCCCCCc2cccc(OC)c2OC)OC1=O,44291462
CKPJPJSVQMEGBC-YLFNNMARSA-N,C[C@@H]1C[C@](O)([C@@H](C)Cl)C(=O)O[C@@H]2CCN3CC=C(COC(=O)[C@]1(C)O)[C@H]23,5351515
LPCWHNSRTRBKBO-UHFFFAOYSA-N,C=C(C)CSc1nnc2c(n1)[nH]c1ccccc12,5731061
PXMCURAOQSNMOZ-AHNWEQDZSA-N,C/C1=C\[C@@H](O)[C@@H](C(C)C)CC/C(C)=C/CC1,129320431
VPOVFCBNUOUZGG-VAKDEWRISA-N,C/C=C(/C=O)[C@@H](CC=O)CC(=O)OCCc1ccc(O)cc1,11652416
KAQKFAOMNZTLHT-OZUDYXHBSA-M,CCCCC[C@H](O)/C=C/[C@@H]1[C@H]2C/C(=C/CCCC(=O)[O-])O[C@H]2C[C@H]1O,24868263
QORAVNMWUNPXAO-UHFFFAOYSA-N,Clc1ccc(-c2ccc(Cl)cc2Cl)c(Cl)c1,17097
DXOCDBGWDZAYRQ-QCXZXCEPSA-M,C[C@H](CCC(=O)[O-])[C@H]1CC[C@H]2[C@@H]3C(=O)C[C@@H]4C[C@@H](O)CC[C@]4(C)[C@H]3CC[C@]12C,86289599
MIOPJNTWMNEORI-XVKPBYJWSA-N,CC1(C)[C@H]2CC[C@]1(CS(=O)(=O)O)C(=O)C2,5771688
DPYMRUOGINZSQM-UHFFFAOYSA-N,C[S+](C)CCO,186058
IXZONVAEGFOVSF-UHFFFAOYSA-N,O=c1[nH]c(-c2cc(Cl)ccc2OP(=O)(O)O)nc2ccc(Cl)cc12,135424854
UCNNZELZXFXXJQ-BZSNNMDCSA-N,CC(C)C[C@H](NC(=O)[C@@H](N)CC(C)C)C(=O)N[C@@H](Cc1ccc(O)cc1)C(=O)O,88513
PCMORTLOPMLEFB-ONEGZZNKSA-M,COc1cc(/C=C/C(=O)O)cc(OC)c1[O-],54710960
JSZZQWZCXGLNKJ-UHFFFAOYSA-N,C=C(C)C(Cc1c2c(c(O)c3c(=O)c4cc(O)ccc4oc13)C=CC(C)(C)O2)OO,10001590
ADLXTJMPCFOTOO-BQYQJAHWSA-N,CCCCCC/C=C/C(=O)O,5312586
FKBUODICGDOIGB-PFFFPCNUSA-N,C=C1CC[C@@H](O)[C@]2(C)CC[C@H]3C(=C)C(=O)O[C@@H]3[C@@H]12,482788
CKLJMWTZIZZHCS-REOHCLBHSA-N,N[C@@H](CC(=O)O)C(=O)O,5960
CRVYRJLIQHSUOQ-ZETCQYMHSA-M,CC(=O)N[C@@H](CCCC=O)C(=O)[O-],25246026
QFLXCTZTPACOEB-MIQTUIGVSA-N,C=C1C[C@H](OC(=O)/C(C)=C/C)[C@H]2C(=C)C(=O)O[C@@H]2C2=C1C(=O)C[C@H]2C,24814494
QDERNBXNXJCIQK-UHFFFAOYSA-N,CCN(c1nc(N)c(C(=O)N=C(N)N)nc1Cl)C(C)C,1795
FYVKHLSOIIPVEH-PTNGSMBKSA-N,CN1C(=O)c2ccccc2NC(=O)/C1=C/c1ccccc1,15649436
PXALBCATZKLJLS-BOPYQAQKSA-N,CCCCCCCCCCCCCCCCCCCCCCCCC(=O)N[C@@H](COP(=O)([O-])OCC[N+](C)(C)C)[C@H](O)[C@H](O)CCCCCCCCCCC(C)C,70679114
YTJYIQPAPFUOJH-PJGGRFLDSA-N,CC(=O)N[C@H]1[C@@H](O[C@H](CO)[C@H](O)[C@H](O)[C@H](C)O)O[C@H](CO)[C@H](O)[C@@H]1O,44263849
CPXSBHKDEPPWIX-RAYCSJGISA-N,[NH3+][C@@H](Cc1c([C@H]2O[C@H](CO)[C@@H](O)[C@H](O)[C@@H]2O)[nH]c2ccccc12)C(=O)[O-],122198199
PUHCBNQOZVVESC-PIJHPVSDSA-N,C/C=C(\C)C(=O)OC[C@@]12[C@@H](OC(C)=O)C[C@@H](C)[C@](C)(CCC3=CC(=O)OC3)[C@H]1CCC[C@]2(O)CCl,56671987
HCAJEUSONLESMK-UHFFFAOYSA-M,O=S(=O)([O-])NC1CCCCC1,3372845
WUBBRNOQWQTFEX-UHFFFAOYSA-N,Nc1ccc(C(=O)O)c(O)c1,4649
YINKRXMSCURQIS-RHZHCTOVSA-N,Cc1cn([C@H]2C[C@H](O)[C@@H](COP(=O)(O)OP(=O)(O)O[C@@H]3CCC(=O)[C@@H](C)O3)O2)c(=O)[nH]c1=O,46174038
BERYBAUEDCRDKM-FDHUPVAHSA-N,C/C=C1/[C@@H](O)N2[C@H]3C[C@@H]1C1[C@@H](OC(C)=O)[C@@]4(C[C@@H]12)C3=Nc1ccccc14,11953806
GXEVIPDDAUJTCF-UHFFFAOYSA-M,CC1=CC(=O)OC1CC(=O)[O-],25203332
IFKLAQQSCNILHL-QHAWAJNXSA-N,Oc1ccc2c(c1)[C@@]13CCCC[C@@]1(O)[C@@H](C2)N(CC1CCC1)CC3,5361092
LJVATEUJGAWSPM-DKFDWSOISA-N,CC/C=C\C/C=C\C/C=C\CCCCCC(=O)O[C@H](CO)CO[C@@H]1O[C@H](CO)[C@H](O)[C@H](O)[C@H]1O,92136211
SJZUAPDAKBPNQS-WNAAXNPUSA-N,CCCCCCCCCCCCCCCCCCC(C)CC(C)/C=C(\C)C(=O)O,5282613
KACDZDULGKPXHT-HSZRJFAPSA-N,CCCCCCCCCCCCCCCCC=COC[C@@H](O)COP(=O)([O-])OCC[NH3+],121596233
CTPQAXVNYGZUAJ-WWHKVMGRSA-N,O=P(O)(O)OC1[C@@H](OP(=O)(O)O)[C@H](OP(=O)(O)O)C(O)[C@@H](OP(=O)(O)O)[C@H]1OP(=O)(O)O,440388
TTWJBBZEZQICBI-UHFFFAOYSA-P,CC[NH+](CC)CCNC(=O)c1cc(Cl)c([NH3+])cc1OC,53262296
QYPLHBZIMGVCOV-PDBXOOCHSA-N,CC/C=C\C/C=C\C/C=C\CCCCCCCC(=O)NCC(=O)O,11515538
PQBHGSGQZSOLIR-RYUDHWBXSA-N,NC(N)=NCCC[C@H](N)C(=O)N[C@@H](Cc1ccccc1)C(=O)O,150964
IXZYJZHCXHSCDY-UHFFFAOYSA-N,COc1cc(OC)c(-c2coc3cc(O)ccc3c2=O)cc1OC,15337591
RGXWDWUGBIJHDO-UHFFFAOYSA-N,CCCCCCCCCC(=O)OCC,8048
BBMLTTOFEBDQIR-IAJVGIPZSA-N,C=C1C(=O)O[C@H]2C/C(C)=C/CC/C(C)=C/C[C@H]12,15119530
PZIQDUSGQUZEBS-ZDUSSCGKSA-N,CCCC(=O)SCCNC(=O)CCNC(=O)[C@H](O)C(C)(C)COP(=O)(O)O,119058164
BCRCIDJHDMYLDJ-PCLFXDIFSA-N,CCCCCCCCCCCCCCCCCCCCCC(=O)N[C@@H](CO[C@@H]1O[C@H](CO)[C@H](O)[C@H](O)[C@H]1O)[C@H](O)CCCCCCCCCCCCCCC,90659809
PTJWIQPHWPFNBW-GBNDHIKLSA-N,O=c1[nH]cc([C@@H]2O[C@H](CO)[C@@H](O)[C@H]2O)c(=O)[nH]1,15047
NYPYHUZRZVSYKL-ZETCQYMHSA-M,[NH3+][C@@H](Cc1cc(I)c([O-])c(I)c1)C(=O)[O-],28094582
OLQOVQTWRIJPRE-REOHCLBHSA-N,O=C(O)[C@@H](O)CS,9833951
BNYPSOBOWCDICB-UHFFFAOYSA-N,O=CNc1ccccc1C(=O)c1nccs1,10977329
RJGDLRCDCYRQOQ-UHFFFAOYSA-N,O=C1c2ccccc2Cc2ccccc21,7018
HIZISRIQSINMOY-UHFFFAOYSA-N,O=Nc1c(-c2ccccc2)nc2ncccn12,253924
HHKPKXCSHMJWCF-WVBDSBKLSA-N,C[C@](O)(C(=O)O)[C@H](CC(=O)O)C(=O)O,5459784
VVSLJOYXCCVDIR-UHFFFAOYSA-N,CC(=O)C1=C(O)C(Cc2c(O)c(C(C)=O)c(O)c3c2OC(C)(C)C=C3)=C(O)C(C)(CC=C(C)C)C1=O,132132
VCQPBSIAFYGMDJ-PKNBQFBNSA-N,O=C(O)/C=C/CCCCCCCCCCO,86289799
LJOZMWRYMKECFF-UHFFFAOYSA-N,O=C(Nc1ccccc1)c1ccccc1I,27195
VNWAFOIGZWHSSN-UHFFFAOYSA-N,CC1=CC(=O)C2(C)C(=O)C3=C(O)C(=O)C4=C(Oc5c(O)cc(C)cc5O4)C3(C)C12,70788958
JXDLWXZAEIQIQO-ADWYPQAOSA-N,COc1cc2c(cc1O)[C@H](c1cc(O)c(O)c(OC)c1)[C@@H](C)[C@@H](C)C2,53344596
BEOUGZFCUMNGOU-UHFFFAOYSA-N,CCCCCCCCC(C)CCCCCCCCC(=O)O,65037
HNSLELPGRITQOV-JTQLQIEISA-N,CSCCCCCCCC[C@@H](C(=O)O)N(O)O,123131571
NJKDOADNQSYQEV-UHFFFAOYSA-N,CN(C(=O)CO)c1c(I)c(C(=O)NCC(O)CO)c(I)c(C(=O)NCC(O)CO)c1I,3731
AXEUUXHMKSPQAI-YTJHIPEWSA-L,C=C1C[C@]23C[C@@]1(O)CC[C@H]2[C@]1(CO)CCC[C@@](C)(C(=O)[O-])[C@H]1[C@@H]3C(=O)[O-],25243940
WBHHMMIMDMUBKC-XFXZXTDPSA-M,CCCCCCC(O)C/C=C\CCCCCCCC(=O)[O-],46173162
FCRRXNPTDLSVEX-YEPSODPASA-N,CSCC[C@H](NC(C)=O)C(=O)N[C@H](C(=O)O)[C@@H](C)O,124202346
ZJPGOXWRFNKIQL-JYJNAYRXSA-N,N[C@@H](Cc1ccccc1)C(=O)N1CCC[C@H]1C(=O)N1CCC[C@H]1C(=O)O,10133081
OBKZXEICLJXEAO-KCGFPETGSA-N,Nc1ncnc2c1ccn2[C@@H]1O[C@H](COP(=O)(O)O)[C@@H](O)[C@H]1O,3080705
GUGNSJAORJLKGP-UHFFFAOYSA-K,COc1cc(S(=O)(=O)[O-])c2ccc3c(S(=O)(=O)[O-])cc(S(=O)(=O)[O-])c4ccc1c2c43.[Na+].[Na+].[Na+],2762661
JYTUSYBCFIZPBE-AMTLMPIISA-M,O=C([O-])[C@H](O)[C@@H](O)[C@H](O[C@@H]1O[C@H](CO)[C@H](O)[C@H](O)[C@H]1O)[C@H](O)CO,40479693
IERHLVCPSMICTF-XVFCMESISA-L,Nc1ccn([C@@H]2O[C@H](COP(=O)([O-])[O-])[C@@H](O)[C@H]2O)c(=O)n1,7058165
VUCKYGJSXHHQOJ-UHFFFAOYSA-N,O=C(O)C(O)(O)C(=O)O,68412
GINFBXXYGUODAT-UHFFFAOYSA-N,COc1nn(C(=O)NS(=O)(=O)c2ccccc2OC(F)(F)F)c(=O)n1C,3081367
ROHFNLRQFUQHCH-YFKPBYRVSA-O,CC(C)C[C@H]([NH3+])C(=O)O,5460900
PKPZITUQXLANSE-ZSCXKYTFSA-N,CO[C@H]1O[C@H](CO)[C@@H](O[C@@H]2O[C@H](CO)[C@H](O)[C@H](O)[C@H]2O)[C@H](O)[C@H]1NC(C)=O,21668362
JKPUWSZSJINVLB-VDOHSOROSA-N,CC/C=C\C[C@@H](O)/C=C/C=C\C/C=C\C/C=C\C=C\[C@@H](O)CCC(=O)O,11508774
WQZGKKKJIJFFOK-BSQWINAVSA-N,OC[C@@H]1O[C@H](O)[C@H](O)[C@H](O)[C@@H]1O,7043897
IQPNAANSBPBGFQ-UHFFFAOYSA-N,O=c1cc(-c2ccc(O)c(O)c2)oc2cc(O)cc(O)c12,5280445
DBVJJBKOTRCVKF-UHFFFAOYSA-L,CC(O)(P(=O)([O-])O)P(=O)([O-])O,5053503
GZOSMCIZMLWJML-VJLLXTKPSA-N,C[C@]12CC[C@H](O)CC1=CC[C@@H]1[C@@H]2CC[C@]2(C)C(c3cccnc3)=CC[C@@H]12,132971
RGJAZQRSYANVPX-UHFFFAOYSA-N,O=C(c1ccc(O)cc1)c1nc2ccccc2c(=O)[nH]1,136171438
FSVRNTKWAJDYID-RVFKALSBSA-N,CC(C)C(C)C(C)C[C@](C)(O)C1=CC[C@H]2[C@@H]3C[C@@H](O)[C@@]4(O)C[C@@H](O)CC[C@]4(C)[C@H]3CC[C@]12C,21576169
LMENXDIQSZMBBL-LBPRGKRZSA-N,NC(=O)C[C@H](N)C(=O)Nc1ccc2ccccc2c1,688379
DRHKJLXJIQTDTD-OAHLLOKOSA-O,CCOc1ccccc1OCC[NH2+][C@H](C)Cc1ccc(OC)c(S(N)(=O)=O)c1,36688118
JGSMDVGTXBPWIM-HKEUSBCWSA-N,N[C@H]1[C@@H](O[C@H]2[C@H](O)[C@@H](O)[C@H](N)C[C@@H]2N)O[C@H](CO)[C@@H](O)[C@@H]1O,439560
JYJCBJDZVMKEFV-VWLVURMCSA-N,CC(C)C[C@@H]1NC(=O)/C(=C/c2ccccc2)NC1=O,6865700
QCXJEYYXVJIFCE-UHFFFAOYSA-M,CC(=O)Nc1ccc(C(=O)[O-])cc1,6918889
NWTCYOAKBSTWBB-NWMOAKGTSA-N,CC(C)=CC(=O)/C=C(/C)CCC[C@@]1(C)Oc2c(c(=O)oc3cc(O)ccc23)[C@@H]1C,10250145
KPRHYAOSTOHNQA-SFHVADPASA-M,CC[C@H](O)/C=C/C=C\C/C=C\C/C=C\C=C\[C@@H](O)CCCC(=O)[O-],124202398
NDTSRXAMMQDVSW-UHFFFAOYSA-N,NS(=O)(=O)c1cc2c(cc1Cl)NC(CSCc1ccccc1)=NS2(=O)=O,2343
RKUNBYITZUJHSG-VFSICIBPSA-O,C[NH+]1[C@@H]2CC[C@H]1CC(OC(=O)[C@H](CO)c1ccccc1)C2,638022
QFEREDUWILIRPI-FOPXFMLJSA-N,C=C1/C(=C\C=C2/CCC[C@@]3(C)[C@H]2CC[C@@H]3[C@]2(C)C[C@@H](CC(C)(C)O)CO2)C[C@@H](O)C[C@@H]1O,49866383
YQIFAMYNGGOTFB-NJGYIYPDSA-N,Nc1nc2c(c(=O)[nH]1)N=C([C@H](O)[C@@H](O)CO)CN2,135874849
XKLMZUWKNUAPSZ-FQEVSTJZSA-N,COc1ccccc1OC[C@@H](O)CN1CCN(CC(=O)Nc2c(C)cccc2C)CC1,13560750
POJWUDADGALRAB-SFOWXEAESA-N,NC(=O)N[C@H]1NC(=O)NC1=O,439714
SGTUOBURCVMACZ-JQGBYENFSA-N,CCCCC/C=C\C[C@@H]1O[C@H]1/C=C/[C@@H](O)C/C=C\CCCC(=O)O,5283207
IPVCSECPEVHQOV-UHFFFAOYSA-N,Cc1cccc(C)c1N(Cn1cccn1)C(=O)CS(=O)(=O)O,86290102
DFUOJBWSSSODTR-UHFFFAOYSA-N,COc1cc(C(O)C(CO)c2ccc(O)c(OC)c2)ccc1O,6426042
DOQPXTMNIUCOSY-YCBFMBTMSA-N,COc1ccc(CCN(C)CCC[C@@](C#N)(c2ccc(OC)c(OC)c2)C(C)C)cc1OC.Cl,12249889
ZDYYWMSLMLTXDM-UHFFFAOYSA-N,O=P(O)(OCCC(F)(F)C(F)(F)C(F)(F)C(F)(F)C(F)(F)C(F)(F)F)OCCC(F)(F)C(F)(F)C(F)(F)C(F)(F)C(F)(F)C(F)(F)F,14550408
KWYNDVHEQWYGIL-KHOSGYARSA-N,C[C@]12CC[C@@H](O)C[C@@H]1CC[C@@H]1[C@@H]2CC[C@]2(C)[C@@H](OS(=O)(=O)O)CC[C@@H]12,74765134
OSICWVVWEXKSBD-LFAYTRTRSA-O,C=CC(C)(C)c1[nH]c2cccc3c2c1C[C@@H]1[C@@H]3[C@@H](OC(C)=O)[C@@H](C)C[NH+]1C,70678782
BUJZTFINDCQRGP-MUODBDBBSA-L,CC(=O)N[C@@H]1[C@@H](O[C@@H]2OC(C(=O)[O-])=C[C@H](O)[C@H]2O)[C@@H](O)[C@@H](COS(=O)(=O)[O-])O[C@H]1O,46926245
QBKMWMZYHZILHF-UHFFFAOYSA-L,CN1/C(=C/c2cc[n+](CCC[N+](C)(C)C)cc2)Oc2ccccc21.[I-].[I-],10231869
RYDIUEJGEAUJAI-OOMJLXHVSA-N,COc1cccc(C/C(=N/OS(=O)(=O)O)S[C@@H]2O[C@H](CO)[C@@H](O)[C@H](O)[C@H]2O)c1,20843359
JSUSGWOUEVOMBB-UHFFFAOYSA-O,CCN1CCCc2cc3c(cc21)Oc1cc2c(cc1=C3c1ccc(C(=O)O)cc1C(=O)O)CCC[N+]=2CC,25164072
WMUMZOAFCDOTRW-OVEHVULHSA-N,C[C@H](CCC(=O)O)[C@H]1CC[C@H]2[C@@H]3CC[C@@H]4CC(=O)CC[C@]4(C)[C@H]3C[C@H](O)[C@]12C,160738
PECXANWMSPKDGB-XROMHLQASA-N,C[C@@H]1O[C@@H](OCCCC/C=C/C(=O)O)[C@H](O)C[C@H]1O,86289770
CDSMSBUVCWHORP-UHFFFAOYSA-N,C=C(C)C1CC=C(C(=O)O)CC1,1256
PBGNCXUOHDYVFH-GJUDBQLJSA-M,CCCCCC/C=C\CCCCCCCCCCCCC#C[C@@H](OS(=O)(=O)[O-])C(=O)O.[Na+],23672150
XWYXUMDVQIOAPR-UWVGGRQHSA-N,CC(C)C[C@@H]1NC(=O)[C@H](CC(C)C)NC1=O,192731
AHJKRLASYNVKDZ-UHFFFAOYSA-N,Clc1ccc(C(c2ccc(Cl)cc2)C(Cl)Cl)cc1,6294
KGIJOOYOSFUGPC-JGKLHWIESA-M,CCCCC/C=C\C/C=C\C/C=C\C=C\[C@@H](O)CCCC(=O)[O-],20849157
UEJJHQNACJXSKW-VIFPVBQESA-N,O=C1CC[C@H](N2C(=O)c3ccccc3C2=O)C(=O)N1,92142
VFRROHXSMXFLSN-KCDKBNATSA-N,O=C[C@H](O)[C@@H](O)[C@@H](O)[C@H](O)COP(=O)(O)O,3034794
NPJDYKPLWLEWOS-KTSAFCHVSA-N,CCCCCCCCCCCCCCCCCCCCCCCCCC(=O)N[C@@H](CO)[C@H](O)/C=C/CCCCCCCCCC(C)C,70680374
UYYDRBKHPQBWOH-UHFFFAOYSA-M,NC(N)=[NH+]CCCCNP(=O)([O-])[O-],25203713
RPJZYOHZALDGKI-DIPNUNPCSA-N,CCCCCCCCCCCCCCCCCC(=O)O[C@H](COC(=O)CCCCCCCCCCCCCCC)COP(=O)([O-])OCC[NH3+],71306341
ZZNZVGLAJBOMHN-GJMRQECBSA-N,CCCCCCCCCCCCCCCCCCCCCC(O)C(=O)N[C@@H](COP(=O)([O-])OCC[N+](C)(C)C)[C@H](O)[C@H](O)CCCCCCCCCCC(C)C,70679108
ZQPPMHVWECSIRJ-KTKRTIGZSA-N,CCCCCCCC/C=C\CCCCCCCC(=O)O,445639
ZJCMSTGEFBOMJO-UHFFFAOYSA-M,Cc1cc(O)c2c([O-])c3c(O)cc(=O)cc3cc2o1,145864723
RTHCYVBBDHJXIQ-UHFFFAOYSA-N,CNCCC(Oc1ccc(C(F)(F)F)cc1)c1ccccc1,3386
AIFRHYZBTHREPW-UHFFFAOYSA-N,c1ccc2c(c1)[nH]c1cnccc12,64961
LVRFTAZAXQPQHI-UHFFFAOYSA-N,CC(C)CC(O)C(=O)O,92779
PBLLFERESQOVTJ-ZETCQYMHSA-N,CSCCCCC[C@@H](C(=O)O)N(O)O,90657417
WNZWXVOIYRJRSM-UHFFFAOYSA-N,COC1=CC2(C)OC(=O)c3c(O)cc(OC)cc3C2=C(O)C1=O,56684113
UZHSEJADLWPNLE-GRGSLBFTSA-O,C=CC[NH+]1CC[C@]23c4c5ccc(O)c4O[C@H]2C(=O)CC[C@@]3(O)[C@H]1C5,15940186
TXUZVZSFRXZGTL-QPLCGJKRSA-N,CC/C(=C(\c1ccc(O)cc1)c1ccc(OCCN(C)C)cc1)c1ccccc1,449459
FXXWDCNDGPHMNA-FUHDGFEASA-N,NC(N)=N[C@H]1[C@H](O)[C@@H](O)[C@H](O)[C@@H](N)[C@@H]1O,5459885
IFBHRQDFSNCLOZ-IIRVCBMXSA-N,O=[N+]([O-])c1ccc(O[C@H]2O[C@H](CO)[C@H](O)[C@H](O)[C@H]2O)cc1,82000
BPHJCXVZYVVFBT-UHFFFAOYSA-N,CCCCCCCCCC(C)CCC,117325
FBZANXDWQAVSTQ-UHFFFAOYSA-N,C[Si](C)(C)O[Si](C)(C)O[Si](C)(C)O[Si](C)(C)O[Si](C)(C)C,8853
REKYPYSUBKSCAT-UHFFFAOYSA-N,CCC(O)CC(=O)O,107802
SLUFHMQYBPOTFZ-LKRGOLFISA-N,[C-]#[N+][C@@H]1[C@H]2c3c[nH]c4cccc(c34)C(C)(C)[C@@H]2CC[C@]1(C)C=C,21671525
XMIIGOLPHOKFCH-UHFFFAOYSA-N,O=C(O)CCc1ccccc1,107
VGVDLJNNDOFWKT-JEUROIALSA-N,O=C(OC[C@H]1O[C@@H](O)[C@H](O)[C@@H](O)[C@@H]1O)c1cc(O)c(O)c(O)c1,5317463
GARJYNYOLGHMOP-GONZANLZSA-N,CCCCC[C@@H](/C=C/[C@@H]1[C@@H](C/C=C\CCCC(=O)O[C@H](CO)COP(=O)([O-])OCC[NH3+])[C@@H]2C[C@H]1OO2)OO,129626792
HGMDNMBBCKDWTQ-UHFFFAOYSA-N,NC(N)=NCCCCN=C(N)N,2227
UQBVZXWTTVTCGO-ZIAGYGMSSA-N,C[C@@H](O)CCCCCCCCCC[C@@H](O)CC(=O)O,86289835
LENZDBCJOHFCAS-UHFFFAOYSA-O,[NH3+]C(CO)(CO)CO,3777159
AQLYZDRHNHZHIS-UHFFFAOYSA-N,O=c1ccc2cc(O)ccc2[nH]1,177065
FNKQXYHWGSIFBK-RPDRRWSUSA-N,C[C@H](O)[C@H](O)[C@H]1CNc2nc(N)[nH]c(=O)c2N1,135398654
QRHHXPIYYXPEMG-UHFFFAOYSA-M,O=S(=O)([O-])Oc1ccc2cc[nH]c2c1,122198197
DWJAIICQNIMPBS-UHFFFAOYSA-N,CC(O)CCCCCCC1OC1CCCCCCCC(=O)O,86031027
QAJSFWNJRLTBCG-UHFFFAOYSA-M,O=C([O-])c1ccc(O)[nH]1,135527507
OBWASQILIWPZMG-QZMOQZSNSA-N,OC[C@H]1O[C@@H](c2ccc(Cl)c(Cc3ccc(O[C@H]4CCOC4)cc3)c2)[C@H](O)[C@@H](O)[C@@H]1O,11949646
STUSTWKEFDQFFZ-UHFFFAOYSA-N,Cc1cc(Cl)ccc1N=CN(C)C,22544
VCMMXZQDRFWYSE-UHFFFAOYSA-N,CC1=CC(=O)c2c(O)cccc2C1=O,10205
VJNCICVKUHKIIV-LURJTMIESA-M,O=C1C=C2C[C@@H](C(=O)[O-])NC2=CC1=O,46173181
SUYVUBYJARFZHO-RRKCRQDMSA-K,Nc1ncnc2c1ncn2[C@H]1C[C@H](O)[C@@H](COP(=O)([O-])OP(=O)([O-])OP(=O)([O-])O)O1,25244444
XHMJOUIAFHJHBW-UKFBFLRUSA-N,N[C@@H]1[C@@H](O)[C@H](O)[C@@H](COP(=O)(O)O)O[C@@H]1O,439217
XHGXNCJQYFUJOZ-UHFFFAOYSA-N,COc1c(C(O)CC(C)C)ccc(O)c1C(=O)c1c(O)cc(C)cc1C1OC(=O)c2c(ccc(C(CC(C)C)OC(C)=O)c2OC)Oc2c(O)cc(C)cc2C1O,11765791
GMIAWATVTRICKZ-XTEJYZFTSA-N,OC[C@H]1O[C@@H](O)[C@H](O)[C@@H](O)[C@@H]1O[C@@H]1OC[C@H](O)[C@H](O)[C@H]1O,91852545
PPWBRCCBKOWDNB-UHFFFAOYSA-N,COc1cc(OC)nc(NC(=O)NS(=O)(=O)Cc2ccccc2C(=O)O)n1,107828
AVOLMBLBETYQHX-UHFFFAOYSA-N,C=C(CC)C(=O)c1ccc(OCC(=O)O)c(Cl)c1Cl,3278
UZVHFVZFNXBMQJ-UHFFFAOYSA-N,C=CCC1(CC(C)C)C(=O)NC(=O)NC1=O,2481
RPSLZGPKLQLZGH-UHFFFAOYSA-N,COc1c(O)c2c(c(C)c1C(=O)C=C(C)C)Oc1c(C=O)c(O)cc(C)c1C(=O)O2,50200
PECYZEOJVXMISF-UWTATZPHSA-N,NC[C@@H](N)C(=O)O,638152
FNEVPPRBJBZTAF-MDSCUQPFSA-I,Nc1ncnc2c1ncn2[C@@H]1O[C@H](COP(=O)([O-])OP(=O)([O-])OCC(OP(=O)([O-])[O-])C(=O)[O-])[C@@H](O)[C@H]1O,25201089
PRRZDZJYSJLDBS-UHFFFAOYSA-N,O=C(O)C(=O)CBr,70684
GXJSAHXNLJFDPO-OFXNJDNMSA-N,C/C=C/c1ccc2c(c1)[C@H](C)[C@@H](c1ccc(O)cc1)O2,6474521
CZRCFAOMWRAFIC-UHFFFAOYSA-N,CCCCCCCCCCCCCCOc1ccc(C(=O)O)o1,115175
XHFVGHPGDLDEQO-ZETCQYMHSA-K,CC(C)(COP(=O)([O-])[O-])[C@@H](O)C(=O)NCCC(=O)[O-],16755653
FQWLMRXWKZGLFI-PAKBJIOWSA-N,Oc1ccc(/C=C/c2cc(O)cc3c2[C@H](c2cc(O)cc(O)c2)[C@H](c2ccc(O)cc2)O3)cc1,5315234
ZNYQSCCJIAFAQX-LIQXALPGSA-N,CC(=O)N[C@H]1[C@H](OC[C@H]2OC(O)[C@H](NC(C)=O)[C@@H](O)[C@@H]2O)O[C@H](CO)[C@@H](O)[C@@H]1O,10895153
AAEVYOVXGOFMJO-UHFFFAOYSA-N,CSc1nc(NC(C)C)nc(NC(C)C)n1,4929
DMQFGLHRDFQKNR-VIFPVBQESA-N,N[C@@H](Cc1c[nH]c2c(Cl)cccc12)C(=O)O,3081936
LJLCFQKDCDGSSK-QYAMTVPHSA-N,CN[C@@H]1C(=O)C(C(N)=O)=C(O)[C@@]2(O)C(=O)c3c(c(C)c4cccc(O)c4c3O)C[C@@H]12,122198285
RBXXJOPBVLMRSZ-RTWAWAEBSA-M,CCCCCCCCCCCCCCCCC(=O)OC[C@@H](O)COP(=O)([O-])OC[C@H]([NH3+])C(=O)[O-],86583411
QMGVPVSNSZLJIA-FVWCLLPLSA-N,O=C1C[C@@H]2OCC=C3CN4CC[C@]56c7ccccc7N1[C@H]5[C@H]2[C@H]3C[C@H]46,441071
RITKHVBHSGLULN-WHFBIAKZSA-M,[NH3+][C@@H](CCC(=O)N[C@@H](CS)C(=O)[O-])C(=O)[O-],7059430
MPPPWHFHPXCSEX-UHFFFAOYSA-O,C[N+]1(Cc2ccc(C(=O)NCCO)cc2)CCCC(NC(=O)CCCC(=O)O)C1,70678822
ZJZLUQLCVQGASB-QNEBEIHSSA-N,CC/C=C\C/C=C\C/C=C\CCCCCC(O)CC(=O)OC(CC(=O)[O-])C[N+](C)(C)C,71464505
VZSTVUJXUYNIOQ-UHFFFAOYSA-N,N#CCCC(N)C(=O)O,440770
WURDLURTNDQONP-WQGNMAKJSA-N,C=C(CC[C@@H](C)[C@H]1CC[C@H]2[C@@H]3CCc4cc(O)ccc4[C@H]3CC[C@]12C)C(C)C,51041306
YUVKUEAFAVKILW-SECBINFHSA-N,C[C@@H](Oc1ccc(Oc2ccc(C(F)(F)F)cn2)cc1)C(=O)O,91733
CSHWQDPOILHKBI-UHFFFAOYSA-N,c1cc2cccc3c4cccc5cccc(c(c1)c23)c54,9142
SNICXCGAKADSCV-UHFFFAOYSA-N,CN1CCCC1c1cccnc1,942
UOBYKYZJUGYBDK-UHFFFAOYSA-M,O=C([O-])c1ccc2ccccc2c1,4398214
JBCLFWXMTIKCCB-VIFPVBQESA-N,[NH3+]CC(=O)N[C@@H](Cc1ccccc1)C(=O)[O-],1549344
AWYFNIZYMPNGAI-UHFFFAOYSA-N,S=C(S)NCCNC(=S)S,3000605
UNQFHHAPQIDJED-AZZBFNOKSA-N,CCCCCC(C)C[C@H]1CO[C@H](c2ccc[nH]2)N[C@@H]1C(=O)OC,70697847
BNQDCRGUHNALGH-UHFFFAOYSA-N,NC(CO)C(=O)NNCc1ccc(O)c(O)c1O,2327
IZWBODJDDBCDFA-DXEZAUPJSA-N,CC1(C)CC[C@]2(C(=O)O)CC[C@]3(C)C(=CC[C@@H]4[C@@]5(C)C(=O)C[C@H](O)C(C)(C)[C@@H]5CC[C@]43C)[C@@H]2C1,14489125
FSVCELGFZIQNCK-UHFFFAOYSA-N,O=C([O-])C[NH+](CCO)CCO,5256512
YERBBVNYIKLXDM-UHFFFAOYSA-N,CC=[N+]([O-])[O-],5748355
STVPTNMFKNDFLX-UHFFFAOYSA-N,CC(=O)Cc1cc(O)cc(=O)o1,54688211
TXCDCPKCNAJMEE-UHFFFAOYSA-N,c1ccc2c(c1)oc1ccccc12,568
WJJMNDUMQPNECX-UHFFFAOYSA-M,O=C([O-])c1cccc(C(=O)O)n1,16755635
VBFJJMPOYIKNHB-UHFFFAOYSA-N,CC(C)=CCC1=CC(=O)C(C)=C(C)C1=O,10219885
QXKAIJAYHKCRRA-YVZJFKFKSA-N,O=C(O)[C@H](O)[C@@H](O)[C@@H](O)CO,6602426
UCQHFDKBUHCAFR-ILXRZTDVSA-N,CC(C)=CCC[C@@H](C)[C@@]12CC=C(C)[C@@H]1C2,56927990
ADBLJUDPXDJMMK-UHFFFAOYSA-N,COc1cc(OC)cc(-c2cc(=O)c3c(OC)c(OC)c(OC)c(OC)c3o2)c1,251114
VEYYWZRYIYDQJM-ZETCQYMHSA-N,CC(=O)N[C@@H](CCCC[NH3+])C(=O)[O-],6992697
YUVSLMOWLXLZEG-UHFFFAOYSA-N,CSCCCCCCCCC(NO)C(=O)O,25010741
WMRLNPAAXAUOIO-BGJNVIQHSA-N,C[C@H]1C(=O)O[C@@H]2C[C@](C)(O)[C@@H](O)C[C@@H]21,14336593
HXNXOCMXGPJNFZ-UHFFFAOYSA-N,CCCCCCCCCC(C)CCCC(=O)C1=C(O)C(C)N(C)C1=O,54720038
FKDGKTNDRAXENR-UHFFFAOYSA-L,CC1=CC(=C(c2ccc(N)c(S(=O)(=O)[O-])c2)c2ccc(N)c(S(=O)(=O)[O-])c2)C=C(S(=O)(=O)[O-])C1=[NH2+],3944817
YOXPELHHBZBLIC-UHFFFAOYSA-M,CCCCCCCCCNS(=O)(=O)[O-],24796780
MADRIHWFJGRSBP-ROUUACIJSA-N,O=C(O)CN1C(=O)[C@@H](N[C@@H](CCc2ccccc2)C(=O)O)CCc2ccccc21,5463984
VLPIATFUUWWMKC-UHFFFAOYSA-N,Cc1cccc(C)c1OCC(C)N,4178
QZENCFIHIPLZMU-UHFFFAOYSA-N,NC(=O)CC1OC(=O)Cc2cc3c(c(O)c21)C(=O)c1c(O)cccc1C3=O,100036
MCSMMGJCXCBSKD-XCHVDQMNSA-N,CC1(C)CC[C@]2(C)CC[C@]3(C)C4=C(CC[C@@]3(C)[C@@H]2C1)[C@@]1(C)CC[C@H](O)C(C)(C)[C@@H]1CC4,11876210
QZULXZYUVCCXJM-UHFFFAOYSA-N,CCCCCCC(CCCCCCCCCCC(=O)O)OP(=O)(O)O,87990637
HGLNJXVDQPBAOO-SJORKVTESA-N,CC(C)[C@@H]1NC(=O)[C@@H](Cc2ccccc2)n2c1nc1c(c2=O)C=CC=CO1,53355698
CWKLZLBVOJRSOM-UHFFFAOYSA-N,COC(=O)C(C)=O,11748
GMICVRNSOOSANN-ZDUSSCGKSA-N,OC1=C(c2ccc(O)cc2)Oc2cc(O)cc(O)c2[C@@H]1O,126961227
HZKNKWPYIHKKKL-USYZEHPZSA-N,CCCCCCCCCCCCCCCCCCCCCCCC(=O)O[C@H](COC(=O)CCCCCCCCCCCCC)COP(=O)([O-])OCC[N+](C)(C)C,24778642
DCTOHCCUXLBQMS-UHFFFAOYSA-N,C=CCCCCCCCCC,13190
GPRBEKHLDVQUJE-QSWIMTSFSA-M,CO/N=C(\C(=O)N[C@@H]1C(=O)N2C(C(=O)[O-])=C(COC(C)=O)CS[C@H]12)c1csc(N)n1,9777579
FNAZRRHPUDJQCJ-UHFFFAOYSA-N,CCCCCCCCCCCCCCCCCCCCC,12403
QWOUVGWCGKEVEB-NEVPTXAHSA-N,CC/C=C\C/C=C\C[C@H](O)\C=C/C=C/C=C/[C@H](O)CCCCCC(=O)O,132472313
NPTTZSYLTYJCPR-HRFVKAFMSA-N,O=C(O)[C@@H](O)C(O)[C@H](O)C(=O)O,1549302
UWZMUJQZEJOLID-QZNUWAOFSA-N,CCCCCCCCCCCCCCCCCCCCCC(=O)O[C@H](COCCCCCCCCCCCCCCCCCC)COP(=O)([O-])OCC[N+](C)(C)C,24779336
WUWFMDMBOJLQIV-UHFFFAOYSA-N,NC1CCN(c2nc3c(cc2F)c(=O)c(C(=O)O)cn3-c2ccc(F)cc2F)C1,5517
SPCXZDDGSGTVAW-HVTMNAMFSA-N,CC1=C2[C@@H](CC1)[C@@H](C)CC[C@H]1[C@@H]2C1(C)C,15560275
QZZGJDVWLFXDLK-UHFFFAOYSA-N,CCCCCCCCCCCCCCCCCCCCCCCC(=O)O,11197
PZGLXPVJRAJRPD-QGTBWRAMSA-N,CCCCCCC/C=C/C(CCCCCCCC(=O)O[C@H](COC(=O)CCCCCCCCCCCCCCC)COP(=O)([O-])OCC[N+](C)(C)C)OO,86583339
ANNKVZSFQJGVDY-XUXIUFHCSA-N,CC(C)[C@H](NC(=O)[C@H](C)N)C(=O)N1CCC[C@H]1C(=O)N1CCC[C@H]1C(=O)O,71464605
GYSDUVRPSWKYDJ-SFHVURJKSA-N,CC(C)=CCOc1ccc([C@@H]2CC(=O)c3c(O)cc(O)cc3O2)cc1,71586977
PJKKQFAEFWCNAQ-UHFFFAOYSA-N,CNc1ccnc(=O)[nH]1,122004
WSFQKSIBZODGPB-RWWNVWANSA-N,CC[C@H](C)[C@H](NC(=O)[C@@H](N)CNC(=O)/C=C/C(N)=O)C(=O)O,45379388
NQPDZGIKBAWPEJ-UHFFFAOYSA-M,CCCCC(=O)[O-],114781
GACSIVHAIFQKTC-UPHRSURJSA-N,O=C(O)/C=C\C(=O)CC(=O)CC(=O)O,5280393
YYSFWGQAKJTHRE-MEOKJUQFSA-N,CCCCCCCC/C=C\CCCCCCCCCC(=O)OC[C@@H](O)COP(=O)([O-])OCC[N+](C)(C)C,52924051
QAWIHIJWNYOLBE-OKKQSCSOSA-N,N[C@H](C(=O)O)[C@@H]1CC(Cl)=NO1,294641
UKAUYVFTDYCKQA-VKHMYHEASA-N,N[C@@H](CCO)C(=O)O,12647
SZKQYDBPUCZLRX-UHFFFAOYSA-N,CCN(CC)CCOC(=O)c1ccc(N)cc1Cl.Cl,441348
DCTLYFZHFGENCW-UUOKFMHZSA-L,O=c1[nH]c(=O)c2ncn([C@@H]3O[C@H](COP(=O)([O-])[O-])[C@@H](O)[C@H]3O)c2[nH]1,23421208
TWOCGGYLNFTSJO-MOPGFXCFSA-M,CCCCCCCC(=O)OC[C@H](COP(=O)([O-])OC[C@H]([NH3+])C(=O)[O-])OC(=O)CCCCCCC,70678704
MRAUNPAHJZDYCK-BYPYZUCNSA-N,NC(=NCCC[C@H](N)C(=O)O)N[N+](=O)[O-],440005
SPJQBGGHUDNAIC-UHFFFAOYSA-N,COC(=O)c1cc(Cl)ccc1Cl,17947
ZOOLJLSXNRZLDH-GDCKJWNLSA-L,CCCCCCCC/C=C\CCCCCCCC(=O)O[C@H](CO)COP(=O)([O-])[O-],86289282
CMRDSXPYXCUXMI-VJUOEERUSA-M,CCCCCCCCCCCCCCCC(=O)OP(=O)([O-])OC[C@H]1O[C@@H](n2cnc3c(N)ncnc32)[C@H](O)[C@@H]1O,86290189
ILRVASBWNRYBFD-UHFFFAOYSA-K,O.O.O.O.O.O.O=C([O-])P(=O)([O-])[O-].[Na+].[Na+].[Na+],169569
AZXGXVQWEUFULR-UHFFFAOYSA-N,O=C(O)c1ccccc1-c1c2cc(Br)c(=O)c(Br)c-2oc2c(Br)c(O)c(Br)cc12,11049
ZESJDNWGTANZCC-LFVSMIGWSA-N,CCCCCCCCCCCCCCCCCCCCCCCC(=O)N[C@@H](CO)[C@H](O)[C@H](O)CCCCCCCCCCCCCC,10462091
GRFNBEZIAWKNCO-UHFFFAOYSA-N,Oc1cccnc1,7971
ZVVIVHWMFKRBSY-UHFFFAOYSA-N,CC(C)CCCCCCCCCCCCCCCCCCCCCCCCCO,85904018
HKJBUPVMFYBSHI-PYCFMQQDSA-N,CCCCCCCC/C=C\CCCCCCCC(=O)OCCCCCCCCCCCCCCCCCCCC,6436542
VFLUXFSSKVKHEL-PHZJKCIESA-N,C[C@@H]1O[C@@H](O)[C@@H](O)[C@H](O)[C@@H]1O[C@H]1O[C@H](CO)[C@H](O)[C@H](O)[C@H]1O,91845600
FRACPXUHUTXLCX-BELIEFIBSA-N,CC(C)(C)OC(=O)Nc1cccn([C@@H](CC2CC2)C(=O)N[C@@H](C[C@@H]2CCNC2=O)[C@@H](O)C(=O)NCc2ccccc2)c1=O,146018708
NHJUPBDCSOGIKX-VGPGGAHRSA-N,OCC(O)CO[C@@H]1O[C@H](CO)[C@H](O)[C@H](O)[C@H]1O,656504
TXKSEEXWAGLOIY-UHFFFAOYSA-N,CCOc1ccc(S(=O)(=O)N2CCN(C)CC2)cc1C(=O)O,12134865
RNQMHXMGXVQRMV-UHFFFAOYSA-J,C=CC1=C(C)c2cc3[n-]c(cc4nc(cc5[n-]c(cc1n2)c(C)c5CCC(=O)[O-])C(CCC(=O)[O-])=C4C)c(C)c3C=C.[Fe],53356674
HKMIVRINPALWDY-ZDUSSCGKSA-M,CC(C)(S)[C@@H](N=Cc1nc(Cc2ccccc2)oc1O)C(=O)[O-],136181836
BIOJTMVLNXQLNJ-RAJLFYKPSA-N,CCCCCCCCCCCC(=O)OC[C@@H](CO[C@@H]1O[C@H](CO)[C@H](O)[C@H](O)[C@H]1O)OC(=O)CCCCCCCCCCC,92136182
IZFHEQBZOYJLPK-SSDOTTSWSA-N,O=C(O)CCCC[C@@H](S)CCS,9834298
ZOOGRGPOEVQQDX-UUOKFMHZSA-M,Nc1nc2c(ncn2[C@@H]2O[C@@H]3COP(=O)([O-])O[C@H]3[C@H]2O)c(=O)[nH]1,135398569
SXGZJKUKBWWHRA-UHFFFAOYSA-N,O=S(=O)(O)CCN1CCOCC1,78165
XHOLNRLADUSQLD-UHFFFAOYSA-N,COc1ccc(NC(=O)c2ccc(C(=N)N(C)C)cc2)c(C(=O)Nc2ccc(Cl)cn2)c1,10275777
LOQLCDSOIWKPER-IFSQWNLZSA-N,CCCCCCCCCCCCCCCCCCCCCCCCCC(=O)N[C@@H](CO)[C@H](O)/C=C/CCCCCCCCC(C)CC,118797950
VMIFHEUVQQHIOK-UHFFFAOYSA-N,CNCCc1c(OC)c(OC)c(OC)c2c1ccc1cc(OC)c(OC)cc12,10430190
IQXXEPZFOOTTBA-UHFFFAOYSA-N,c1ccc(CN2CCNCC2)cc1,75994
JQBYGLLYFPDQJA-NVJHKYEUSA-N,C[C@H](CCCCCCCCCCCCCC/C=C/C(=O)O)O[C@@H]1O[C@@H](C)[C@H](O)C[C@H]1O,86289704
RZASAXUUSBSHRF-YFKPBYRVSA-O,C[N+](CCC[C@H]([NH3+])C(=O)[O-])=C(N)NO,139036294
OIPSJKHEYTWZBQ-UHFFFAOYSA-N,COC(=O)C(Cc1ccc([N+](=O)[O-])cc1)NC(=O)OC(C)(C)C,14054107
KCPPASJQWABQQM-XLJNEENLSA-N,C=C1C[C@@]23C=CC(=O)[C@@](C)(CCC(=O)Nc4c(O)ccc(C(=O)O)c4O)[C@@H]2C[C@@H]1C[C@H]3O,44608010
UAIXRPCCYXNJMQ-RZIPZOSSSA-N,CO[C@]12CC[C@@]3(C[C@@H]1[C@](C)(O)C(C)(C)C)[C@H]1Cc4ccc(O)c5c4[C@@]3(CC[NH+]1CC1CC1)[C@H]2O5.[Cl-],45265653
SQEKYOLLXDEHLF-LJFNSOSFSA-N,CC(O)/C=C\C/C=C\C/C=C\C/C=C\C/C=C\CCCC(=O)O,72551575
IZFGRAGOVZCUFB-HJWRWDBZSA-N,CCCCCC/C=C\CCCCCCCC(=O)OC,643801
TVDHQFWAJSGJQN-KBONVYKJSA-N,CCCCCCCCCCCCCCCCCCCCCCCC(=O)N[C@@H](CO)[C@H](O)/C=C/CCCCCCCCCC(C)C,70680370
LDVCZYSUILUYKN-OSLFFFSGSA-M,CC/C=C\CC(O)C(O)/C=C/C=CC=CC=CC(O)CCCCCC(=O)[O-],132472357
ITPHOIFCAFNCLL-LVIVMJSQSA-N,O=P(O)(O)OC[C@H]1O[C@@H](O[C@H]2[C@H](O)[C@H](O)[C@@H](O)O[C@@H]2CO)[C@H](O)[C@@H](O)[C@H]1O,46224574
KWNDLWPKCDMGTN-UHFFFAOYSA-N,CC1(C)N([O])C(c2ccc(C(=O)O)cc2)=[N+]([O-])C1(C)C,2733503
PRYXPGFZVGZNBL-HEFCMCLBSA-N,CC(C)c1cc2c(cc1O)[C@@]1(C)C[C@H](O)CC(C)(C)[C@@H]1CC2,70698273
PJKSIBQLLLINDT-UHFFFAOYSA-N,C=CC(C)(C)c1c(O)cc(O)c2c(=O)c3c(oc12)C=C(O)C(=O)C3(CC=C(C)C)CC=C(C)C,135923532
FFEARJCKVFRZRR-BYPYZUCNSA-O,CSCC[C@H]([NH3+])C(=O)O,5460891
POKADFGKQLIDGO-HSUXUTPPSA-N,C[C@@H]1COC(=O)[C@H]1[C@@H](C)O,25154885
SVHUWZOIWWJJJM-BYPYZUCNSA-N,CC[C@H](N)C(=O)NCC(=O)O,7019936
BTNNPSLJPBRMLZ-LGMDPLHJSA-N,C/C(=C(\CCOP(=O)(O)O)SC(=O)c1ccccc1)N(C=O)Cc1cnc(C)nc1N,3032771
GCZRCCHPLVMMJE-RLZWZWKOSA-N,CCCCC/C=C\C=C\C(O)C/C=C\C/C=C\CCCC(=O)O,14123410
ACIJGUBIMXQCMF-BYPYZUCNSA-M,[NH3+][C@@H](CCC(=O)NCC(=O)[O-])C(=O)[O-],6992507
QXSXQQLHDLQYNB-LKFPOFNCSA-N,CCCCCCCCCCCCCCCCCCCCCCCCCCCC(=O)N[C@@H](CO)[C@H](O)[C@H](O)CCCCCCCCCCC(C)C,71581181
VZTUIEROBZXUFA-UHFFFAOYSA-N,COc1ccc2c(c1OC)CN1CCc3cc4c(cc3C1C2)OCO4,34458
DIRFUJHNVNOBMY-UHFFFAOYSA-N,CCC(C)c1ccccc1OC(=O)NC,19588
ROHDXJUFQVRDAV-UWVGGRQHSA-N,N[C@@H](Cc1ccccc1)C(=O)N[C@@H](CO)C(=O)O,193508
MNLRQHMNZILYPY-MKFCKLDKSA-N,CC(=O)N[C@H]1C(O)O[C@H](CO)[C@@H](O)[C@@H]1O[C@H](C)C(=O)O,5462244
BLGPPSRDEKNCLT-CDWXYHGHSA-N,C[C@@H]1CC[C@H](O)[C@@]2(C)CC[C@@H]3[C@H]([C@H]12)C3(C)C,56927933
MOQVEROLCMDDKC-KRWDZBQOSA-M,CCCCCCCCCCCCCCCC(=O)N[C@@H](O)C(=O)[O-],135563681
BDUIIKXSXFDPEC-LWKDLAHASA-N,O=C(O)[C@@H](O)C(=O)[C@H](O)[C@@H](O)COP(=O)(O)O,11954078
CJXMVKYNVIGQBS-OWOJBTEDSA-N,O=C/C=C/c1ccc(O)cc1,641301
DKQZZKSBRCTCQU-QFIPXVFZSA-N,O=C(O)CCCC(=O)N[C@H](Cc1ccccc1)P(=O)(O)OCC(=O)NCCc1ccccc1,447154
GSXOAOHZAIYLCY-PBXRRBTRSA-N,O=C(CO)[C@@H](O)[C@@H](O)[C@H](O)COP(=O)(O)O,5459952
BZQFBWGGLXLEPQ-UHFFFAOYSA-L,[NH3+]C(COP(=O)([O-])[O-])C(=O)[O-],5247361
ZRWPUFFVAOMMNM-UHFFFAOYSA-N,O=C1C=C2C(=CCOC2O)O1,4696
JIRJLWLQLDLWSW-XNDBBLGPSA-N,C[C@@H]1CC[C@H]2[C@]13CC[C@@]1(C)O[C@]2(C)[C@@H](NCCCCN(C)CCCN(C)C)[C@H]1C3,11090783
ABBKOIZWGCVCKE-UHFFFAOYSA-N,CC(C)c1ccc(NC(N)=O)cc1,185831
UURAUHCOJAIIRQ-QGLSALSOSA-N,C=C[C@]1(C)C[C@@H](OC(=O)CSCCN(CC)CC)[C@]2(C)[C@H](C)CC[C@]3(CCC(=O)[C@H]32)[C@@H](C)[C@@H]1O,656958
RECNHCLFPNYLCU-HNQUOIGGSA-N,Oc1ccc(/C=C/CCC(O)CCc2ccc(O)c(O)c2)cc1,70698198
NNZVKPZICXRDJI-UHFFFAOYSA-N,CCCCCCCCCCCCCCCCCCCCCCCCCCCCCCCC=O,185893
XTTZERNUQAFMOF-QMMMGPOBSA-O,C[C@H]1C[NH2+]CCc2ccc(Cl)cc21,40638120
MYHSVHWQEVDFQT-AUYZFIFFSA-N,C=C[C@@H](O)CC(=NOS(=O)(=O)O)S[C@@H]1O[C@H](CO)[C@@H](O)[C@H](O)[C@H]1O,3035040
KOUJZPGFPGLHCZ-IYOUNJFTSA-N,Cc1cc2c3c(c1C)C(C)(C)CC=[N+]3c1c(nc([O-])[nH]c1=O)N2C[C@H](O)[C@H](O)[C@H](O)COP(=O)(O)O,136661908
PWWCDTYUYPOAIU-DHZHZOJOSA-N,O=C(/C=C/c1ccc(O)cc1)c1ccccc1,5282361
SBCIXDBITAKZCS-SQOUGZDYSA-N,O=C(O)[C@H](O)[C@@H](O)[C@H](O)[C@H](O)CS(=O)(=O)O,92136117
NKSFQBQBCJYBBO-WUQIJIJDSA-N,COc1ccc(O)c([C@@H]2CC(=O)c3c(O)c(C)c(O[C@@H]4O[C@H](CO)[C@@H](O)[C@H](O)[C@H]4O)c(C)c3O2)c1,183138
NTBUXPPQHCFLOM-LLVKDONJSA-N,C[N+](C)(C)C[C@@H](CC(=O)[O-])OC(=O)CCCCCC(=O)O,91825640
DYPLDWLIOGXSSE-UHFFFAOYSA-N,COC(=O)C1=CCCNC1,160492
GIOQWSLKUVKKAO-UHFFFAOYSA-N,CCCCCC=CCC=CCC=CCC#CCCCC(=O)O,1777
YDJHJCXYZGIQQC-VWJPMABRSA-N,NC(=O)C[C@H](N)C(=O)O[C@H]1[C@@H](O)[C@H](n2cnc3c(N)ncnc32)O[C@@H]1COP(=O)(O)O,118797957
ZVVYJAAMWXATNY-PRWZWGSOSA-N,CCCCCCCC/C=C\CCCCCCCC(=O)O[C@H](CO/C=C\CCCCCCCCCCCCCC)COP(=O)([O-])OCC[NH3+],122198206
JLVSPVFPBBFMBE-HXSWCURESA-N,CCCCCCCCCCCCC/C=C/[C@@H](O)[C@@H](N)COP(=O)([O-])OCC[N+](C)(C)C,9847290
AKCRNFFTGXBONI-UHFFFAOYSA-N,CCC(=O)N1CCN(c2ccc(-n3c(=O)ccc4cnc5ccc(-c6cnc7ccccc7c6)cc5c43)cc2C(F)(F)F)CC1,49836027
WWJHRSCUAQPFQO-UHFFFAOYSA-M,C[N+]1(C)CCC(OC(=O)C(c2ccccc2)c2ccccc2)CC1.[I-],3014059
CLYYUOMSXIPPJS-UHFFFAOYSA-N,COc1cc(O)ccc1-c1cc2cc(CCCO)ccc2o1,14213209
MIDZLCFIAINOQN-WPRPVWTQSA-N,C[C@H](NC(=O)[C@@H](N)Cc1ccccc1)C(=O)O,5488196
FTXHMBAGOBNRPN-LURJTMIESA-N,CCCC(=O)C1=C(O)[C@H](CC(=O)O)OC1=O,54687841
ATQMRMGXINTJHV-UHFFFAOYSA-O,Cc1nc(-c2ccc(-c3ccc(C(=O)N4CCc5cc6c(cc54)C4(CC[NH+](C)CC4)CO6)cc3)c(C)c2)no1,56927918
HQHCYKULIHKCEB-UHFFFAOYSA-N,O=C(O)CCCCCCCCCCCCC(=O)O,13185
GTYGWPXLHJZXDF-MIUGBVLSSA-N,O=C(Cc1ccc(O)cc1)O[C@H]1[C@H](OCCc2ccc(O)c(O)c2)O[C@H](CO)[C@@H](O)[C@@H]1O,16091520
DLWSRGHNJVLJAH-UHFFFAOYSA-N,CC(C(=O)OCCCCO[N+](=O)[O-])c1ccc(-c2ccccc2)c(F)c1,119387
TYIHVCIQMMTVHE-MRXNPFEDSA-N,COC(=O)c1cc(C)ccc1C1=N[C@](C)(C(C)C)C(=O)N1,76956996
QUBUTNSZZFICHL-WDSKDSINSA-N,N[C@@H](CCC(=O)N[C@@H](CSS(=O)O)C(=O)NCC(=O)O)C(=O)O,91819877
IVILUDSFUSZAPC-HWZJXXSZSA-N,CC1(C)C=Cc2c(cc(O)c3c(=O)c(O[C@@H]4O[C@H](CO)[C@@H](O)[C@H](O)[C@H]4O)c(-c4ccc(O)c(O)c4)oc23)O1,70697882
CABHHUMGNFUZCZ-REOHCLBHSA-J,O=C([O-])[C@H](CS(=O)(=O)[O-])OP(=O)([O-])[O-],5460422
YRCRRHNVYVFNTM-UHFFFAOYSA-N,CCOC(C)C(=O)C(O)O,34006
SOJWNXGBEWFLQL-WMPRHZDHSA-M,CCCCC/C=C\C/C=C\C/C=C\C/C=C\C/C=C\CCCCCCCCCCCCC(=O)[O-],86289941
LZYMFDVSGSWKCR-XNIJJKJLSA-N,CNc1ccccc1C(=O)O[C@@H]1[C@H](O)[C@@H](COP(=O)(O)OP(=O)(O)OP(=O)(O)O)O[C@H]1n1cnc2c(=O)[nH]c(N)nc21,136693217
VJLLLMIZEJJZTE-DKZZKAIRSA-N,CCCCCCCCCCCCC/C=C/[C@@H](O)[C@H](CO[C@@H]1O[C@H](CO)[C@H](O)[C@H](O)[C@H]1O)NC(=O)CCCCCCCCCCCCCCC,11542139
JVTAAEKCZFNVCJ-REOHCLBHSA-N,C[C@H](O)C(=O)O,107689
ZCIGNRJZKPOIKD-CQXVEOKZSA-N,CC(C)c1nc(CN(C)C(=O)N[C@@H](CCN2CCOCC2)C(=O)N[C@H](CC[C@H](Cc2ccccc2)NC(=O)OCc2cncs2)Cc2ccccc2)cs1,25151504
NBSCHQHZLSJFNQ-DVKNGEFBSA-N,O=P(O)(O)OC[C@H]1O[C@H](O)[C@H](O)[C@@H](O)[C@@H]1O,439284
UCUNFLYVYCGDHP-BYPYZUCNSA-N,CS(=O)(=O)CC[C@H]([NH3+])C(=O)[O-],6994316
VJPJOSSWTOMULO-UGGJLBIYSA-N,C/C=C\[C@H](C)[C@H]1O[C@]1(C)[C@@H](O)[C@@H](CO)C(=O)[C@@H]1COC(O)(CC)C[C@@H]1O,71306325
ATRNZOYKSNPPBF-CYBMUJFWSA-N,CCCCCCCCCCC[C@@H](O)CC(=O)O,5288266
SFZCNBIFKDRMGX-UHFFFAOYSA-N,FS(F)(F)(F)(F)F,17358
FWGFCRSCPPSXQL-YPSJNGCXSA-N,C/C=C1/CN2CCc3c([nH]c4ccccc34)[C@H](C(=O)OC)[C@H]1CC2,135563726
CBYAZOKPJYBCHE-UHFFFAOYSA-N,O=[N+]([O-])c1cccc(I)c1,12574
DPZNMIQXNXMOMU-UHFFFAOYSA-N,CCCn1c(C=O)ccc1CO,46878531
HJJVPARKXDDIQD-UHFFFAOYSA-N,Clc1ccc(C2(Cn3cncn3)CC(Br)CO2)c(Cl)c1,3444
BRLYJWHJWIUCIO-WVILEFPPSA-N,CCCCCCCCCCCCCCCCCCCCCCCCC(=O)N[C@@H](CO)[C@H](O)CCCCCCCCCCCC(C)C,71581214
QWCKQJZIFLGMSD-UHFFFAOYSA-M,CCC(N)C(=O)[O-],21889526
GWUQLPRDKICNSB-KJQYFISQSA-N,C[C@]12CC(=O)[C@H]3[C@@H](CCC4=CC(=O)CC[C@@]43C)[C@@H]1CC[C@@H]2C(=O)C=O,86289598
QHZIGNLCLJPLCU-QPPIDDCLSA-N,CCCCCCCCCCCCCCCC(=O)N[C@@H](COP(=O)([O-])OCC[N+](C)(C)C)[C@H](O)CCCCCCCCCCCCCCC,9939965
XHFVGHPGDLDEQO-ZETCQYMHSA-M,CC(C)(COP(=O)(O)O)[C@@H](O)C(=O)NCCC(=O)[O-],16755621
MXIZZLBQRBAZEX-HUUCEWRRSA-N,COc1cccc2c(-c3ccc4c(c3O)[C@@H](C)N[C@H](C)C4)c(C)cc(OC)c12,443773
XBKHACNRWFKJNC-MANNPBRJSA-N,C=C1/C(=C\C=C2/CCC[C@]3(C)[C@@H]([C@H](C)/C=C/[C@@H](O)C4CC4)CC[C@@H]23)C[C@@H](O)C[C@@H]1O.O,49800068
VAOCPAMSLUNLGC-UHFFFAOYSA-N,Cc1ncc([N+](=O)[O-])n1CCO,4173
AUCGRWHWAGXNQS-HMGRVEAOSA-N,O=c1c(O)c(-c2ccc(O[C@@H]3O[C@H](CO)[C@@H](O)[C@H](O)[C@H]3O)cc2)oc2cc(O)cc(O)c12,5491693
AXZGUCXCTZMPTR-UVGACIQRSA-N,CCCCC/C=C\C/C=C\C/C=C\C/C=C\CCCCCC(=O)O[C@H](COC(=O)CCCCCCCCCCCCCCCCC)COP(=O)([O-])OCC[N+](C)(C)C,24778868
JXAOTICXQLILTC-UYSNGIAKSA-O,[NH3+]C1[C@@H](O)[C@H](O)C(O)[C@H](O)[C@H]1O,25246244
KVGLBTYUCJYMND-UHFFFAOYSA-N,CCOP(=S)(CC)Sc1ccccc1,13676
WINHZLLDWRZWRT-ATVHPVEESA-N,CCN(CC)CCNC(=O)c1c(C)[nH]c(/C=C2\C(=O)Nc3ccc(F)cc32)c1C,5329102
OYZONAXDAWHDMN-UHFFFAOYSA-N,Cc1ccc(C(=O)O)c(N)c1O,95222
WJCNWNKOLJMKJE-ZMOFONSMSA-N,COc1cc([C@H]2Oc3c(OC)cc(/C=C/C(=O)O)cc3[C@@H]2C=O)ccc1O,119058219
AQIVLFLYHYFRKU-VPENINKCSA-L,Nc1nc2c([nH]c(=O)n2[C@H]2C[C@H](O)[C@@H](COP(=O)([O-])[O-])O2)c(=O)[nH]1,135871111
DTXMRELKPKEPSO-UHFFFAOYSA-N,C=C(N=[N+]([O-])CC(C)C)C(=O)O,127995
WQZGKKKJIJFFOK-PHYPRBDBSA-N,OC[C@H]1O[C@H](O)[C@H](O)[C@@H](O)[C@H]1O,439357
NTAYABHEVAQSJS-CDIPTNKSSA-M,CCCCC[C@H](O)/C=C/[C@@H]1[C@@H](CCCCCCC(=O)[O-])[C@@H]2C[C@H]1OO2,102571802
DKXZSGIZFNWMLJ-ZCFIWIBFSA-N,C[C@@](CCOP(=O)(O)O)(CC(=O)O)OP(=O)(O)O,86289952
MAIRDOOJJIGWBJ-UHFFFAOYSA-M,COC(=O)CC(=O)C(=O)[O-],25202714
PQBBEOSMILPNLI-NKVODUSASA-N,C[C@@H]1O[C@@H](OCCCCCCCCC[C@@H](O)CC(=O)O)[C@H](O)C[C@H]1OC(=O)c1c[nH]c2ccccc12,86289899
FKUQDPQMNVKDHV-GXIKJMEPSA-M,CC/C=C\C/C=C\C/C=C\C=C\C(C/C=C\CCCC(=O)[O-])OO,122391313
YVCUGZBVCHODNB-QXFUBDJGSA-N,CC1(C)O[C@]2(C)CC[C@H]1C[C@H]2O,6857470
OQPZXQVAOOHEFP-UHFFFAOYSA-N,COc1c(O)c(O)c2oc3cccc(O)c3c(=O)c2c1CC=C(C)C,70680260
ZEXGDYFACFXQPF-UHFFFAOYSA-N,CCc1ccc(Nc2c(F)c(F)cc(F)c2F)c(CC(=O)O)c1,6433107
INAPMGSXUVUWAF-WWHKVMGRSA-N,O=P(O)(O)OC1[C@@H](O)[C@H](O)C(O)[C@@H](O)[C@H]1O,161368
DKPMWHFRUGMUKF-NTPBNISXSA-N,C[C@H](CCC(=O)O)[C@H]1CC[C@H]2[C@@H]3[C@@H](O)[C@H](O)[C@@H]4C[C@H](O)CC[C@]4(C)[C@H]3CC[C@]12C,5283851
FFEARJCKVFRZRR-UHFFFAOYSA-M,CSCCC(N)C(=O)[O-],5460884
ZYDGEDJVZIJTCO-CDSYKIJESA-M,CC[C@H](C)C(=O)C/C=C\C[C@@H](O)[C@@H](CC)C(=O)[O-],91972256
YJGRQEWXDDCCCV-UHFFFAOYSA-N,OCCCSCCO,220278
RYYRZMIBKOKIRO-UIAACRFSSA-N,CC(C)C1=CC(=O)C2=C(CC[C@H]3[C@@](C)(CO)C(=O)CC[C@]23C)C1=O,11724191
DFDLVUUNTZHQBI-JGLNRKDHSA-N,C[C@]12CC[C@@H]3c4ccc(OCC(=O)O)cc4CC[C@H]3[C@@H]1CC[C@@H]2O,66392
IGQBPDJNUXPEMT-SNVBAGLBSA-N,CC(C)CC(=O)O[C@H](CC(=O)[O-])C[N+](C)(C)C,169235
JBEYDEWBSPTABU-UHFFFAOYSA-M,O=C([O-])C(=O)Cc1c[nH]c2ccc(OCc3ccccc3)cc12,45266519
UFWIBTONFRDIAS-UHFFFAOYSA-N,c1ccc2ccccc2c1,931
VRVYZZJPEDVTBX-POFDQXHJSA-N,C=CC(C)(CC[C@]1(C)[C@@H](C)CC[C@]2(C)C(C)=CCC[C@@H]12)OC,102335044
XLYRHVKBJYDBOS-JTFGAIIUSA-N,CC/C=C\C[C@@H]1O[C@H]1/C=C/C=C/C=C\C/C=C\C/C=C\CCC(=O)O,88956918
HWPZKJVGDYNEAW-QUDYQQOWSA-L,CCCCCCCCCCCCC/C=C/[C@@H](O)[C@H](COP(=O)([O-])[O-])NC(C)=O,71776677
JXVUHLILXGZLFR-GQCTYLIASA-N,C[N+](C)(C)CC(CC(=O)[O-])OC(=O)/C=C/CC(=O)O,91825718
VFZYLYJWCROVLO-DZGCQCFKSA-N,Oc1ccc2c(c1)O[C@H](c1ccc(O)c(O)c1)[C@@H](O)C2,442397
MPIPASJGOJYODL-SFHVURJKSA-O,Clc1ccc([C@H](Cn2ccnc2)OCc2c(Cl)cccc2Cl)c(Cl)c1.[H+],86290114
WLHQHAUOOXYABV-UHFFFAOYSA-N,CN1C(C(=O)Nc2ccccn2)=C(O)c2sc(Cl)cc2S1(=O)=O,54690031
VIAGOLXCGUWNRZ-INHMWYDMSA-N,C#C/C=C\[C@@H](O)CCCCCCCCCCC/C=C\CCCCCCCCC/C=C/[C@@H](O)C#C,53355024
XNHKMZHWRNMFCU-HMUNZLOLSA-N,O=C(O[C@@H]1O[C@H](CO)[C@@H](O)[C@H](O)[C@H]1O)c1ccccc1O,49859589
DTBNBXWJWCWCIK-UHFFFAOYSA-N,C=C(OP(=O)(O)O)C(=O)O,1005
DRUFTGMQJWWIOL-CYBMUJFWSA-N,CCCCCC(=O)OC[C@@H](CO)OC(=O)CCCCC,86289229
IQFYYKKMVGJFEH-XLPZGREQSA-N,Cc1cn([C@H]2C[C@H](O)[C@@H](CO)O2)c(=O)[nH]c1=O,5789
CYRZSEWKKCHVSI-XHDDSBKUSA-N,C[C@@H]1O[C@@H](OCCCCCC/C=C/C(=O)O)[C@H](O)C[C@H]1O,86289769
XXKFPKYBBLWNQF-HAUSFFGLSA-N,CC(C)C(C)C/C=C/[C@@H](C)[C@H]1CC[C@H]2C3=C[C@@H](O)[C@@]4(O)C[C@@H](O)CC[C@]4(C)[C@H]3CC[C@]12C,53477610
RXGLHDWAZQECBI-SRVKXCTJSA-N,CC(C)C[C@H](NC(=O)[C@@H](N)CC(C)C)C(=O)N[C@@H](CO)C(=O)O,71464623
NUNFZNIXYWTZMW-LLVKDONJSA-N,COc1ccc([C@H]2COc3cc(O)ccc3C2)c(OC)c1O,442811
IKTUZVAVHCTHSU-ULZPOIKGSA-N,C=C(C)[C@@H]1[C@H]2OC(=O)[C@@H]1[C@]1(O)[C@H]3O[C@H]3[C@]3(O)CO[C@H]2[C@]13C,10880921
KOZFSFOOLUUIGY-SOLYNIJKSA-N,COC(=O)[C@@]1(O)C[C@H]2O[C@]1(C)n1c3ccccc3c3c4c(c5c6ccccc6n2c5c31)C(=O)NC4,3035817
FBCCMZVIWNDFMO-UHFFFAOYSA-N,O=C(Cl)C(Cl)Cl,6593
MCCACAIVAXEFAL-FERBBOLQSA-N,Clc1ccc(CO[C@@H](Cn2ccnc2)c2ccc(Cl)cc2Cl)c(Cl)c1.O=[N+]([O-])O,66582309
WRFBDEURXXFJRY-ZREXUFMBSA-N,CCCCC[C@H](O)CC\C=C/C=C/C=C/[C@@H](O)[C@@H](O)CCCC(=O)O,86289528
OKJIRPAQVSHGFK-UHFFFAOYSA-M,CC(=O)NCC(=O)[O-],1550976
NIOYUNMRJMEDGI-UHFFFAOYSA-N,CCCCCCCCCCCCCCCC=O,984
GPOAVBQIYNXVEA-JOJUGDBLSA-N,C=C1C[C@]23C[C@@]1(O)CC[C@H]2[C@]1(C)CC[C@H](O)[C@@](C)(C(=O)O)[C@H]1[C@@H]3C(=O)O,14605564
IIQJLBKXWGKSKE-CZUORRHYSA-N,COc1ccc([C@@H]2C(=O)c3c(O)cc(O)cc3O[C@H]2O)cc1,25203449
GPXQYXMZUPIJMH-XWGUCVLRSA-M,CCCCCCCC/C=C\CCCCCCCC(=O)OC[C@H](COP(=O)([O-])OCCNC(=O)CCCCCCCCCCC)OC(=O)CCCCCCC/C=C\CCCCCCCC,91666430
JDMXMMBASFOTIF-UHFFFAOYSA-N,COc1cc(-c2cc(=O)c3c(OC)cc(O)cc3o2)ccc1O,13964549
MUMCCPUVOAUBAN-UHFFFAOYSA-N,O=C1c2ccccc2-c2c3c(cc4ccnc1c24)OCO3,10144
CWNAMDTZXWFAQN-UHFFFAOYSA-N,CC(C)=CCc1cccc(O)c1O,23318480
VDXLUNDMVKSKHO-ZRTZXPPTSA-N,O=CNCC(=O)NC1O[C@H](COP(=O)(O)O)[C@@H](O)[C@H]1O,16048611
DCSLGQYKPBZRHI-UHFFFAOYSA-M,O=C([O-])C/C=[N+](\[O-])O,124202406
HFCPFJNSBPQJDP-QVDQXJPCSA-N,CC(CC(=O)O)CC(=O)O[C@H](CC(=O)[O-])C[N+](C)(C)C,91825638
TZPLBTUUWSVGCY-UHFFFAOYSA-L,O=C([O-])C(=O)Cc1cc(I)c([O-])c(I)c1,25203829
QNWDPUAQSUCTOR-ZZUDPSPVSA-M,CC(C)=CCC/C(C)=C/CC/C(C)=C/CC/C(C)=C\CCC(C)CCOP(=O)([O-])OC1OC[C@@H](O)[C@H](O)[C@H]1O,49791990
VBJCSMQHVABALD-DNMUGYJGSA-N,CC[C@H](C)C(=O)c1c2c(c3oc(=O)cc([C@@H](CC)OC(C)=O)c3c1O)CC(C(C)(C)O)O2,10343524
WBBQTNCISCKUMU-PDBXOOCHSA-M,CC/C=C\C/C=C\C/C=C\CCCCCCCCCCCC(=O)[O-],40488827
UAEUNTXALQHLMF-UHFFFAOYSA-N,COc1c(C(C)C)ccc2c1CCC1C(C)=C(C(=O)O)CCC21C,192372
QMRIXJXCSWHXLU-JEFNDHMRSA-N,CC(C)[C@@H](C)/C=C/[C@@H](C)[C@H]1CCC2=C3C=CC4=C[C@H](NC(N)=O)CC[C@]4(C)[C@H]3CC[C@@]21C,10917111
DKHFLDXCKWDVMF-UPONEAKYSA-N,C[C@H]1c2c[nH]c3cccc(c23)S[C@H]1C(=O)O,3037261
FYNNIUVBDKICAX-UHFFFAOYSA-M,CCN1C(=C/C=C/c2n(CC)c3cc(Cl)c(Cl)cc3[n+]2CC)N(CC)c2cc(Cl)c(Cl)cc21.[I-],5492929
YURNCBVQZBJDAJ-AATRIKPKSA-M,CCCC/C=C/C(=O)[O-],6148806
QKKVMRCIRQQMDU-VTKVFKEISA-N,CCCCC/C=C\C/C=C\CCCCCCCC(=O)OC[C@H](COP(=O)(O)OCC(O)CO)OC(=O)C/C=C/CCCCCCCCCCCC,132472305
ZDXPYRJPNDTMRX-GSVOUGTGSA-O,NC(=O)CC[C@@H]([NH3+])C(=O)O,5460865
PGJYYCIOYBZTPU-UHFFFAOYSA-N,OCc1c(F)c(F)c(F)c(F)c1F,9923
SJBBGMVJNAOUOI-VLURGLOZSA-N,CC(C)=CCC/C(C)=C/CC/C(C)=C/Cc1cc(CCC(=O)c2c(O)cc(O)cc2O)ccc1O,25016410
DOZKMFVMCATMEH-QEJMHMKOSA-N,CCCCCCCC/C=C\CCCCCCCC(=O)OC[C@@H](CO)OC(=O)CCCCCCCCCCCCCCC,71768101
GEDVVYWLPUPJJZ-UHFFFAOYSA-N,Cc1cc2nc3ccc(=[N+](C)C)cc-3sc2cc1N.[Cl-],7083
AKUZFSWMFGYDBI-NSHDSACASA-N,C[C@@H](CC(=O)NC(=O)c1c[nH]c(Cc2ccccc2)cc1=O)C(=O)O,25158705
AVEHMJVDRGMBHD-NQXXGFSBSA-L,C[C@@H](O)[C@@H](O)C(=O)COP(=O)([O-])[O-],134930915
HZIRBXILQRLFIK-VPZZKNKNSA-N,CCCCCCCCCCCCC/C=C/[C@@H](O)[C@H](CO)NC(=O)CCCCCNc1ccc([N+](=O)[O-])c2nonc12,16219783
XKMLYUALXHKNFT-UUOKFMHZSA-J,Nc1nc2c(ncn2[C@@H]2O[C@H](COP(=O)([O-])OP(=O)([O-])OP(=O)([O-])[O-])[C@@H](O)[C@H]2O)c(=O)[nH]1,135398632
GWYFCOCPABKNJV-UHFFFAOYSA-M,CC(C)CC(=O)[O-],3587356
GUBGYTABKSRVRQ-GAXRGOLKSA-N,OC[C@H]1O[C@@H](O[C@H]2[C@H](O)[C@H](O)[C@H](O)O[C@@H]2CO)[C@H](O)[C@@H](O)[C@H]1O,34173590
OEUPNEHVNNGMKN-VAVNGKDRSA-N,C[C@@H]1O[C@@H](OCCCCCCCCCCC[C@@H](O)CC(=O)O)[C@H](O)C[C@H]1O,86289850
XUJNEKJLAYXESH-REOHCLBHSA-N,[NH3+][C@@H](CS)C(=O)[O-],6419722
LUWKGSHFDJJDAJ-LOVVWNRFSA-N,C[C@]12CC[C@H]3[C@@H](CCC4=CC(=O)C[C@H](O)[C@@]43C)[C@@H]1CC[C@@H]2O,23256526
ILRYLPWNYFXEMH-UHFFFAOYSA-N,NC(CCSCC(N)C(=O)O)C(=O)O,834
IMONTRJLAWHYGT-ZCPXKWAGSA-N,C#C[C@]1(OC(C)=O)CC[C@H]2[C@@H]3CCC4=CC(=O)CC[C@@H]4[C@H]3CC[C@@]21C,5832
KZKSBQXQOQUOQO-UHFFFAOYSA-N,O=S(=O)(O)Oc1c[nH]c2ccc(Br)c(Cl)c12,2733794
QJDFZNIKGFGPCR-UHFFFAOYSA-N,O=C(O)C(=O)CSc1ccc(Br)cc1,440275
NKANXQFJJICGDU-QPLCGJKRSA-N,CC/C(=C(\c1ccccc1)c1ccc(OCCN(C)C)cc1)c1ccccc1,2733526
BUWVABSQGVRXOI-UHFFFAOYSA-N,Cc1c2c(c(O)c3c1C(=O)CC(C)(C)O3)OC(=O)c1c(C)c(Cl)c(O)c(C=O)c1O2,152841
NJOIWWRMLFSDTM-SECBINFHSA-M,C=C(C)[C@H](CCC(C)=O)CC(=O)[O-],443188
ZNHVWPKMFKADKW-ZYBDYUKJSA-N,CCCCC/C=C\C[C@@H](O)/C=C/C=C\C/C=C\CCCC(=O)O,5283156
OPVAJFQBSDUNQA-UHFFFAOYSA-M,Cc1ccc(C(=O)[O-])cc1C,3699362
ONVABDHFQKWOSV-HPUSYDDDSA-N,C=C1C[C@@]23CC[C@@H]4C(C)(C)CCC[C@@]4(C)[C@@H]2CC[C@@H]1C3,11966109
FFEARJCKVFRZRR-SCSAIBSYSA-O,CSCC[C@@H]([NH3+])C(=O)O,5460888
AUAHHJJRFHRVPV-BZDVOYDHSA-N,CC[C@@H](CO)[NH2+]CC[NH2+][C@@H](CC)CO.[Cl-].[Cl-],46878363
ICZVDXDXJQCDOJ-UHFFFAOYSA-N,COc1c(C)c(O)cc2c1CNC2=O,442849
VHBFFQKBGNRLFZ-UHFFFAOYSA-N,O=c1cc(-c2ccccc2)oc2ccccc12,10680
GUUHFMWKWLOQMM-NTCAYCPXSA-N,CCCCCC/C(C=O)=C\c1ccccc1,1550884
VEXDRERIMPLZLU-UHFFFAOYSA-M,CC(O)C(C)C(=O)[O-],18377880
WQHLZXQHMPOZGL-UHFFFAOYSA-N,COc1ccc2cc1Oc1ccc(c(O)c1OC)CCCCC(=O)CC2,70697839
FTTGAAZKBNZDCZ-LURJTMIESA-N,CC(=O)N[C@@H](CCCC(=O)O)C(=O)O,443992
VCWMRQDBPZKXKG-ZNVDUFQESA-N,OC[C@H]1O[C@H](OC2[C@@H](O)[C@H](O)C(O)[C@H](O)[C@@H]2O)[C@H](O)[C@@H](O)[C@H]1O,11727586
KNFFJJFEYQLINT-FNORWQNLSA-N,CSCCCC/C=N/O,25010757
BUASSZKGBZNMSS-GCHPDOOSSA-L,CCCCC/C=C\C/C=C\C/C=C\C/C=C\CCCC(=O)O[C@H](COC(=O)CCCCCCCCCCCCCCCCCCC)COP(=O)([O-])[O-],72715811
SRSPZLZVGPJHJH-UHFFFAOYSA-O,COc1cc2c(cc1OC)C1Cc3cc(OC)c(OC)cc3C(C2)[NH2+]1,72715776
COYBRKAVBMYYSF-UHFFFAOYSA-N,CCCCCC(C)OC(=O)COc1ccc(Cl)c2cccnc12,93528
HOFSYSONRIGEAC-LWYYNNOASA-N,CC(C)C1=CC2=CC[C@@H]3[C@](C)(CCC[C@@]3(C)C=O)[C@H]2CC1,443479
DTGLZDAWLRGWQN-LJQANCHMSA-O,CC(=O)Oc1cc2c(s1)CC[NH+]([C@@H](C(=O)C1CC1)c1ccccc1F)C2,91828260
GBFPAYOKITZRAZ-XALYZVBKSA-N,CC(C)=CCC[C@@H](C)[C@H]1CC[C@@]2(C)[C@@H]3CC=C4[C@@H](CC[C@H](O)C4(C)C)[C@]3(C)C(=O)C[C@]12C,131801254
SMUNNMAWNRFDPB-UWWAQUNASA-N,COC(=O)[C@@]12C(=O)C(C)=C(O)[C@]1(C)C(C)=C[C@H]1[C@]3(C)CCC(=O)C(C)(C)[C@H]3CC[C@@]12C,10477690
HFXAFXVXPMUQCQ-BYPYZUCNSA-N,O=C1C[NH2+][C@H](C(=O)[O-])C1,28125540
VJILEYKNALCDDV-OIISXLGYSA-N,C[C@]1(C(=O)O)CCC[C@]2(C)c3cc(O)ccc3CC[C@@H]12,93017
SEGCNGONCZQFDW-OMCISZLKSA-N,O=C1CN(/N=C/c2ncc(-c3ccc(Br)cc3)o2)C(=O)N1,9568620
HKMMHEQNCQNUNN-JENRNSKYSA-N,O=C(O)[C@H]1O[C@@H](Oc2cc(O)c3c(=O)c(O)c(-c4ccc(O)cc4)oc3c2)[C@H](O)[C@@H](O)[C@@H]1O,57331037
BYWYHNJXDVXTHJ-ZSXZNSMSSA-N,COc1cc2c(c(OC)c1OC)-c1c(cc3c(c1OC)OCO3)[C@H](OC(=O)C(C)C)[C@H](C)[C@H](C)[C@H]2OC(C)=O,53355454
HHRMGTRTCHNCRO-FDROIEKHSA-N,O=S(=O)(O)O[C@@H]1[C@@H](O)[C@H](O)O[C@H](CO)[C@@H]1O,444635
AFSDNFLWKVMVRB-UHFFFAOYSA-N,O=c1oc2c(O)c(O)cc3c(=O)oc4c(O)c(O)cc1c4c23,5281855
KMPWYEUPVWOPIM-KODHJQJWSA-N,C=C[C@H]1CN2CC[C@H]1C[C@H]2[C@H](O)c1ccnc2ccccc12,101744
JLPKNCULJRQTGL-UHFFFAOYSA-N,O=P(O)(O)OCCN=C=S,121232660
LTQQSNMMPLSQLT-BNFZFUHLSA-N,CCCCC/C=C/C=C/c1oc2c(c(=O)c1O)C(=O)N(C)C2C,122198245
IYKWLNJKMRZQJG-JFXOEICMSA-M,N#CC(SC[C@H](NC(=O)CC[C@H]([NH3+])C(=O)[O-])C(=O)NCC(=O)[O-])c1c[nH]c2ccccc12,70788956
ARDJUHDXABDVFH-ZHSIBHBUSA-N,CC/C=C\C/C=C\C/C=C\C/C=C\C/C=C\CCCCCC(=O)O[C@H](COC(=O)CCCCCCCCCCCCCCC)COP(=O)([O-])OCC[N+](C)(C)C,24778737
IYHZCJNEODJYKB-DMCZWXATSA-N,COc1cc(/C=C/c2cc(O)c(CC=C(C)C)c(O)c2)cc2c1O[C@]1(C)C[C@@H](O)[C@@H](O)C(C)(C)[C@H]1C2,16116472
YQESGDRIAQDEQE-ONNBHGNJSA-N,C=CC1=CC(=O)[C@@H]2[C@H](CC[C@@H]3C(C)(C)[C@H](O)C[C@H](O)[C@@]23C)[C@@H]1C,132274111
LJCSWNBDMPUOLO-XVFCMESISA-N,NC[C@H]1O[C@@H](n2ccc(=O)[nH]c2=O)[C@H](OP(=O)(O)O)[C@@H]1O,44224056
JLIDBLDQVAYHNE-YKALOCIXSA-N,CC1=CC(=O)CC(C)(C)[C@@]1(O)/C=C/C(C)=C\C(=O)O,5280896
QTAGQHZOLRFCBU-ZDUSSCGKSA-N,CC1(C)O[C@H]1COc1c2ccoc2cc2oc(=O)ccc12,33306
FITCDKVKQIBVRK-UHFFFAOYSA-N,COc1cc(C(O)C(CO)Oc2c(OC)cc(C3OCC4C(c5cc(OC)c(O)c(OC)c5)OCC34)cc2OC)ccc1O,353908
HSNYUOAAQCCKRP-UGKIOTTESA-N,C=C1C(=O)O[C@@H]2C[C@H](C)[C@@H]3[C@@H](O)CC(=O)[C@@]3(C)C[C@H]12,177140
NJEMRSFGDNECGF-GCJQMDKQSA-N,C[C@H](NC(=O)[C@@H](N)[C@@H](C)O)C(=O)N[C@@H](CC(=O)O)C(=O)O,71728360
QAOWNCQODCNURD-UHFFFAOYSA-N,O=S(=O)(O)O,1118
IWRYUGLEERCEKN-SBUXAMOSSA-N,O=C(O)CCCCCCC/C=C\CCCCCCCCO[C@@H]1O[C@H](CO)[C@@H](O)[C@H](O)[C@H]1O,71245314
QVWOZVFUGLNYKZ-UHFFFAOYSA-H,[Cl][Pd-2]([Cl])([Cl])([Cl])([Cl])[Cl],61853
MGJKQDOBUOMPEZ-UHFFFAOYSA-N,CNC(=O)NC,7293
XAKKNLNAJBNLPC-MAYKBZFQSA-N,CC[N+](C)(C/C=C/C1=C(C(=O)[O-])N2C(=O)[C@@H](NC(=O)/C(=N\OCF)c3nsc(N)n3)[C@H]2SC1)CC(N)=O,6536774
UKAIYBGRLWQHDQ-KWRVYEIKSA-N,CC1(C)CC[C@]2(C)CC[C@]3(C)C(=CC(=O)[C@@H]4[C@@]5(C)CC[C@H](O)C(C)(C)[C@@H]5CC[C@]43C)[C@@H]2C1,20055661
HHJTWTPUPVQKNA-WNCZHHJSSA-O,CCCCCCCCCCCCC/C=C/[C@@H](O)[C@@H]([NH3+])COC1O[C@H](CO)[C@@H](O)[C@H](O)[C@H]1O,53262390
ZNCUMLJVNWXVLT-ISNKGDJGSA-N,C/C=C1/CN2CCc3c([nH]c4ccccc34)[C@@](COC(C)=O)(C(=O)OC)[C@H]1CC2,135397929
IVWNIIWOWTWWKH-UHFFFAOYSA-N,COc1c(O)ccc2c1-c1c3c(cc4ccnc(c14)C2=O)OCO3,500429
NWKGPTOQIOBTPZ-QOPIDNHZSA-N,CCCCCCC(O)C/C=C\CCCCCCCC(=O)O[C@H](CO)COP(=O)([O-])OCC[N+](C)(C)C,132274135
HADKRTWCOYPCPH-UHFFFAOYSA-M,C[N+](C)(C)c1ccccc1.[OH-],15913
KEQTTYRWDJQWAB-AGROOBSYSA-N,CC(CC=O)SC[C@H](NC(=O)CC[C@H](N)C(=O)O)C(=O)NCC(=O)O,122391324
IXHBTMCLRNMKHZ-LBPRGKRZSA-N,CC(C)(C)NC[C@H](O)COc1cccc2c1CCCC2=O,39468
SVXWJFFKLMLOHO-YAIZGCQRSA-N,CCCCC/C=C\C/C=C\CCCCCCCC(=O)O[C@@H](CO)COC(=O)CCCCCCCCCCCCCCC,9543695
UVKPTCRFZNDVBI-TWGQIWQCSA-N,C=CC(C)(O)C/C=C(\OO)C(C)C,124202350
RJPDELAUUYAFTQ-WHFBIAKZSA-M,O=C([O-])[C@@H]1CC[C@H]2CC(=O)N21,25243890
TUHVEAJXIMEOSA-UHFFFAOYSA-N,NC(N)=NCCCC(=O)O,500
YHQGMYUVUMAZJR-UHFFFAOYSA-N,CC1=CC=C(C(C)C)CC1,7462
AUFGTPPARQZWDO-YPMHNXCESA-L,Nc1nc2c(c(=O)[nH]1)N[C@@H](CN(C=O)c1ccc(C(=O)N[C@@H](CCC(=O)[O-])C(=O)[O-])cc1)CN2,135398555
CBZPGRKSSXCZLI-UHFFFAOYSA-N,CC(CO)CCCC(C)CCCC(C)CCCC(C)CC(=O)O,85985599
IFBHRQDFSNCLOZ-RMPHRYRLSA-N,O=[N+]([O-])c1ccc(O[C@@H]2O[C@H](CO)[C@@H](O)[C@H](O)[C@H]2O)cc1,92930
SKADUYPXQKEGFT-UHFFFAOYSA-N,CC(C)Oc1cccc(-c2cc(C(=O)Nc3ccncc3)c3ccccc3n2)c1,994729
SEACYXSIPDVVMV-UHFFFAOYSA-L,O=C([O-])c1ccccc1-c1c2cc(Br)c(=O)c(Br)c-2oc2c(Br)c([O-])c(Br)cc12.[Na+].[Na+],11048
JGEFOCOPBYAGDE-UHFFFAOYSA-M,O=C([O-])CC(O)CCCCCCCCCO,72551565
IMOBSLOLPCWZKQ-ZETCQYMHSA-N,C[NH+](C)[C@@H](Cc1cnc[nH]1)C(=O)[O-],6971285
YSEQPMYIGMORKQ-DIEKJCKJSA-N,C[C@@]12CCC[C@]3(C)C4=CC(=O)OC[C@@]4(O)[C@H](O)[C@@H](OC1=O)[C@@H]23,122384364
OJIIZIWOLTYOBS-UHFFFAOYSA-N,COc1ccc(C(=O)Nc2ccccc2CCC2CCCCN2C)cc1.Cl,48040
WKQUUNDBFODDFP-HNNXBMFYSA-N,NCC(=O)N1CCC[C@H]1C(=O)Nc1ccc2ccccc2c1,7408102
BSWKVMNQZNMVIO-UHFFFAOYSA-N,COc1cc(OC)c2c(=O)c3c(O)c(OC)c4c(c3oc2c1OC)C=CC(C)(C)O4,70697831
VZUVCAGXYLMFEC-UHFFFAOYSA-L,CCCCN(CCCC)c1ccc(/C=C/c2cc[n+](CCC[N+](CC)(CC)CC)cc2)cc1.[Br-].[Br-],6508724
DGBMMVBFYMZWHX-CLTKARDFSA-N,C/C=C(/CO)c1oc(=O)cc(OC)c1CO,51039178
JWKBGJICLAAZAU-UHFFFAOYSA-L,Nc1nc2c(c(=O)[nH]1)NC1C([O-])=C3OP(=O)([O-])OCC3OC1N2,135873310
SEVRYJMBCDYSHN-UHFFFAOYSA-N,CCCCCCCCCCCCCCCCCCCCCCCC(O)CC(=O)O,25271614
LEPXKGXTXIACRO-UHFFFAOYSA-N,COc1cnc2ccc(=O)n3c4ccccc4c1c23,483522
MJPKMDAPFRGJGV-FBFNWGNUSA-N,CC(C)C[C@H](NC(=O)[C@@H]([NH3+])CNC(=O)/C=C/C(N)=O)C(=O)[O-],86583462
XHMXFEYXNLBDKE-GZVODVPDSA-N,CC/C=C\C/C=C\CC(/C=C/C=C\C/C=C\CCCCCC(=O)O)OO,122198252
AQTYXAPIHMXAAV-UHFFFAOYSA-M,COc1ccccc1OS(=O)(=O)[O-],122164827
JPIJQSOTBSSVTP-PWNYCUMCSA-N,O=C(O)[C@H](O)[C@H](O)CO,2781043
CKFPJYCOKVCPLO-UHFFFAOYSA-M,[O]=[Cr](=[O])([O-])[O][Cr](=[O])(=[O])[OH],6857592
GBXIYVFOFVBRGY-NSHDSACASA-N,CC(=O)N[C@@H](CSCC(=O)c1ccccc1)C(=O)O,36690221
HKODIGSRFALUTA-JTLQZVBZSA-N,C/C=C1/C[C@@H](C)[C@@](C)(O)C(=O)OCC2=CCN3CC[C@@H](OC1=O)[C@@H]23,5280906
ZVRMGCSSSYZGSM-CCEZHUSRSA-N,CCCCCCCCCCCCC/C=C/C(=O)O,5282743
WFHSRKRLTIOEAE-UHFFFAOYSA-N,CCCCCCCCCc1c(CCCCCCCC)c(-c2ccc(Br)cc2)c2c(c1-c1ccc(Br)cc1)-c1cccc3cccc-2c13,44140587
JHNQOAIDMUHKEW-ZDUSSCGKSA-M,CCCCCCCCCCCC(=O)N[C@@H](O)C(=O)[O-],135563677
CUXFFBBWEJOYAI-UHFFFAOYSA-N,CCCCCc1cc(O)cc(O)c1C,15946636
VWVGLOXKDVGAFA-YVMONPNESA-N,N/C(=C\c1ccc(O)cc1)C(=O)O,68159338
YNDYKPRNFWPPFU-GOSISDBHSA-L,CCCCCCCCCCCCCCCC(=O)OC[C@@H](O)COP(=O)([O-])[O-],46173172
OGPIBXIQNMQSPY-UHFFFAOYSA-N,CCOC(=O)Nc1ccc(SCC2COC(Cn3ccnc3)(c3ccc(Cl)cc3Cl)O2)cc1,5605
MBDOYVRWFFCFHM-SNAWJCMRSA-N,CCC/C=C/C=O,5281168
NBEYNZQBEQOQRG-UHFFFAOYSA-N,CCCCCSCC(=O)O,21999424
PUEDDPCUCPRQNY-ZYUZMQFOSA-O,O=C(O)c1ccc[n+]([C@@H]2O[C@H](CO)[C@@H](O)[C@H]2O)c1,161234
SZBGXBOFCGNPEU-UHFFFAOYSA-N,NCCCCC=O,443849
BANPEMKDTXIFRE-LQPBRMSDSA-N,C[C@]12CC(=O)[C@@H]3C[C@@]1(O)O[C@H](O2)[C@@H]3COC(=O)c1ccccc1,70698143
UPCKIPHSXMXJOX-UHFFFAOYSA-N,CCCCCC(=O)NCC(=O)O,99463
PMMYEEVYMWASQN-SRBOSORUSA-N,O=C(O)[C@H]1CC(O)CN1,5318330
AOKCDAVWJLOAHG-UHFFFAOYSA-N,C[NH2+]CCCC(=O)[O-],1550042
UXXQOJXBIDBUAC-UHFFFAOYSA-N,COc1cc2c(N3CCN(C(=O)Nc4ccc(OC(C)C)cc4)CC3)ncnc2cc1OCCCN1CCCCC1,3038522
FYURGFQVSMALOD-UHFFFAOYSA-M,O=CCCCCCCCCC(=O)[O-],19734156
ZDWVWKDAWBGPDN-UHFFFAOYSA-O,CC[N+](C)(CC)CCC[n+]1c(-c2ccccc2)c2cc(N)ccc2c2ccc(N)cc21,4939
YZBZORUZOSCZRN-DCUPSMFCSA-M,CC/C=C\C[C@@H]1O/C1=C\C=C/CCCCCCCC(=O)[O-],20843327
AZOCECCLWFDTAP-UHFFFAOYSA-N,C=C(C)C1CCC(C)C(=O)C1,24473
CLGNQAIRBLDHIN-HWKANZROSA-M,COc1cc(/C=C/C(=O)NCC(=O)[O-])ccc1O,25245295
SFLGFRJGKHRRID-UHFFFAOYSA-N,O=C(O)c1[nH]c(-c2c[nH]c3ccccc23)cc1-c1c[nH]c2ccccc12,90657760
CMUHFUGDYMFHEI-QMMMGPOBSA-N,Nc1ccc(C[C@H]([NH3+])C(=O)[O-])cc1,6973639
KPQMCAKZRXOZLB-AATRIKPKSA-N,CC1=CC(=O)CC(C)(C)C1(O)/C=C/C(C)O,5280654
RQFCJASXJCIDSX-UUOKFMHZSA-N,Nc1nc2c(ncn2[C@@H]2O[C@H](COP(=O)(O)O)[C@@H](O)[C@H]2O)c(=O)[nH]1,135398631
CNAHGDCINXNHER-JKSUJKDBSA-N,CCCCCC(=O)OC[C@H](COP(=O)(O)OC[C@@H](O)CO)OC(=O)CCCCC,9547124
LLPMVUVDNDHOFH-UHFFFAOYSA-N,Cc1ccc(CNc2ccccc2C(=O)O)cc1,11425005
CXRCVCURMBFFOL-FXQIFTODSA-N,C[C@H](N)C(=O)N[C@@H](C)C(=O)N1CCC[C@H]1C(=O)O,10131317
GCGTXOVNNFGTPQ-JHOUSYSJSA-N,CCCCCCCCCCCCCCCC(=O)N[C@@H](CO)[C@H](O)CCCCCCCCCCCCCCC,5283572
ZEFGRNLJASLRBZ-QIJYXWHJSA-N,CCCCCCCC/C=C\CCCCCCCC(=O)O[C@H](COC(=O)CCCCCCCCCCCCCCCCC)COP(=O)(O)OC[C@@H](O)CO,24779551
IFYDZTDBJZWEPK-UHFFFAOYSA-M,CCCCCCCCCCCCCCCCCCCCCCCCC(O)C(=O)[O-],72715777
NPDLYUOYAGBHFB-WDSKDSINSA-N,NC(=O)C[C@H](N)C(=O)N[C@@H](CCCN=C(N)N)C(=O)O,14299174
XXYIANZGUOSQHY-XLPZGREQSA-L,Cc1cn([C@H]2C[C@H](OP(=O)([O-])[O-])[C@@H](CO)O2)c(=O)[nH]c1=O,25202056
MINDHVHHQZYEEK-HBBNESRFSA-M,C/C(=C\C(=O)OCCCCCCCCC(=O)[O-])C[C@@H]1OC[C@H](C[C@@H]2O[C@H]2[C@@H](C)[C@H](C)O)[C@@H](O)[C@H]1O,51399572
LSVHZFZMMXHHBS-YEFXUWHISA-M,O=C([O-])CCC[C@H](O)/C=C\C=C\CC[C@H](O)C/C=C\CCCCC(O)(O)O,122164877
PTCGDEVVHUXTMP-UHFFFAOYSA-N,CC(C)Oc1cccc(NC(=O)c2ccccc2C(F)(F)F)c1,47898
VWPQCOZMXULHDM-UHFFFAOYSA-N,NCCCCCCCCC(=O)O,136877
MIGGJPIAMPJCES-NPUYYSGSSA-N,C[C@@H]1CN(C(=O)/C=C/c2ccccc2)[C@H](C)CN1C,92475873
UADNINOCDBOIHK-WDAHTEFCSA-N,CCCCCCCCCCCCCCCCCCCC(=O)N[C@@H](COP(=O)([O-])OCC[N+](C)(C)C)[C@H](O)/C=C/CCCCCCCCCC(C)C,70679193
YFBPRBZDQSMTKG-UHFFFAOYSA-N,ClCC1=NCCN1,426328
QPXYIIUZVFCJLM-RBRCJPGISA-N,CO[C@H]1[C@H](OCCCCCCCCC(=O)NN)O[C@@H](C)[C@H](O)[C@H]1O,132282062
LWQQLNNNIPYSNX-UROSTWAQSA-N,C=C1/C(=C\C=C2/CCC[C@]3(C)[C@@H]([C@H](C)/C=C/[C@@H](O)C4CC4)CC[C@@H]23)C[C@@H](O)C[C@@H]1O,5288783
QKEWQOJCHPFEAF-RXMQYKEDSA-N,NCCC[C@@H](N)CC(=O)O,10931575
QYIXCDOBOSTCEI-FBVYSKEZSA-N,CC(C)CCC[C@@H](C)[C@H]1CC[C@H]2[C@@H]3CC[C@H]4C[C@H](O)CC[C@]4(C)[C@H]3CC[C@]12C,66066
OBDOVFRMEYHSQB-UHFFFAOYSA-N,C=CCNc1nc(NCC=C)nc(N2CCN(C(c3ccc(F)cc3)c3ccc(F)cc3)CC2)n1,33887
GCJJVIZHAMRYQK-NSHDSACASA-N,CCCCNC(=O)[C@H](CS)NC(=O)Cc1cccs1,56927730
FIADGNVRKBPQEU-UHFFFAOYSA-O,C[NH+]1CCC(=C2c3ccccc3CCc3sccc32)CC1,6919012
YQPHTLSGFSVOOM-UHFFFAOYSA-M,CCCCCCCCCCCCCCCCCCCCCC(=O)NCC(=O)[O-],91828215
WQZGKKKJIJFFOK-PQMKYFCFSA-N,OC[C@H]1O[C@H](O)[C@@H](O)[C@@H](O)[C@@H]1O,185698
YKXHFAJZOFTAOC-DTXSUPOZSA-N,CCCCCC(=O)/C=C/[C@H]1C=CC(=O)[C@@H]1CCCCCCC(=O)O,90659869
WUUGFSXJNOTRMR-IOSLPCCCSA-N,CSC[C@H]1O[C@@H](n2cnc3c(N)ncnc32)[C@H](O)[C@@H]1O,439176
RVPLNCFWJATBMI-GIWCCYDRSA-N,CCCCCC/C=C\CCCCCCCCC(=O)OC[C@@H](O)COP(=O)([O-])OCC[NH3+],136212575
BHLYRWXGMIUIHG-OAHLLOKOSA-O,COc1ccc(C[C@@H]2c3cc(O)c(OC)cc3CC[NH+]2C)cc1O,44229231
BGWGXPAPYGQALX-ARQDHWQXSA-N,O=P(O)(O)OC[C@H]1O[C@](O)(CO)[C@@H](O)[C@@H]1O,440641
KRKSOBREFNTJJY-UHFFFAOYSA-N,Oc1ccc2nc[nH]c2c1,3082533
MCMMCRYPQBNCPH-WMIMKTLMSA-N,CC1(C)SSC(C)(C)[C@@H](NC(=O)[C@@H](N)Cc2ccc(O)cc2)C(=O)NCC(=O)N[C@@H](Cc2ccccc2)C(=O)N[C@H]1C(=O)O,104787
JULKRQGCYVMHSB-QMMMGPOBSA-N,[NH3+][C@@H](CSc1ccc(Br)cc1)C(=O)[O-],25201508
NPAGDVCDWIYMMC-IZPLOLCNSA-N,C[C@]12CC[C@H]3[C@@H](CCC4=CC(=O)CC[C@@H]43)[C@@H]1CC[C@@H]2O,9904
WXEZCVSZMLAVNV-UHFFFAOYSA-N,O=C(Cc1ccc(O)c([N+](=O)[O-])c1)ON1C(=O)CCC1=O,126530
DHJFFLKPAYHPHU-BYNIDDHOSA-N,O=C(O)[C@H]1O[C@@H](Oc2c[nH]c3ccc(Br)c(Cl)c23)[C@H](O)[C@@H](O)[C@@H]1O,2733579
IDIIJJHBXUESQI-DFIJPDEKSA-N,COc1c(N2C[C@@H]3CCCN[C@@H]3C2)c(F)cc2c(=O)c(C(=O)O)cn(C3CC3)c12.Cl,101526
KZMACGJDUUWFCH-UHFFFAOYSA-O,COc1cc(-c2[o+]c3cc(O)cc(O)c3cc2O)cc(OC)c1O,159287
QXKAIJAYHKCRRA-UZBSEBFBSA-N,O=C(O)[C@@H](O)[C@@H](O)[C@H](O)CO,152955
LSADDRSUZRRBAN-FDSUASFTSA-N,CCCCCCCC/C=C\C/C=C\C=C\[C@@H](O)CCCC(=O)O,5283143
JHNQOAIDMUHKEW-ZDUSSCGKSA-N,CCCCCCCCCCCC(=O)N[C@@H](O)C(=O)O,135563678
FNYLWPVRPXGIIP-UHFFFAOYSA-N,Nc1nc(N)c2nc(-c3ccccc3)c(N)nc2n1,5546
BPWSOQXIMDMJHB-UHFFFAOYSA-N,COC(=O)Nc1nc2ccc(SCCCO)cc2[nH]1,131841459
YVGZXTQJQNXIAU-VKHMYHEASA-N,[NH3+][C@@H](CCC(=O)NO)C(=O)[O-],91825600
RHGKLRLOHDJJDR-BYPYZUCNSA-N,NC(=O)NCCC[C@H]([NH3+])C(=O)[O-],6992098
UAVRPIXHIHJERN-CBTSKTMBSA-N,CCCCC/C=C\C/C=C\C/C=C\C/C=C\CCCC(=O)O[C@H](COC(=O)CCCCCCCCCCCCCCCCCCC)COP(=O)([O-])OCC[N+](C)(C)C,24779048
KIOQRWNZGHZFHB-UFZBKZSQSA-N,C/C=C(/C)C(=O)O[C@H]1c2cc3c(c(OC)c2-c2c(cc4c(c2OC)OCO4)C[C@H](C)[C@]1(C)O)OCO3,20839677
IEWUCQVFAWBYOC-UHFFFAOYSA-N,COc1ccc(C(O)C(CO)Oc2ccccc2OC)cc1OC,193461
KGUMXGDKXYTTEY-FRCNGJHJSA-N,CC1=C(/C=C/C(C)=C/C=C/C(C)=C/C(=O)O)C(C)(C)CCC1O,6438629
XWRHBGVVCOSNKO-OPGYGNEESA-N,O=C(/C=C/c1ccc(O)cc1)OC1[C@H](O)CC(O)(C(=O)O)C[C@H]1O,5281766
XHWSRRGLFMDBOB-RRJHOXOUSA-M,CCCCC/C=C\C/C=C\C/C=C\C/C=C\CCCC(=O)OC[C@@H](O)COP(=O)([O-])OC[C@H]([NH3+])C(=O)[O-],90659878
FXNFHKRTJBSTCS-UHFFFAOYSA-M,O=c1cc(-c2ccccc2)oc2cc(O)c(O)c([O-])c12,86289522
BPMFZUMJYQTVII-UHFFFAOYSA-M,NC(N)=NCC(=O)[O-],21951818
PGAVKCOVUIYSFO-XVFCMESISA-N,O=c1ccn([C@@H]2O[C@H](COP(=O)(O)OP(=O)(O)OP(=O)(O)O)[C@@H](O)[C@H]2O)c(=O)[nH]1,6133
CXNPLSGKWMLZPZ-ZNIXKSQXSA-N,CN(CC[C@H](N)CC(=O)N[C@H]1C=C[C@H](n2ccc(N)nc2=O)O[C@@H]1C(=O)O)C(=N)N,170012
OVUKTADEDLYYEZ-UHFFFAOYSA-N,CN(C)CC(=O)N1CCC(C(=O)Nc2ncc(SCc3ncc(C(C)(C)C)o3)s2)CC1,137333891
JJJLAXLRPLCXNT-UHFFFAOYSA-O,C[NH2+]CCCC(=O)c1ccc(=O)[nH]c1O,25201425
IASBMUIXBJNMDW-UHFFFAOYSA-N,Nc1ccncc1C(=O)O,319979
SSKSBJYFDDMVGX-QDPLMGLHSA-N,CCCCCC/C=C\CCCCCCCC(=O)O[C@@H](CO)COC(=O)CCCCCCCCCCCCC,53477950
BHMBVRSPMRCCGG-OUTUXVNYSA-M,CCCCC[C@H](O)/C=C/[C@H]1C(=O)C[C@H](O)[C@@H]1C/C=C\CCCC(=O)[O-],20849124
KKJMOABHCCNIEF-GQUPQBGVSA-N,O=c1cc2oc(-c3ccc(O)c(O)c3)c(O[C@@H]3O[C@H](CO)[C@@H](O)[C@H](O)[C@H]3O)cc-2c(O)c1,197082
QCHPKSFMDHPSNR-GSVOUGTGSA-N,C[C@H](C[NH3+])C(=O)[O-],6971064
ZNASARDBUYPQRC-XWXSNNQWSA-M,CC(C)[C@H](CC[C@@H](C)[C@H]1CC[C@H]2[C@@H]3CC=C4C[C@@H](O)CC[C@]4(C)[C@H]3CC[C@]12C)OS(=O)(=O)[O-],126456480
RHCTXHCNRLCYBN-BMCYRRRCSA-N,C/C1=C\CCC(C)(O)/C=C/C(C(C)C)CC1,5352847
PHOJOSOUIAQEDH-UHFFFAOYSA-N,O=C(O)CCCCO,25945
VMSLCPKYRPDHLN-OAQYLSRUSA-N,CC(C)=CCC1=C(O)[C@](O)(CC=C(C)C)C(=O)C(C(=O)CC(C)C)=C1O,442911
KDXKERNSBIXSRK-YFKPBYRVSA-P,[NH3+]CCCC[C@H]([NH3+])C(=O)O,5460925
VIFQAHKDYKZMMS-UHFFFAOYSA-N,COc1cc(OC)c2c(O)c3c(c(-c4c(OC)cc5cc6c(c(O)c5c4OC)C(=O)CC(C)(O)O6)c2c1)OC(C)(O)CC3=O,179522
WJBNIBFTNGZFBW-DJLDLDEBSA-N,OC[C@H]1O[C@@H](n2cnc3cncnc32)C[C@@H]1O,65148
CIKONNGASYDOQA-DNDBPMFYSA-N,CCCCCCCCCCCCCCCCCCCCCCCCCCCC(=O)N[C@@H](COP(=O)([O-])OCC[N+](C)(C)C)[C@H](O)/C=C/CCCCCCCCCC(C)C,70679167
JNANCCREFMIVHM-BDBRCDPUSA-N,CC(C)[C@@H](C)/C=C/[C@@H](C)[C@H]1CC=C2C3=CC=C4C[C@@H](O)CC[C@]4(C)[C@H]3CC[C@@]21C,67282141
GIJZWHLTBMCTJV-GFCQZRJLSA-N,CCCCC/C=C\C(O)/C=C\CCCCCCCC(=O)O,6438497
RZFVLEJOHSLEFR-UHFFFAOYSA-N,O=c1[nH]c2ccccc2c2ccccc12,1853
ZJEIMBOWRAUNAN-UHFFFAOYSA-N,Cc1cc(O)cc(Oc2cc(C)c(C(=O)O)c(O)c2)c1,23786300
SDMADEZQMYCSNO-TYASJMOZSA-L,Nc1ncnc2c1ncn2[C@@H]1O[C@H](COP(=O)([O-])OP(=O)([O-])OC2O[C@H](CO)[C@@H](O)[C@H]2O)[C@@H](O)[C@H]1O,49791950
BHPWCYYINLFUDE-SSDOTTSWSA-N,Cc1ccc(C(=O)C[C@@H]([NH3+])C(=O)[O-])c(N)c1O,102515514
GUERPVMWCQXYEU-IHEPTZRRSA-N,CC(C)[C@@H](C)/C=C/[C@@H](C)[C@H]1CC[C@H]2C3=CC(=O)[C@@]4(O)C[C@@H](O)CC[C@]4(C)[C@@]3(O)CC[C@]12C,21772319
BZNDWPRGXNILMS-VQHVLOKHSA-N,CCNP(=S)(OC)O/C(C)=C/C(=O)OC(C)C,5372405
FPKXBFWMIYHCID-UHFFFAOYSA-N,Cn1c(=O)c2sc3c(=O)n(C)c(=O)c3sc2c1=O,5236877
BVOCPVIXARZNQN-RXMQYKEDSA-O,NC(=O)[C@@H]1CCC[NH2+]C1,6951336
AUNLIRXIJAVBNM-ZSBATXSLSA-N,CC(C)=CCC[C@@H](C)[C@H]1CC[C@H]2C3=C(CC[C@]12C)[C@@]1(C)CCC(=O)C[C@@H]1CC3,22298942
LRWYBGFSVUBWMO-UAAZXLHOSA-N,CC[C@@H](O)/C=C/C=C\C/C=C\C/C=C\C/C=C\CCCC(=O)O,16061126
NODSEPOUFZPJEQ-UHFFFAOYSA-M,Cc1ccc(C(C)C)c(OS(=O)(=O)[O-])c1,78145917
CQQGIWJSICOUON-REOHCLBHSA-L,O=C([O-])[C@@H](O)CS(=O)(=O)[O-],25246047
SEBABOMFNCVZGF-UHFFFAOYSA-N,O=C1Nc2c(CO)ccnc2N(C2CC2)c2ncccc21,453338
VQRPFWMTIIMDKU-KFRXIPAMSA-N,COc1ccc2c3c(c(=O)oc2c1)[C@@](C)(CC/C=C(\C)Cc1cc(C)co1)[C@H](C)O3,10476563
BREATYVWRHIPIY-UHFFFAOYSA-N,Cc1c(Br)c2ccc(F)cc2n1S(=O)(=O)c1ncn(S(=O)(=O)N(C)C)n1,10238657
GLOXZZHEZYKXNV-WJOKGBTCSA-L,CCCCCCCCCCCCCCCC(=O)OC[C@H](COP(=O)([O-])[O-])OC(=O)CCCCCCCCCCCCC,71296209
WXNJNHFYIWEHIL-AHWVRZQESA-N,COc1cc([C@H](O)[C@H](CO)Oc2c(OC)cc(-c3cc(=O)c4c(O)cc(O)cc4o3)cc2OC)ccc1O,21575482
LNDIPJDWEYOMHO-JHOUSYSJSA-N,CCCCCCCCCCCCCCCCCC(=O)N[C@@H](CO)[C@H](O)CCCCCCCCCCCCC,10554446
HYHMLYSLQUKXKP-UHFFFAOYSA-N,CC(C)(CCCCCC(O)CCCCCC(C)(C)C(=O)O)C(=O)O,10472693
SHXWCVYOXRDMCX-UHFFFAOYSA-N,CNC(C)Cc1ccc2c(c1)OCO2,1615
IZFHEQBZOYJLPK-UHFFFAOYSA-N,O=C(O)CCCCC(S)CCS,421
XGGMHQYOVYWRLV-IZNHTBNISA-N,CCCCCC/C=C\CCCCCCCC(=O)O[C@H](COC(=O)CCCCCCCCCCCCC)COP(=O)([O-])OCC[N+](C)(C)C,24778615
HPHUVLMMVZITSG-LURJTMIESA-N,CC[C@@H](C(N)=O)N1CCCC1=O,5284583
QPXIWIXIRHZIMM-OXUVVOBNSA-O,CC(=O)OC[C@H]1O[C@@H](Oc2cc3c(O)cc(O)cc3[o+]c2-c2cc(O)c(O)c(O)c2)[C@H](O)[C@@H](O)[C@@H]1O,15385440
AEAMHDRXCYEOCU-HTDYWKJCSA-N,CCCCCC/C=C\CCCCCCCCCC(=O)O[C@H](COC(=O)CCCCCCCCCCCCCCCCC)COP(=O)([O-])OCC[N+](C)(C)C,24778815
GFFGJBXGBJISGV-UHFFFAOYSA-N,Nc1ncnc2nc[nH]c12,190
FBZONXHGGPHHIY-UHFFFAOYSA-M,O=C(O)c1cc(=O)c2cccc([O-])c2[nH]1,54684684
HOOJDMQIUTXSPU-RHPAUOISSA-N,CCCCCCCC/C=C\CCCCCCCC(=O)N[C@@H](COP(=O)(O)O)[C@H](O)/C=C/CCCCCCCCCCCCC,91825580
VBKMDGXBOWYWHE-UHFFFAOYSA-N,NC1C(=O)N(c2ccc(S(=O)(=O)O)cc2)N=C1C(=O)O,102831
UGADAJMDJZPKQX-UHFFFAOYSA-N,C1=Cc2cc3ccc(cc4nc(cc5ccc(cc1n2)[nH]5)CC4)[nH]3,65106
OWUKZTGSLORTKY-UHFFFAOYSA-N,Oc1ccc(Cl)c2oc3ccc(Cl)cc3c12,11954134
HMUJXQRRKBLVOO-AWEZNQCLSA-N,COc1ccc([C@@H]2CC(=O)c3c(O)cc(O)cc3O2)cc1,160481
TYAJEEFQBLTASC-NNIFVFKYSA-N,CC1=CC[C@@H]([C@@H](C)[C@H]2CC[C@@]3(C)C4=C(C=C(CCC(=O)O)C(=C(C)C)C=C4)CC[C@]23C)OC1=O,451865
RVEKLXYYCHAMDF-UTOQUPLUSA-N,CCC/C=C\C/C=C\CCCCCCCC(=O)O,5312427
ACWASDPGAVYCNI-JKUQZMGJSA-N,CSC[C@@H](O)[C@@H](O)[C@@H](O)C=O,6419710
JEDYYFXHPAIBGR-UHFFFAOYSA-N,C=CCOC(=O)C(C)(C)OC(=O)c1cc(-n2c(=O)cc(C(F)(F)F)n(C)c2=O)ccc1Cl,11826859
AFTBILPWMUSGIN-MYCGWMCTSA-N,COC1=CC(=O)C=C(C/C=C(\C)CC/C=C(\C)CC/C=C(\C)CC/C=C(\C)CC/C=C(\C)CC/C=C(\C)CC/C=C(\C)CCC=C(C)C)C1=O,5280835
HVZOKBODEROMSL-UHFFFAOYSA-N,CCCCCCCCCCCCCCCC1OC(C)C(C)O1,568153
YVUQSNJEYSNKRX-UHFFFAOYSA-N,O=c1[nH]c2ccccc2n1C1CCN(CCCC(c2ccc(F)cc2)c2ccc(F)cc2)CC1,16362
ZNHNJXWKKQKMBU-POWUNZFVSA-N,CCCC/C=C\CCCCCC(O)CC(=O)N[C@@H](COP(=O)([O-])OCC[N+](C)(C)C)[C@H](O)/C=C/CCCCCCCCCCCCC,53481777
JSTYUEOJPRFLHR-SCFUHWHPSA-N,Nc1ncnc2c1ncn2[C@@H]1O[C@H](CCC(=O)c2cccc(C(=O)O)c2)[C@@H](O)[C@H]1O,56927843
BKKPIQPFRAPEAY-UHFFFAOYSA-O,COc1ccc(-c2nnc(C(=O)N3CC(Oc4ccc(C[NH+]5CC6(COC6)C5)cc4)C3)o2)cc1,131801214
ZADWXFSZEAPBJS-UHFFFAOYSA-N,Cn1cc(CC(N)C(=O)O)c2ccccc21,98112
KLCPKPIDOPBIQW-UHFFFAOYSA-N,O=C(O)c1cccc2[nH]c(=O)n(Cc3ccc(-c4ccccc4-c4nn[nH]n4)cc3)c12,10047287
YTTRPBWEMMPYSW-HRRFRDKFSA-N,CC(=O)N[C@@H]1[C@@H](O)[C@H](O)[C@@H](CO)O[C@H]1NC(=O)C[C@H](N)C(=O)O,123826
PFGGLNMBUNROLG-UHFFFAOYSA-N,C[n+]1c(-c2ccc(NCCCNC(=O)CN(CCN(CC(=O)[O-])CC(=O)O)CC(=O)O)cc2)c2cc(N)ccc2c2ccc(N)cc21,4125251
KGUUUDYKWYRRMZ-KTFRZDGWSA-N,C=C(C)/C1=C/C=C(\C)CC/C=C(\C)C[C@@H]2C=C(CC1)C(=O)O2,70698063
JGCSKOVQDXEQHI-UHFFFAOYSA-M,O=C([O-])c1cccc2nc3ccccc3nc12,7097402
PZVVXRYHDITUNJ-UHFFFAOYSA-J,[Cl][Zn-2]([Cl])([Cl])[Cl],61755
JDZNTUQRMDAIRO-UHFFFAOYSA-N,CC(CCC(C)OS(C)(=O)=O)OS(C)(=O)=O,5937
REEQLXCGVXDJSQ-UHFFFAOYSA-N,O=C(O)COc1nc(Cl)c(Cl)cc1Cl,41428
YLZRFVZUZIJABA-YFKPBYRVSA-N,CC(=O)NCC[C@H](N)C(=O)O,441021
CKPBBEOJHAPPBT-HXUWFJFHSA-N,CCCCCCCCCCCCCCCC(=O)O[C@H](CO)COP(=O)([O-])OCC[NH3+],90657394
DSLZVSRJTYRBFB-DUHBMQHGSA-M,O=C(O)[C@@H](O)[C@H](O)[C@H](O)[C@@H](O)C(=O)[O-],24755503
GEEHOLRSGZPBSM-KUBAVDMBSA-N,CC/C=C\C/C=C\C/C=C\C/C=C\C/C=C\C/C=C\CCC(=O)NCCO,5283451
AVHQKPCIRVFOIC-MRLRKSOKSA-N,COC(C)(C)C/C=C/C(C)=C/C=C/C(C)=C/C=C/C(C)=C/C=C/C=C(C)/C=C/C=C(C)/C=C/C=C(C)/C=C/C(O)C(C)(C)OC,90658243
YIUHXZHKDQGNOC-UHFFFAOYSA-M,CCCCCCCCCCCCCCCCCCCCCCCCCC(=O)NCC(=O)[O-],91828267
KCEGBPIYGIWCDH-UHFFFAOYSA-M,CC(N)C(N)CCCCCC(=O)[O-],5460128
GOZVFLWHGAXTPA-UHFFFAOYSA-N,CCCc1cccc(O)c1O,3014143
HGDSWAFBFCKSIU-UHFFFAOYSA-N,COc1cc(Cc2c(N)nc(N)nc2Cl)cc(OC)c1OC,12254396
HDMYXONNVAOHFR-QGQBRVLBSA-N,CC/C=C\C/C=C\CC(/C=C/C=C\C/C=C\CCCC(=O)O)OO,86289461
JPIYZTWMUGTEHX-UHFFFAOYSA-N,CN(C)c1ccc(C(=N)c2ccc(N(C)C)cc2)cc1,10298
KHTYGJUWLVVTFY-NITNPBSFSA-N,CCCCCCCCCCCCCCCC(=O)N[C@@H](CO[C@@H]1O[C@H](CO)[C@@H](O)[C@H](O)[C@H]1O)[C@H](O)/C=C/CCCCCCCCCC(C)C,70679060
DGABKXLVXPYZII-SIBKNCMHSA-N,C[C@H](CCC(=O)O)[C@H]1CC[C@H]2[C@@H]3C[C@H](O)[C@@H]4C[C@H](O)CC[C@]4(C)[C@H]3CC[C@]12C,5283820
FKIGOUKDKBOZID-ZDUSSCGKSA-N,[NH3+][C@@H](CCCCNC(=O)Cc1c[nH]c2ccccc12)C(=O)[O-],36688085
DQFBYFPFKXHELB-VAWYXSNFSA-N,O=C(/C=C/c1ccccc1)c1ccccc1,637760
RFWGABANNQMHMZ-ZCHJGGQASA-N,C/C=C1/[C@H](O[C@@H]2O[C@H](CO)[C@@H](O)[C@H](O)[C@H]2O)OC=C(C(=O)OC)[C@H]1CC(=O)OCCc1ccc(O)c(O)c1,5281544
DOUYETYNHWVLEO-UHFFFAOYSA-N,CC(C)Cn1cnc2c(N)nc3ccccc3c21,57469
IXONDWQZWWLZDF-ZCMVJGEESA-N,CC1=C[C@@H]2/C=C(\C)C[C@H](CO)C[C@H](O)/C=C\C(=O)O[C@]23C(=O)N[C@@H](CC(C)C)[C@@H]3[C@@H]1C,10622584
KTSZDHMDBQVCIB-WUAMPTBBSA-N,C=CC(C)(C=O)SC[C@H](NC(=O)CC[C@H](N)C(=O)O)C(=O)NCC(=O)O,118987354
SHISHHBVUCCUJC-ZXFNITATSA-M,CCCCNC(=O)[C@@H](NC(=O)[C@H](N)c1ccc(O)cc1)[C@@H]1N[C@@H](C(=O)[O-])C(C)(C)S1,122391257
FAFSAZIEJFMBBY-PDBXOOCHSA-M,CC/C=C\C/C=C\C/C=C\CCCCCCC(=O)[O-],72193729
RHGKLRLOHDJJDR-BYPYZUCNSA-N,NC(=O)NCCC[C@H](N)C(=O)O,9750
IDHBLVYDNJDWNO-UHFFFAOYSA-N,CCCCCCCC(=O)OCCC,69351
QXKAIJAYHKCRRA-YVZJFKFKSA-M,O=C([O-])[C@H](O)[C@@H](O)[C@@H](O)CO,5459849
UUQMNUMQCIQDMZ-UHFFFAOYSA-N,CNCCc1ccccn1,2366
HVAUUPRFYPCOCA-AREMUKBSSA-N,CCCCCCCCCCCCCCCCOC[C@H](COP(=O)([O-])OCC[N+](C)(C)C)OC(C)=O,108156
BJGNCJDXODQBOB-SSDOTTSWSA-N,O=C(O)[C@H]1CSC(c2nc3ccc(O)cc3s2)=N1,92934
LTFMZDNNPPEQNG-KVQBGUIXSA-N,Nc1nc2c(ncn2[C@H]2C[C@H](O)[C@@H](COP(=O)(O)O)O2)c(=O)[nH]1,135398597
ADRDEXBBJTUCND-UHFFFAOYSA-N,C1CC2CCCN2C1,12558
ICCXIDTYQFYPNV-UCPYNOCCSA-N,COCCO[C@@H](C)CO[C@H](C)CO[C@H](C)CO[C@H](C)CO[C@@H](C)CO[C@@H](C)CO[C@H](C)CO[C@H](C)COC[C@H](C)N,45480539
ZZUMXQCSMJCDDC-DFQOQHGMSA-M,C[C@H](CCC(=O)[O-])[C@H]1CC[C@H]2[C@@H]3[C@H](O)CC4=CC(=O)CC[C@]4(C)[C@H]3C[C@H](O)[C@]12C,20848972
WBTJXIONXAFNAJ-FPLPWBNLSA-N,CCCCCC/C=C\CCNS(=O)(=O)O,24796775
YPWHZCPMOQGCDQ-HMFCTUEFSA-N,O=c1c(O)c(-c2ccc(O)cc2)oc2cc(O[C@@H]3O[C@H](CO)[C@H](O)[C@H](O)[C@H]3O)cc(O)c12,72551439
WTAHRPBPWHCMHW-LWKDLAHASA-N,O=C(O)[C@@H](O)C(=O)[C@H](O)[C@@H](O)CO,439273
ISDBCJSGCHUHFI-UMZPFTBHSA-N,CC(C)CCC[C@@H](C)CCC[C@@H](C)CCC[C@@H](C)CCOC[C@@H](CO)OCC[C@H](C)CCC[C@H](C)CCC[C@H](C)CCCC(C)C,446373
JTBRVTASGISCGJ-RHNOWPELSA-N,N[C@@H](COP(=O)(O)O[C@H]1O[C@H](CO)[C@@H](O)[C@H](O)[C@@H]1O)C(=O)O,57339225
XIGSAGMEBXLVJJ-YFKPBYRVSA-N,NC(=O)NCCCC[C@H](N)C(=O)O,65072
LBGFKUUHOPIEMA-PEARBKPGSA-N,CCCCCCCCCCCCCCCC(=O)Nc1ccn([C@@H]2O[C@H](CO)[C@@H](O)[C@@H]2C#N)c(=O)n1,153970
OVRNDRQMDRJTHS-RTRLPJTCSA-N,CC(=O)N[C@H]1C(O)O[C@H](CO)[C@@H](O)[C@@H]1O,439174
QIOOKVHMPPJVHS-YFVJMOTDSA-N,CC(C)=CCC/C(C)=C/CC/C(C)=C/COP(=O)(O)OP(=O)(O)OP(=O)(O)O,5280571
IZACTWNYDHZBGG-BEAALGTASA-N,CCCCCCCCCCCCCCCCCCCCC(=O)N[C@@H](CO)[C@H](O)[C@H](O)CCCCCCCCCCC(C)C,71581148
OFBHPPMPBOJXRT-DPXQIYNJSA-N,O=C(O)CC(Nc1ncnc2c1ncn2[C@@H]1O[C@H](COP(=O)(O)O)[C@@H](O)[C@H]1O)C(=O)O,440122
OSKWTWSFSUAPKP-KQUFBQNASA-N,C[C@H](CS)C(=O)N1C[C@@H](Sc2ccccc2)C[C@H]1C(=O)O.NC(N)=NCCC[C@H](N)C(=O)O,11954366
UEJJHQNACJXSKW-UHFFFAOYSA-N,O=C1CCC(N2C(=O)c3ccccc3C2=O)C(=O)N1,5426
FFSBEIRFVXGRPR-UHFFFAOYSA-L,C[N+](C)(C)CCOC(=O)CCC(=O)OCC[N+](C)(C)C.O.O.[Cl-].[Cl-],656867
QDHJODLKDXVQTN-MCCMHAQWSA-N,COC(=O)c1ccc(O)c(NC(=O)CC[C@]2(C)C(=O)C=C[C@]34C[C@H]5C[C@H](O[C@@]5(CO)C3)[C@H]42)c1O,52937685
BXUACRNRHHRDQP-OIDHKYIRSA-N,CCCCCCCCCCCCCCCC(=O)N[C@@H](COP(=O)(O)OCCN)[C@H](O)CCCCCCCCCCCCCCC,86289617
XNTZVXIZBNJULD-NWVWQQAFSA-N,C[C@H](N)C(=O)N[C@@H](Cc1ccccc1)C(=O)N1CCC[C@H]1C(=O)Nc1ccc2ccccc2c1,92489511
ALVDDLOWVXJXCD-SPRJYOCZSA-N,CCCCOc1ccc(C[N+]2(C)[C@@H]3CC[C@H]2CC(OC(=O)[C@H](CO)c2ccccc2)C3)cc1,656593
UAQQFXVYJQYYLP-KPGQUCGCSA-N,C=CC1=C(C)C(=O)N/C1=C\c1[nH]c(N=Nc2ccccc2C(=O)OCC)c(CCC(=O)O)c1C,135857566
BKYWPNROPGQIFZ-UHFFFAOYSA-N,Cc1ccc(C(=O)O)c(C)c1,11897
MXOQNVMDKHLYCZ-UHFFFAOYSA-N,N/C(=N\O)c1ccccc1,7259353
DDXCFDOPXBPUJC-CECBSOHTSA-M,O=C([O-])[C@@H](CO)O[C@H]1O[C@H](CO)[C@@H](O)[C@H](O)[C@H]1O,53262367
OSUHJPCHFDQAIT-GFCCVEGCSA-N,CCOC(=O)[C@@H](C)Oc1ccc(Oc2cnc3cc(Cl)ccc3n2)cc1,1617113
LGNSZMLHOYDATP-HLTSFMKQSA-N,C[C@@H]1C=C[C@@H]2[C@H](C1)C2(C)C,16211587
ASNURABVVXFZSH-CGWCWHFRSA-N,CC(C)=CCC(O)C(C)CCC/C(C)=C/CCC(C)C[C@@H](O)[C@@H](N)CO,42608352
VACHUYIREGFMSP-IRXDYDNUSA-N,CCCCCCCC[C@H](O)[C@@H](O)CCCCCCCC(=O)O,12235230
MBRJJFOQKYCVGM-IEZDNMIOSA-N,CCCCCCCCCCCCCCCCCCCCCC(=O)N[C@@H](COP(=O)([O-])OCC[N+](C)(C)C)[C@H](O)CCCCCCCCCCC(C)CC,118987325
XIMHLIFRXMEWEW-HMFSKKNISA-N,Cc1c(O)c2c(c(C)c1O[C@@H]1O[C@H](CO)[C@@H](O)[C@H](O)[C@H]1O)O[C@H](c1cc(O)ccc1O)CC2=O,183137
DMLAVOWQYNRWNQ-UHFFFAOYSA-N,c1ccc(N=Nc2ccccc2)cc1,2272
YACKEPLHDIMKIO-UHFFFAOYSA-M,CP(=O)([O-])O,21680363
RSYUFYQTACJFML-DZGCQCFKSA-N,Oc1ccc([C@H]2Oc3cc(O)cc(O)c3C[C@@H]2O)cc1,442154
CAOQRBMKUULMGN-AWZVLNPTSA-N,CC/C=C\C/C=C\C/C=C\C/C=C\C/C=C\C/C=C\CC/C=C/C(=O)O,52921827
MVYSUTIAAQDMGB-UHFFFAOYSA-N,CC(C)CCCC(C)CCCC(C)CCC(=O)C(C)C(=O)O,70788953
HFRLHSQAZLWVEE-HZJYTTRNSA-N,CCCCC/C=C\C/C=C\CCCCCCCC(=O)Nc1ccccc1,6437086
WLKCSMCLEKGITB-DBVSHIMFSA-N,CC/C=C\C[C@H](O)/C=C/C=C\C/C=C\C/C=C\CCCC(=O)O,5283192
JSFATNQSLKRBCI-UDQWCNDOSA-N,CCCCC[C@@H](O)/C=C/C=C\C/C=C\C/C=C\CCCC(=O)O,5283169
PUEDDPCUCPRQNY-ZYUZMQFOSA-N,O=C([O-])c1ccc[n+]([C@@H]2O[C@H](CO)[C@@H](O)[C@H]2O)c1,161233
WSBZDTWHZJNGKQ-ZRNGKTOUSA-N,COc1cccc2oc3c4c(cc(OC)c3c(=O)c12)O[C@H]1OCC[C@@H]41,14608351
WSIMYNVGZCRMEY-UHFFFAOYSA-N,Cn1c(O[Si](C)(C)C)cnc1N([Si](C)(C)C)[Si](C)(C)C,552807
KWYNDVHEQWYGIL-YSZCXEEOSA-N,C[C@]12CC[C@H](O)C[C@@H]1CC[C@@H]1[C@@H]2CC[C@]2(C)[C@@H](OS(=O)(=O)O)CC[C@@H]12,87649034
QVTQYSFCFOGITD-UHFFFAOYSA-N,O=C(O)c1cc(Cl)ccc1Cl,5784
JLQUFIHWVLZVTJ-UHFFFAOYSA-N,CCCCN(CCCC)SN(C)C(=O)Oc1cccc2c1OC(C)(C)C2,41384
XMULUVSUDUCTFU-QDKHZERXSA-N,C[C@H](CC[C@H](O)[C@@H](C)CO)[C@H]1CC[C@H]2[C@@H]3CC=C4C[C@@H](O)CC[C@]4(C)[C@H]3CC[C@]12C,91825749
AIZYCSWYKJZWGJ-UHFFFAOYSA-L,[O]OP(=O)([O-])[O-],9605258
YMBXTVYHTMGZDW-UHFFFAOYSA-M,CC(C(=O)[O-])c1ccc(CC2CCCC2=O)cc1,46924818
BUDNAJYVCUHLSV-ZLUOBGJFSA-N,C[C@H](N)C(=O)N[C@@H](CC(=O)O)C(=O)N[C@@H](CO)C(=O)O,71464691
UAUDZVJPLUQNMU-KTKRTIGZSA-N,CCCCCCCC/C=C\CCCCCCCCCCCC(N)=O,5365371
WTOVDVFGOSWBFR-UHFFFAOYSA-L,CC(=O)CC(=O)c1c(CC(=O)[O-])cc2c(c1[O-])C(=O)c1c(O)cccc1C2=O,90659892
IMCGKQALNIGVRI-RWYGWLOXSA-N,CCCCCCCCCCCCCCCCCCCCCC(=O)O[C@@H](CO)COC(=O)CCCCCCCCCCCCCCCCC,9543810
FERIUCNNQQJTOY-UHFFFAOYSA-M,CCCC(=O)[O-],104775
UCWHHFGTUDDROG-DNKDVBPTSA-N,CC(=O)CCCC(C)(C)C(=O)CC/C(C)=C/CC[C@@]1(C)CC[C@@H]([C@@H](C)C(=O)O)OO1,21776156
PSHXNVGSVNEJBD-LJQANCHMSA-N,CCCCCCCCCCCCCC(=O)O[C@H](CC(=O)[O-])C[N+](C)(C)C,53477791
JHTBRMHXRULRGV-UHFFFAOYSA-O,C=CC1=C(C)c2cc3[n-]c(cc4[nH+]c(cc5[n-]c(cc1[nH+]2)c(C)c5CCC(=O)OC)C(CCC(=O)O)=C4C)c(C)c3C=C.[Mg+2],9548563
RZVIXHNWFHNVDI-UHFFFAOYSA-N,O=CN1CCN(C(=O)C(Cl)Cl)CC1,154408
IIHDTJRXBMXFDL-UHFFFAOYSA-M,O=C1C=C(O)c2cccc([O-])c2C1=O,25202315
FDNUAHPLMXZWLS-UHFFFAOYSA-M,CC(=O)NCP(=O)([O-])O,90659021
SNYJGFQPMREKTL-RIBUPEPRSA-N,COC(=O)c1ccc(O)c(NC(=O)CC[C@]2(C)C(=O)C=C[C@]34C[C@@]5(O)C[C@H](O[C@@]5(C)C3)[C@H]42)c1O,52937684
ZNBLDVJPJJWYKW-QWJXWIJWSA-N,C[C@@]12C=C(Cl)C(=O)[C@H]1C1=C(CC2)[C@]2(CCl)C(=CC1=O)C=C[C@H](Cl)[C@H]2Cl,11165999
YVLPJBAIVAPEFU-UHFFFAOYSA-N,COc1cc(OC)c2c(c1)c(-c1c(OC)cc3cc4oc(C)cc(=O)c4c(O)c3c1OC)c(O)c1c(=O)cc(C)oc12,10995389
VOCBWIIFXDYGNZ-IXKNJLPQSA-N,CCCCCCC(=O)O[C@H]1CC[C@H]2[C@@H]3CCC4=CC(=O)CC[C@]4(C)[C@H]3CC[C@]12C,9416
XRKMNJXYOFSTBE-UHFFFAOYSA-N,O.O.[C-]#N.[C-]#N.[C-]#N.[C-]#N.[C-]#N.[Fe+4].[N-]=O.[Na+].[Na+],11953895
IMUBGIOLZQTIGI-UHFFFAOYSA-N,C=CCc1ccc2c(c1O)C(=O)c1ccccc1C2=O,4412951
FMKSMYDYKXQYRV-UHFFFAOYSA-N,N#Cc1c[nH]c2nc(N)[nH]c(=O)c12,135446206
BSLSKFONEPFAKO-XVFCMESISA-L,Nc1ccn([C@@H]2O[C@H](COP(=O)([O-])OP(N)(=O)[O-])[C@@H](O)[C@H]2O)c(=O)n1,134716619
XNFVDGDQGGSJGD-JBUAYWKOSA-M,CC/C=C\C[C@H](O)/C=C/C=C\C=CC=C[C@H](SC[C@H]([NH3+])C(=O)[O-])[C@H](O)C/C=C\CCC(=O)[O-],132472355
LDUBDFDZFOQXGF-HTGUDJHRSA-N,O=C(O)CCCCCC[C@H]1C(=O)C[C@@H](O)[C@@H]1/C=C/[C@@H](O)CCCCCO,6443810
CIGFWENQAXVDOM-UHFFFAOYSA-N,CCCC(C)CCCC(C)CCCC(C)CCCC(C)C,29036
SQUNAWUMZGQQJD-UHFFFAOYSA-N,CCc1ccc(C(=O)C(C)CN2CCCCC2)cc1,3236
WJFVEEAIYIOATH-JAJWTYFOSA-M,CC(=O)N[C@@H]1[C@@H](O)[C@@H](O)[C@@H](COS(=O)(=O)[O-])O[C@H]1O,54758613
WUYQEGNOQLRQAQ-CQSZACIVSA-N,COc1cc2c3c(c1OC)C1(C=CC(=O)C=C1)C[C@H]3N(C)CC2,200480
JUJIQKRWLCSYQD-WAWZGNHOSA-N,COc1cc2c(cc1O)[C@@H](c1cc(OC)c(O)c(OC)c1)[C@H](CO)[C@@H](CO)C2,70697973
BXBFVCYLJXGOGI-UHFFFAOYSA-M,CC(=O)Nc1cc(C(=O)O)ccc1[O-],90657256
UVHRDGWHIDFWID-UHFFFAOYSA-M,CCCCCCCCCCCCCCCC(=O)OC(CCCCCCCC)CCCCCCCCC(=O)[O-],86290197
JJFGFASKBCXOBF-UHFFFAOYSA-N,CC1(N)C(=O)NC(=O)NC1C1C=C2NC(=O)N21,118987300
FCGNCJNTFRMBQY-PLNGDYQASA-L,CSCC/C(=C/C(=O)[O-])C(=O)[O-],122164863
BYCZEMFWXYCUSJ-UHFFFAOYSA-N,CCCCCCCCCC(O)CCCCCCCCCCCC(=O)O,151842
IVKGLRZLTNXWKF-VAWYXSNFSA-N,COc1cc(O)c(Cc2ccccc2O)c(O)c1C(=O)/C=C/c1ccccc1,26249303
DLRVVLDZNNYCBX-PSWXTKDHSA-N,OC[C@H]1O[C@H](OC[C@H]2O[C@H](O)[C@H](O)[C@@H](O)[C@H]2O)[C@H](O)[C@@H](O)[C@@H]1O,91862215
KWGRBVOPPLSCSI-WPRPVWTQSA-O,C[NH2+][C@@H](C)[C@H](O)c1ccccc1,6922965
WIWFIKCSWKFLRM-UZTSRZBGSA-M,CC(O)CCC[C@H](O)/C=C/[C@@H]1[C@@H](CCCCCCC(=O)[O-])[C@@H]2C[C@H]1OO2,102571761
DTGZHCFJNDAHEN-OZEXIGSWSA-N,CC[C@H]1CN2CCc3cc(OC)c(OC)cc3[C@@H]2C[C@@H]1C[C@H]1NCCc2cc(O)c(OC)cc21,442195
JJQKICOADUKSNS-UHFFFAOYSA-O,[NH3+]CCCCNS(=O)(=O)c1ccc2c(Cl)cccc2c1,40152782
FMMWHPNWAFZXNH-UHFFFAOYSA-N,c1ccc2c(c1)cc1ccc3cccc4ccc2c1c34,2336
BKVIWGRFRKLFIO-UHFFFAOYSA-O,COc1cc(COc2cc(N)c(Cl)cc2C(=O)CCC2CCN(CCNS(C)(=O)=O)CC2)cc(OC)c1.[H+],56927923
OVPNQJVDAFNBDN-UHFFFAOYSA-N,O=C(NC1CCNCC1)c1[nH]ncc1NC(=O)c1c(Cl)cccc1Cl,11338033
ZAIPMKNFIOOWCQ-UEKVPHQBSA-M,CC1=C(C(=O)[O-])N2C(=O)[C@@H](NC(=O)[C@H](N)c3ccccc3)[C@H]2SC1,21672389
JAPHQRWPEGVNBT-UTUOFQBUSA-M,N[C@@H](C(=O)N[C@@H]1C(=O)N2C(C(=O)[O-])=C(Cl)CC[C@H]12)c1ccccc1,45266920
ZWVBCRHOFNVAHM-UHFFFAOYSA-N,CN1c2ccccc2Nc2c(O)cccc21,439562
LPDGUCIMNBNWEJ-BXZVQSHESA-N,CC/C=C\C/C=C\C/C=C\CCCCCCCC(=O)OC[C@H](COP(=O)([O-])OCC[N+](C)(C)C)OC(=O)CCCCCCC/C=C\CCCCCCCC,24778989
YJTNHDYMQPHXFO-UHFFFAOYSA-M,CP(=O)(O)CCC(=O)C(=O)[O-],45266520
SLXKOJJOQWFEFD-UHFFFAOYSA-N,NCCCCCC(=O)O,564
FROZIYRKKUFAOC-UHFFFAOYSA-N,S=C([S-])NCCNC(=S)[S-].[NH4+].[NH4+],44558527
MPKIDHIOYNMFES-CLTBVUQJSA-N,CCCCCCCCCCCCCCCCCCCCCCCC(=O)N[C@@H](CO[C@H]1O[C@H](CO)[C@H](O)[C@H](O)[C@H]1O)[C@H](O)[C@H](O)CCCCC,2826714
QJDNHGXNNRLIGA-DOFZRALJSA-N,CCCCC/C=C\C/C=C\C/C=C\C/C=C\CCCC(=O)NCCc1c[nH]c2ccc(O)cc12,10027372
WRUGWIBCXHJTDG-UHFFFAOYSA-L,O.O.O.O.O.O.O.O=S(=O)([O-])[O-].[Mg+2],24843
MPMFCABZENCRHV-UHFFFAOYSA-P,CC[NH+](CC)CCOc1ccc2c(c1)C(=O)c1cc(OCC[NH+](CC)CC)ccc1-2,6956370
HNUJQUYWDAIHPF-BXKMTCNYSA-N,COc1c2c(cc3c1[C@@H]1Oc4cc(O)c(CCC(C)(C)O)cc4[C@@H]1CO3)OC(C)(C)CC2,56925919
OYTCTPHTVUEGCL-GCPOEHJPSA-N,COc1cc(/C=C/C=O)cc(OC)c1O[C@@H]1O[C@H](CO)[C@@H](O)[C@H](O)[C@H]1O,25791064
QLXUWTYTRCCZFU-DSTOTDLSSA-N,CCCCC/C=C\C[C@H](O)/C=C/C=C\C/C=C\C/C=C\CCC(=O)O,72205182
OPCRGEVPIBLWAY-QNRZBPGKSA-N,CCCCC/C=C\C=C\C(=O)OCC,5281162
QULKGELYPOJSLP-WCABBAIRSA-N,C=CCSCC(=O)N[C@@H]1C(=O)N2[C@@H]1SC(C)(C)[C@@H]2C(=O)O,71365
QSWUCBJNTODEKO-PKOGLCCJSA-N,O=C1c2ccc(O)cc2O[C@H](c2ccc(O)c(O)c2)[C@@H]1O[C@@H]1O[C@H](CO)[C@H](O)[C@H](O)[C@H]1O,440031
NNULBSISHYWZJU-LLKWHZGFSA-M,CO/N=C(\C(=O)N[C@@H]1C(=O)N2C(C(=O)[O-])=CCS[C@H]12)c1csc(N)n1,45266517
GMAUQNJOSOMMHI-JXAWBTAJSA-N,CCOC(=O)CCN(Cc1ccccc1)SN(C)C(=O)O/N=C(/C)SC,9576091
VFUQUVNXRJJNEQ-UHFFFAOYSA-N,CCCCCCCCCCCCCCCCOC(=O)CCCCCCCCCCCCCCCC,19099096
LESVOLZBIFDZGS-UHFFFAOYSA-N,CNC(=O)C(C)SCCSP(=O)(OC)OC,560193
XVUQHFRQHBLHQD-UHFFFAOYSA-N,O=C(O)Cc1cn(-c2ccccc2)nc1-c1ccc(Cl)cc1,68706
HHXMXAQDOUCLDN-RXMQYKEDSA-N,O=C1C[C@H]2SC=CN12,25164000
LKPLKUMXSAEKID-UHFFFAOYSA-N,O=[N+]([O-])c1c(Cl)c(Cl)c(Cl)c(Cl)c1Cl,6720
HJEZFVLKJYFNQW-FKKRWUELSA-O,COc1cccc2c1C(=O)c1c(O)c3c(c(O)c1C2=O)C[C@@](O)(C(C)O)C[C@@H]3O[C@H]1C[C@H]([NH3+])[C@H](O)[C@H](C)O1,71668325
RLQGXMDNSAWICR-KJHCXILBSA-N,CC12C(=O)NC(=O)N([C@H]3C[C@H](O)[C@@H](CO)O3)C1C1C2C(N)=NC(=O)N1[C@H]1C[C@H](O)[C@@H](CO)O1,118987306
DCXYFEDJOCDNAF-REOHCLBHSA-N,NC(=O)C[C@H](N)C(=O)O,6267
HSGQUCFRADTCMJ-WXYGLEJPSA-N,COc1cc([C@H](O)[C@@H](CO)Oc2c(OC)cc([C@@H]3Oc4c(OC)cc(C=O)cc4[C@H]3CO)cc2OC)ccc1O,53356209
VZKXOWRNJDEGLZ-WHFBIAKZSA-N,N[C@@H](CS)C(=O)N[C@@H](CC(=O)O)C(=O)NCC(=O)O,51037954
ZXNAIPHYBVMMPY-KTKRTIGZSA-N,CCCCCCCC/C=C\CCCCCCCCCCCC(=O)OCC(O)CO,5378924
JUDKOGFHZYMDMF-CQSZACIVSA-N,Oc1cc2c(cc1O)[C@@H](c1ccccc1)CNCC2,6852376
OMFRMAHOUUJSGP-IRHGGOMRSA-N,Cc1c(COC(=O)[C@@H]2[C@H](/C=C(\Cl)C(F)(F)F)C2(C)C)cccc1-c1ccccc1,6442842
HRNHRTOXACGZNE-KXMOHCNRSA-M,CC/C=C\C[C@H](O)C(O)/C=C/C=C/C=C\C/C=C\CCCCCC(=O)[O-],132472352
GFSIRKGSRCAQRP-BSTDZIDZSA-N,CC1=C\C/C=C(\C)C[C@@H]2C=C(CC[C@H](C(C)C)\C=C\1)C(=O)O2,70698096
XUACNUJFOIKYPQ-ONKIVUJISA-N,O=C(Cc1c[nH]c2ccccc12)OC1[C@H](O)[C@H](O)C(O)[C@H](O)[C@H]1O,440152
RARAOODWVODFGU-UHFFFAOYSA-N,COC(=O)C(N)Cc1ccc2nc(Oc3ccccc3)ccc2c1,24755552
UIERETOOQGIECD-ONEGZZNKSA-N,C/C=C(\C)C(=O)O,125468
KCKBTWNNYSDHSE-MIUGBVLSSA-N,O=C(Cc1ccc(O)c(O)c1)O[C@H]1[C@H](OCCc2ccc(O)cc2)O[C@H](CO)[C@@H](O)[C@@H]1O,16091523
QPAKPKTWPHSHSA-DAGMQNCNSA-N,Nc1ncnc2c1cnn2[C@@H]1O[C@@H]2COP(=O)(O)O[C@H]2[C@H]1O,91666334
PUGBZUWUTZUUCP-ZRKHGVCBSA-N,CC(C)[C@@H](C)CC[C@@H](C)[C@H]1CC[C@H]2C3=CC[C@H]4C[C@@H](O)CC[C@]4(C)[C@H]3CC[C@]12C,5283646
RVKCCVTVZORVGD-UHFFFAOYSA-N,CCOC(=O)C1CC(=O)C(=C(O)C2CC2)C(=O)C1,92421
SEEZIOZEUUMJME-FOWTUZBSSA-N,CCCCCc1cc(O)c(C/C=C(\C)CCC=C(C)C)c(O)c1C(=O)O,6449999
CLQMBPJKHLGMQK-CYBMUJFWSA-N,CC(C)[C@@]1(C)N=C(c2ncccc2C(=O)O)NC1=O,766748
ZUJSHYQIANYKJH-SNAWJCMRSA-N,COc1cc(/C=C/C=O)cc(OC)c1OC(C)=O,10922936
JPAUCQAJHLSMQW-XPORZQOISA-N,Cc1ccc(O[C@@H]2O[C@H](C(=O)O)[C@@H](O)[C@H](O)[C@H]2O)cc1,154035
APAJFZPFBHMFQR-UHFFFAOYSA-N,O=C1c2ccc(O)cc2C(=O)c2ccc(O)cc21,6776
GBBSUAFBMRNDJC-UHFFFAOYSA-N,CN1CCN(C(=O)OC2c3nccnc3C(=O)N2c2ccc(Cl)cn2)CC1,5735
PMFMJXPRNJUYMB-GWOFURMSSA-K,O=C([O-])c1ccccc1N[C@@H]1O[C@H](COP(=O)([O-])[O-])[C@@H](O)[C@H]1O,9548600
HVPFXCBJHIIJGS-LURJTMIESA-N,CN=C(NC)NCCC[C@H]([NH3+])C(=O)[O-],51351707
PUSZIIJNQWXJDO-IBLCYFAMSA-N,OC[C@H]1O[C@@H](OC[C@@H](O)[C@@H]2O[C@@H](O)[C@H](O)[C@H]2O)[C@H](O)[C@@H](O)[C@H]1O,91848006
ZNWYDQPOUQRDLY-WHFBIAKZSA-N,[NH3+][C@@H](CC[Se]C[C@H]([NH3+])C(=O)[O-])C(=O)[O-],52921580
QOLYAJSZHIJCTO-VQVTYTSYSA-N,C[C@@H](O)[C@H](N)C(=O)N1CCC[C@H]1C(=O)O,9834371
FUZOZPRKGAXGOB-UHFFFAOYSA-M,CCC(NC(=O)CCC([NH3+])C(=O)[O-])C(=O)[O-],78437958
KCFRUUYAXCDZNZ-UHFFFAOYSA-N,CCCCCCCCCCCC(=O)NCCS(=O)(=O)O,3016215
XYUPSBLFPTWJLC-GSVOUGTGSA-N,C[C@@H](NCC(=O)O)C(=O)O,5462254
DIMRZANPBVLDAV-UHFFFAOYSA-M,O=C1C=C([O-])C(Cl)=NC1=O,139036277
MOYAFQVGZZPNRA-UHFFFAOYSA-N,CC1=CCC(=C(C)C)CC1,11463
XFALURCRIGINGT-UHFFFAOYSA-N,O=c1cc[nH]c2ccc(O)cc12,440738
SEHDRAXGPBPQKE-AWEZNQCLSA-N,Cc1c(O)cc(O)c2c1O[C@H](c1ccccc1O)CC2=O,53262726
GASPGIDKILJBMM-PGUFJCEWSA-L,CCCCCCCCCCCCCCCCCC(=O)O[C@H](COC(=O)CCCCCCCCCCCCCCC)COP(=O)([O-])[O-],71296208
PORMUFZNYQJOEI-UHFFFAOYSA-N,CNS(=O)(=O)Cc1ccc2[nH]cc(CCN(C)C)c2c1.O=C(O)CCC(=O)O,59772
GOADIQFWSVMMRJ-UPGAGZFNSA-N,CCOc1ccc(Cc2cc([C@@H]3O[C@H](CO)[C@@H](O)[C@H](O)[C@H]3O)ccc2Cl)cc1.C[C@H](O)CO.O,24906252
HEMSJKZDHNSSEW-UHFFFAOYSA-N,Cc1cc(OC(=O)c2c(C)cc(O)cc2O)cc(O)c1C(=O)O,99613
LDHQCZJRKDOVOX-IHWYPQMZSA-M,C/C=C\C(=O)[O-],9548795
CTYRPMDGLDAWRQ-UHFFFAOYSA-N,O=S(=O)(O)Oc1ccccc1,74426
HHJTWTPUPVQKNA-PIIMIWFASA-O,CCCCCCCCCCCCC/C=C/[C@@H](O)[C@@H]([NH3+])CO[C@@H]1O[C@H](CO)[C@H](O)[C@H](O)[C@H]1O,25245298
BOWUOGIPSRVRSJ-UHFFFAOYSA-N,NC1CCCCNC1=O,102463
ALVRYIMWRLMAGB-DBXJBYPCSA-M,C/C(=C\CC/C(C)=C/CC/C(C)=C/CC/C(C)=C/C(=O)[O-])CO,86583468
YFGHCGITMMYXAQ-UHFFFAOYSA-N,NC(=O)CS(=O)C(c1ccccc1)c1ccccc1,4236
CIWBSHSKHKDKBQ-JLAZNSOCSA-M,O=C1O[C@H]([C@@H](O)CO)C(O)=C1[O-],54679076
DQJCHOQLCLEDLL-UHFFFAOYSA-N,Cc1cccc2sc3nncn3c12,39040
KUDYATBIEOTCGT-UHFFFAOYSA-N,COc1c(C(C)=O)c(O)cc(O)c1-c1c(CO)cc(O)c2c1C(=O)c1cccc(O)c1C2=O,10072444
LPTITAGPBXDDGR-CWVYHPPDSA-N,CC(=O)OC[C@H]1O[C@H](OC(C)=O)[C@H](OC(C)=O)[C@@H](OC(C)=O)[C@H]1OC(C)=O,6432426
HNWCOANXZNKMLR-UHFFFAOYSA-N,Cc1ncc(CO)c(CN)c1O.Cl.Cl,10664
VEZXFTKZUMARDU-UHFFFAOYSA-N,CC(C)=CCc1c(O)cc2oc3cc(O)c(O)c(CC=C(C)C)c3c(=O)c2c1O,5464078
KBWMSHDNIKOFRU-IROGMXPVSA-N,C[C@H](CCCCCCCC/C=C/C(=O)O)O[C@@H]1O[C@@H](C)[C@H](OC(=O)c2c[nH]c3ccccc23)C[C@H]1O,86289755
NUPJIGQFXCQJBK-HNNXBMFYSA-M,COCc1cnc(C2=N[C@@](C)(C(C)C)C(=O)N2)c(C(=O)[O-])c1,29919280
XUYANFPPYJSBPU-QMMMGPOBSA-M,CC(=O)NCCC[C@H](NC(C)=O)C(=O)[O-],122164814
LHJPHMKIGRLKDR-VDPNAHCISA-N,C[C@H]1[C@@H](OS(=O)(=O)O)C[C@@H]2C[C@H]([C@@H](O)c3cc(=O)[nH]c(=O)[nH]3)N=C3NC[C@H]1N32,135565888
FXKDHZXYYBPLHI-TUTABMRPSA-N,CCCCCCCC/C=C\CCCCCCCC(=O)OC/C=C(C)/C=C/C=C(C)/C=C/C1=C(C)CCCC1(C)C,11699609
XKHWSLTUHUEVES-UHFFFAOYSA-M,Cn1c2nc(Cl)nc-2c([O-])n(C)c1=O,5230730
WALNNKZUGHYSCT-MGKNELHOSA-M,CN1C(=O)[C@H](O[C@@H]2O[C@H](C(=O)[O-])[C@@H](O)[C@H](O)[C@H]2O)C[C@H]1c1cccnc1,122164813
YRECHDUAXCBBOZ-HOCCXODSSA-N,CC[C@@H](CO)[C@@H]1[C@](C)(C(=O)/C=C\O)[C@H]2[C@H](C)C[C@@](C)(O)C[C@@H]2C(=O)[C@@]1(C)O,6440666
XOMNYGJNLZNDOL-UHFFFAOYSA-N,CC1(C)C=Cc2cc(-c3coc4cc(O)ccc4c3=O)cc(O)c2O1,11186717
NPKISZUVEBESJI-AWEZNQCLSA-M,O=C(N[C@@H](Cc1ccccc1)C(=O)[O-])c1ccccc1,6927279
XOAAWQZATWQOTB-UHFFFAOYSA-M,NCCS(=O)(=O)[O-],5460761
ZOMUODAIBQTYLE-CFQAQKEBSA-N,O=C(O)CCC[C@H](O)/C=C/C=C\C=C\C=C\[C@@H](O)[C@@H](O)CCCCCO,6443680
CZPHPIIPERYZSA-OOYWPUHTSA-M,O=C([O-])CCCCCCC/C=C\C[C@H](O)CCCCCCO,118796922
OMSMPWHEGLNQOD-UWVGGRQHSA-N,NC(=O)C[C@H](N)C(=O)N[C@@H](Cc1ccccc1)C(=O)O,11471482
JOUIQRNQJGXQDC-ZYUZMQFOSA-L,O=C([O-])c1ccc[n+]([C@@H]2O[C@H](COP(=O)([O-])[O-])[C@@H](O)[C@H]2O)c1,46878382
JHIXEZNTXMFXEK-UHFFFAOYSA-N,CCCCCCCCCCCCCC(=O)NCCO,8890
IJFXRHURBJZNAO-UHFFFAOYSA-N,O=C(O)c1cccc(O)c1,7420
NZVQLVGOZRELTG-UHFFFAOYSA-N,COc1c2ccoc2cc2oc(C)cc(=O)c12,6716
RNVCVTLRINQCPJ-UHFFFAOYSA-N,Cc1ccccc1N,7242
KLFKZIQAIPDJCW-GPOMZPHUSA-N,CCCCCCCCCCCCCCCC(=O)OC[C@H](COP(=O)(O)OC[C@H](N)C(=O)O)OC(=O)CCCCCCCCCCCCCCC,9547090
SGMBTYBNUOWYOV-CXZSOYKBSA-N,CCCCC[C@H](O)/C=C/[C@H]1[C@H](O)CC(=O)[C@@H]1C/C=C\CCCC(=O)OC(CO[N+](=O)[O-])CO[N+](=O)[O-],134814693
BABJNKGTTYCTOO-ULCDLSAGSA-M,O=C1c2cc(O)cc(O)c2C(=O)c2c1cc1c(c2[O-])[C@@H]2CCO[C@@H]2O1,25203123
KEPQASGDXIEOIL-GLQCRSEXSA-N,CCCCCCCCCCCCC/C=C/[C@@H](O)[C@H](CO)NC(=O)CCCCCCCCCCCCCCCCCCCCC,5283567
CEWQMRMCIKPUIK-UHFFFAOYSA-N,C=C1CCC(C(C)C)CC1,517973
JWKGAUAMNHWOKC-PUIBNRJISA-N,COc1cc(C(=O)OC[C@H]2O[C@@H](Oc3cc(O)c(OC)c(OC)c3)[C@H](O)[C@@H](O)[C@@H]2O)cc(OC)c1O,53356306
AQGCSVBPRRQXIN-UJURSFKZSA-N,[NH3+][C@H]1C(=O)CC=C[C@@H]1C(=O)[O-],49852418
KFDHKOFCRYUXLA-UHFFFAOYSA-M,C=CCc1ccc(OS(=O)(=O)[O-])cc1,121596223
UEMLYRZWLVXWRU-UHFFFAOYSA-N,NC(=S)NS(=O)(=O)c1ccc(N)cc1,3000579
VIBJPUXLAKVICD-UHFFFAOYSA-N,Oc1ccc(Br)cc1Cl,19859
DLEYFILNNFMARG-HZJYTTRNSA-M,CCCCC/C=C\C/C=C\CCNS(=O)(=O)[O-],24796776
BGSOJVFOEQLVMH-VWUMJDOOSA-N,C[C@]12CCC(=O)C=C1CC[C@@H]1[C@@H]2[C@@H](O)C[C@@]2(C)[C@H]1CC[C@]2(O)C(=O)COP(=O)(O)O,441407
MACGOVWEZWQBMW-UHFFFAOYSA-L,O=C1c2c(O)c(O)c(S(=O)(=O)[O-])c(O)c2C(=O)c2c(O)c(O)c(S(=O)(=O)[O-])c(O)c21.[Na+].[Na+],49875685
CDZVJFRXJAUXPP-AREMUKBSSA-N,CCCCCCCCCCCCCCCC(=O)OC[C@H](COP(=O)([O-])OCC[N+](C)(C)C)OC(=O)CCCC(=O)O,46907872
HZDCAHRLLXEQFY-UHFFFAOYSA-M,C[NH2+]CCOP(=O)([O-])[O-],25201132
OHAMXGZMZZWRCA-UHFFFAOYSA-N,O=Cc1c[nH]c(=O)[nH]c1=O,304590
YHIHFKAEJAVELI-UHFFFAOYSA-N,Cl.Cl.Nc1ccc2cc3ccc(N)cc3nc2c1,10750
NJSMWLQOCQIOPE-UHFFFAOYSA-N,C(=NNC1=NCCN1)c1c2ccccc2c(C=NNC2=NCCN2)c2ccccc12,51323
OQQVFCKUDYMWGV-UHFFFAOYSA-N,OCc1ccc(-c2nn(Cc3ccccc3)c3ccccc23)o1,5712
USVMJSALORZVDV-SDBHATRESA-N,CC(C)=CCNc1ncnc2c1ncn2[C@@H]1O[C@H](CO)[C@@H](O)[C@H]1O,24405
RGHPCLZJAFCTIK-RXMQYKEDSA-O,C[C@@H]1CCC[NH2+]1,6999703
GTFWIYJIEXNAOL-GBXIJSLDSA-N,N[C@H](C(=O)O)[C@H](O)CF,128057
NJVGCHGRFMZTKV-KLVHAFEJSA-O,CCC(C)CCCCCCCC/C=C/[C@@H](O)[C@@H]([NH3+])CO,86290087
ZMJGSOSNSPKHNH-UHFFFAOYSA-N,Cc1ncc(COP(=O)(O)O)c(CN)c1O,1053
DJRFNRVSOMFEMZ-UWJYYQICSA-N,COc1cc2c(cc1C(C)C)CC[C@H]1C(C)=C(C(=O)O)CC[C@]21C,100929735
QXTRPGAMVIONMK-UHFFFAOYSA-N,CCc1nnc(N)s1,26444
NDVASEGYNIMXJL-UHFFFAOYSA-N,C=C1CCC2(C(C)C)CC12,18818
XBGGUPMXALFZOT-VIFPVBQESA-N,NCC(=O)N[C@@H](Cc1ccc(O)cc1)C(=O)O,92829
DHAOEWPYRANXCZ-SFZJTNDWSA-N,COC(=O)C1=C2Nc3ccccc3[C@@]23CCN2C[C@@H](C(C)=O)[C@@H]1C[C@H]23,11002245
ZXKXJHAOUFHNAS-UHFFFAOYSA-N,CC[NH2+]C(C)Cc1cccc(C(F)(F)F)c1.[Cl-],43834422
KKOWAYISKWGDBG-UHFFFAOYSA-N,Cc1ncc(CO)c(C)c1O,6094
RMTXUPIIESNLPW-UTOQUPLUSA-N,CCC/C=C\C/C=C\CCCCCCCc1cccc(O)c1O,12444628
PRFMATRBBQRQBM-UHFFFAOYSA-L,C=CC1=C(C)c2cc3[n-]c(cc4[n-]c(cc5nc(cc1n2)C(C)=C5C=C)c(C)c4CCC(=O)O)c(CCC(=O)O)c3C,9548816
LTLYEAJONXGNFG-DCAQKATOSA-N,CC(C)C[C@H](NC(=O)[C@H]1O[C@@H]1C(=O)O)C(=O)NCCCCN=C(N)N,123985
PGOYMURMZNDHNS-YGUUOLNVSA-N,CC1(C)CC[C@]2(C(=O)O)CC[C@]3(C)C(=CC[C@@H]4[C@@]5(C)CC[C@H](O)[C@](C)(CO)[C@@H]5CC[C@]43C)[C@@H]2C1,12302577
LRPPQRCHCPFBPE-FLWFMKAKSA-N,CCCCC/C=C\C[C@H](O)[C@@H](O)C/C=C\C/C=C\CCCC(=O)O,40490686
WILWDBJHNLQDON-WZXFMMTGSA-N,CCCCC[C@@H](/C=C/C=C\C/C=C\C=C\[C@@H](O)CCCC(=O)O)OO,60060294
AJPXTSMULZANCB-UHFFFAOYSA-N,Oc1ccc(O)c(Cl)c1,301
OBJOZRVSMLPASY-UHFFFAOYSA-K,O=S(=O)([O-])c1cc(O)c2ccc3c(S(=O)(=O)[O-])cc(S(=O)(=O)[O-])c4ccc1c2c34,4254851
HMQPEDMEOBLSQB-REYAXZTNSA-N,CC(=O)N[C@@H]1[C@@H](O[C@H]2O[C@H](CO)[C@H](O)[C@H](O)[C@H]2O)[C@H](O)[C@@H](CO)O[C@H]1O,91849812
IJKRDVKGCQRKBI-UHFFFAOYSA-N,CCCCCCC1CC1CCCCCCCCCC(=O)O,10417
BZXHVIPXPXRHBB-AAZUGDAUSA-N,CC(=O)N[C@@H](CO)[C@@H](O[C@@H]1O[C@H](COS(=O)(=O)O)[C@H](O)[C@H](O)[C@H]1O)[C@@H](O)[C@H](O)CO,91858310
YHOPXCAOTRUGLV-XAMCCFCMSA-N,C[C@H](N)C(=O)N[C@@H](C)C(=O)N[C@@H](CC(=O)O)C(=O)N[C@@H](CC(=O)O)C(=O)O,71464658
CABMTIJINOIHOD-QGZVFWFLSA-N,CC(C)[C@@]1(C)N=C(c2nc3ccccc3cc2C(=O)O)NC1=O,909781
NIJSNUNKSPLDTO-DJLDLDEBSA-N,Nc1ncnc2c1ccn2[C@H]1C[C@H](O)[C@@H](CO)O1,3006222
OKHXOUGRECCASI-SHUUEZRQSA-N,O=C(COP(=O)(O)O)[C@@H](O)[C@H](O)[C@H](O)[C@H](O)COP(=O)(O)O,164735
LLEJIEBFSOEYIV-UHFFFAOYSA-N,COc1ccc2c(c[n+](C)c3c4cc5c(cc4ccc23)OCO5)c1OC,2703
JNUUNUQHXIOFDA-JGKLHWIESA-N,CCCCC/C=C\C/C=C\C/C=C\C=C\[C@H](CCCC(=O)O)OO,5280778
DUWPGRAKHMEPCM-IZZDOVSWSA-N,CC(C)=CCc1c(O)ccc(C(=O)/C=C/c2ccc(O)cc2)c1O,5281255
CABMTIJINOIHOD-KRWDZBQOSA-N,CC(C)[C@]1(C)N=C(c2nc3ccccc3cc2C(=O)O)NC1=O,909780
QWHDXIUUXWGQME-GSVOUGTGSA-N,O=C[C@H](O)CC(=O)O,89362940
YLEARPUNMCCKMP-DOFZRALJSA-M,CCCCC/C=C\C/C=C\C/C=C\C/C=C\CCCC(=O)NCC(=O)[O-],40486877
HXHZGHRLVRFQDR-HZJYTTRNSA-N,CCCCC/C=C\C/C=C\CCCC(=O)O,5312409
SWGXDLRCJNEEGZ-UHFFFAOYSA-N,O=CNC1CCCCC1,13017
LXKCHCXZBPLTAE-UHFFFAOYSA-N,Cc1cn[nH]c1C.O=P(O)(O)O,11446863
MOCQTYXDGSDJGM-UHFFFAOYSA-M,CCN1\C(=C/C=C/C=C/C=C/C2=[N+](CC)c3ccccc3C2(C)C)C(C)(C)c2ccccc21.[I-],25164044
AUMDBEHGJRZSOO-UHFFFAOYSA-N,Nc1ncnc2c1c(COc1cccc(Cl)c1)nn2C1CCOCC1,53472153
DDNBLGHDDGIIFX-UHFFFAOYSA-N,COc1c(OC)c2c(c(CCN(C)C)c1SC)Sc1c(OC)c(OC)c(SC)c(CCN(C)C)c1S2,10438012
LRDFRRGEGBBSRN-UHFFFAOYSA-N,CC(C)C#N,6559
OKORHWXYDBSYNO-INIZCTEOSA-N,COc1cc2c(cc1O)[C@H](Cc1ccc(OC)c(OC)c1)N(C)CC2,20056510
YAAGNRWEJSZFLV-ZDUSSCGKSA-M,[O-]c1ccc(C2=C(O)[C@@H](O)c3c(O)cc(O)cc3O2)cc1O,131801247
QPIALCPOHJUWED-PVIPAOTJSA-N,C[C@H](CCCCCCC(=O)O)O[C@@H]1O[C@@H](C)[C@H](OC(=O)c2ccc(O)cc2)C[C@H]1O,86289886
HNVAGBIANFAIIL-UHFFFAOYSA-N,CC(C)(O)C=O,88703
AKVBCGQVQXPRLD-UHFFFAOYSA-N,CCCCCCC(N)C(=O)O,69522
IBBLRJGOOANPTQ-JKVLGAQCSA-N,CCOC(=O)[C@H](CCc1ccccc1)N[C@@H](C)C(=O)N1Cc2ccccc2C[C@H]1C(=O)O.Cl,54891
FWPPTMJFWIEUPY-QMMMGPOBSA-N,[NH3+][C@@H](Cc1c[nH]c2c(Cl)c(Cl)ccc12)C(=O)[O-],131841573
FZSVSABTBYGOQH-XFFZJAGNSA-N,CNC(=O)O/N=C(/CSC)C(C)(C)C,5364932
KEYDJKSQFDUAGF-YIRKRNQHSA-N,CCCCC[C@H](O)/C=C/[C@H]1C(=O)C[C@H](O)[C@@H]1C/C=C\CCCC(=O)NCCO,5283120
OISVCGZHLKNMSJ-UHFFFAOYSA-N,Cc1cccc(C)n1,7937
VSWOPALBOJUOOW-MRVPVSSYSA-N,Nc1nc2ncc(CNCCCC[C@@H](N)C(=O)O)nc2c(=O)[nH]1,136259617
WNICGTIQUHHISW-UHFFFAOYSA-N,NCCCCC(N)(C(=O)O)C(F)F,9794178
INPMVLIHPFWVLB-NSHDSACASA-N,O=C(O)C1=CC=CC2=Nc3c(cccc3C(=O)O)N[C@@H]12,119058151
XBSQTYHEGZTYJE-OETIFKLTSA-N,C[C@H](CCC(=O)NCC(=O)O)[C@H]1CC[C@H]2[C@@H]3CC[C@@H]4C[C@H](O)CC[C@]4(C)[C@H]3CC[C@]12C,115245
YTBRNEUEFCNVHC-UHFFFAOYSA-N,Clc1ccc(-c2ccc(Cl)cc2)cc1,16308
VWEGLEKHUIRPCH-BGAXJHJKSA-N,CC(C)C[C@H](NC(=O)[C@@H](O)[C@@H](O)[C@@H]1CC(=O)OC(C)(O)[C@H](C)N1)[C@@H]1Cc2cccc(O)c2C(=O)O1,11620190
XMAUFHMAAVTODF-STQMWFEESA-N,N[C@@H](Cc1cnc[nH]1)C(=O)N[C@@H](Cc1ccccc1)C(=O)O,152198
VNDWQCSOSCCWIP-UHFFFAOYSA-N,CC(C)(C)c1nc2c3cc[nH]c(=O)c3c3cc(F)ccc3c2[nH]1,5494425
FZKWRPSUNUOXKJ-CVHRZJFOSA-N,C[C@H]1c2cccc(O)c2C(O)=C2C(=O)[C@]3(O)C(O)=C(C(N)=O)C(=O)[C@@H](N(C)C)[C@@H]3[C@@H](O)[C@@H]21.O,54684461
ZLQJJALHJYCWSH-UHFFFAOYSA-N,CCCCCN1/C(=C/C=C/c2oc3ccccc3[n+]2CCCCC)Oc2ccccc21,5486728
VFXRPXBQCNHQRQ-DMTCNVIQSA-O,NC1=[NH+]C[C@@H](C[C@H]([NH3+])C(=O)[O-])N1,71581085
GJFCEMOCWVYDKT-UHFFFAOYSA-N,OCC(CO)OCCCCCCCCC1CCC2C(C1)C1C3CCC3C21,24778500
SDADNVAZGVDAIM-QTNLNCNHSA-L,O=P([O-])([O-])OC[C@@H](O)[C@H]1O[C@H](O)[C@@H](O)[C@@H](O)[C@@H]1O,46906050
ZLHPNDMOGUYMCS-JSHAMEQDSA-N,CCCCCCCC[C@@H](/C=C/C=C\C/C=C\CCCC(=O)O)OO,86289454
RPJZYOHZALDGKI-DIPNUNPCSA-N,CCCCCCCCCCCCCCCCCC(=O)O[C@H](COC(=O)CCCCCCCCCCCCCCC)COP(=O)(O)OCCN,5326793
IFERABFGYYJODC-LURJTMIESA-N,CC(C)(CCO)SC[C@H](N)C(=O)O,164607
JHYVWAMMAMCUIR-VQNLDRKJSA-N,CC(C)(C1=N[C@@](C)(C(=O)O)CS1)[C@H](O)[C@@H]1CSC([C@H]2CSC(c3ccccc3O)=N2)N1,443589
PWHCIQQGOQTFAE-UHFFFAOYSA-L,O.O.[Ba+2].[Cl-].[Cl-],5284346
XSFJVAJPIHIPKU-XWCQMRHXSA-N,CC1(C)O[C@@H]2C[C@H]3[C@@H]4C[C@H](F)C5=CC(=O)C=C[C@]5(C)[C@H]4[C@@H](O)C[C@]3(C)[C@]2(C(=O)CO)O1,82153
YGJTUEISKATQSM-USWFWKISSA-N,CCCCCC(=O)/C=C/C=C\C/C=C\C/C=C\CCCC(=O)O,5280701
WSHCLKDGQAEXNQ-MRGADFHSSA-N,CCCCC/C=C\C/C=C\C/C=C\C/C=C\CCCCCC(=O)O[C@H](COCCCCCCCCCCCCCCCCCCCC)COP(=O)([O-])OCC[N+](C)(C)C,52923862
FAIKGOKPMORPNZ-HFOVEJHBSA-N,C=C1C(=O)O[C@H]2C[C@@H](C)[C@@H]3[C@H](OC)CC(=O)[C@@]3(C)[C@@H](O)[C@H]12,54671716
OPAHEYNNJWPQPX-RCDICMHDSA-N,C[C@@H](c1nc(-c2ccc(C#N)cc2)cs1)[C@](O)(Cn1cncn1)c1ccc(F)cc1F,467825
LSLTZMQPHAAWAW-XJYCCHPDSA-N,C/C(=C\CC[C@]1(C)C(=O)C=C[C@]23C[C@H]4C[C@H](O[C@@]4(C)C2)[C@H]31)C(=O)N[C@@H](CCC(N)=O)C(=O)O,44597234
SYFDWXWLRGHYAJ-UHFFFAOYSA-N,CC(C)=CCc1c(O)cc(O)c2c(=O)c3c(oc12)-c1ccc(O)cc1OC3C=C(C)C,11742872
AGKSTYPVMZODRV-UHFFFAOYSA-N,Clc1ccc(CSC(Cn2cncn2)=Nc2ccc(Cl)cc2Cl)cc1,93483
MVXCEMJNGQPPBA-DGJMNPOFSA-N,CCCCCCCCCCCCCCCCCCCCCCCCC(O)C(=O)N[C@@H](CO)[C@H](O)[C@H](O)CCCCCCCCCCC(C)C,71581226
KKZFLSZAWCYPOC-PYHARJCCSA-N,O=P(O)(O)OC[C@H]1OC(O)C[C@@H]1O,439288
DKVRNHPCAOHRSI-KQYNXXCUSA-N,Cn1c[n+]([C@@H]2O[C@H](COP(=O)(O)OP(=O)(O)OP(=O)([O-])O)[C@@H](O)[C@H]2O)c2nc(N)[nH]c(=O)c21,135659024
AYEKOFBPNLCAJY-UHFFFAOYSA-O,Cc1ncc(C[n+]2csc(CCOP(=O)(O)OP(=O)(O)O)c2C)c(N)n1,1132
LFJQCDVYDGGFCH-JTQLQIEISA-N,C=C1C=C[C@H](C(C)C)CC1,442484
ZFVMWEVVKGLCIJ-UHFFFAOYSA-N,Oc1ccc(C(c2ccc(O)cc2)(C(F)(F)F)C(F)(F)F)cc1,73864
MQHIQUBXFFAOMK-UHFFFAOYSA-N,Cc1ccc(Nc2nccc(N(C)c3ccc4c(C)n(C)nc4c3)n2)cc1S(N)(=O)=O.Cl,11525740
HWGJWXQWJQVPRP-WMPRHZDHSA-N,CCCCC/C=C\C/C=C\C/C=C\C/C=C\C/C=C\CCCCCCCCCCCCCCCCC(=O)O,52921825
TURMFSNDIZERMD-ZUOACUPQSA-N,CC[C@@H](C)C[C@@H](C)/C=C(C)/C=C/C=C/C(=O)c1c(O)c(C2(O)CCC(O)CC2)cn(O)c1=O,54691339
LBDXVTOFXXDOGH-KXYFHQNYSA-N,CC/C=C\C/C=C\C/C=C\C/C=C\C/C=C\C/C=C\CCC(=O)O[C@@H](CO)COC(=O)CCCCCCCCCCCCCCCCC,9543881
JJEJEUFVVGEVHG-NJGYIYPDSA-N,O=C1C(O)=CC[C@@H](CO)[C@@H]1O,5460156
AKNGOJVQCIPRMH-UHFFFAOYSA-N,COC(=O)C(N)Cc1ccc2nc(-c3c(Cl)cccc3Cl)ccc2c1,24755559
YYEYJWOZXLZHEO-BENRWUELSA-N,CC(C)CCCCCCC/C=C\C(=O)NS(C)(=O)=O,92136103
JDJSHLXEHWCLEP-SYHAXYEDSA-N,O=[N+]([O-])CCCO[C@@H]1O[C@H](CO)[C@@H](O)[C@H](O)[C@H]1O,107795
VSRAHYZSNLDBKG-ONEGZZNKSA-N,C/C=C/c1ccc2oc(-c3ccc(OC)cc3O)cc2c1,6440631
GKRXVCWVXYHWOD-KZRDWULCSA-N,CCCCCCCCCCCCCCCCCCCCCCCCCC(=O)N[C@@H](CO)[C@H](O)[C@H](O)CCCCCCCCCCCCCC,10417280
WPJWCCYXUYHUIE-UHFFFAOYSA-N,O=C(O)CCc1cc2c(-c3ccc(C(=O)O)cc3C(=O)O)c3cc(CCC(=O)O)c(=O)cc-3oc2cc1O,12195450
BJFGVYCULWBXKF-UHFFFAOYSA-M,COC(CNC(N)=O)[CH2][Hg][Cl],25210
KMPAOJFBQSXEAI-MRVPVSSYSA-M,COc1c(O)c2c3c(c4c(c([O-])c3c1O)C(C)(C)[C@@H](C)O4)C(C)=CC2=O,51538465
DPSPPJIUMHPXMA-UHFFFAOYSA-N,CC1CCc2cc(F)cc3c(=O)c(C(=O)O)cn1c23,3374
GFXYTQPNNXGICT-YFKPBYRVSA-N,N[C@@H](CCCC=O)C(=O)O,160603
CREVIXFSUWYGRJ-IHMUCKAYSA-M,C[C@H](CCC(=O)[O-])[C@H]1CC[C@H]2[C@@H]3C=CC4=CC(=O)CC[C@]4(C)[C@H]3CC[C@]12C,20848979
MGWYCLOYGLKCFF-UHFFFAOYSA-N,COc1c(SC)c(CCN(C)C)c2sc3c(OC)c(OC)c(SC)c(CCN(C)C)c3ssc2c1OC,11657934
ZVXSESPJMKNIQA-YXMSTPNBSA-N,C[C@@H](O)[C@H](NC(=O)[C@@H](N)CCCCN)C(=O)N1CCC[C@H]1C(=O)N1CCC[C@H]1C(=O)O,71464641
JVGNTXGHBHMJDO-QHHAFSJGSA-N,COc1cc(O)ccc1C(=O)/C=C/c1ccc(O)c(O)c1,5319493
PSYVAIWGYVDYHN-FNORWQNLSA-M,O=C(/C=C/c1ccc(O)c(O)c1)c1ccccc1[O-],139036268
OGYMUMAKGYYNHV-IJMHZYIBSA-N,CO[C@H]1/C=C/CC/C=C/C(=O)O[C@H]([C@H](C)C(=O)CCCC2CC(=O)NC(=O)C2)/C(C)=C\[C@@H](C)[C@@H]1O,11016431
SZKFMAOEZUMSRT-AEFFLSMTSA-N,COc1c(O)cc2c(c1O)C(=O)[C@H](OC(C)=O)[C@@H](c1ccc(O)cc1)O2,442415
LNMNPGKCSJFAGN-UHFFFAOYSA-N,O=C(O)CNC(=O)CCCP(=O)(O)OCc1ccc([N+](=O)[O-])cc1,449242
YQPHTLSGFSVOOM-UHFFFAOYSA-N,CCCCCCCCCCCCCCCCCCCCCC(=O)NCC(=O)O,21445006
BWYUKBCRHDFWFF-UHFFFAOYSA-M,CC(=O)OCCC(CO)c1c(O)cc2c(c1[O-])C(=O)c1c(O)cc(O)cc1C2=O,70698322
WAQBISPOEAOCOG-DYKIIFRCSA-N,C[C@]12CC[C@H]3[C@@H](CCC4=CC(=O)CC[C@@]43C)[C@@H]1CC[C@@H]2OS(=O)(=O)O,119207
XAMIMZAWZUSOPA-JIGXQNLBSA-O,CC[C@]1(O)Cc2c(O)c3c(c(O)c2[C@@H](O[C@H]2C[C@H]([NH3+])[C@H](O)[C@H](C)O2)C1)C(=O)c1c(OC)cccc1C3=O,71668332
OLYPWXRMOFUVGH-LURJTMIESA-N,CN[C@@H](CCCCN)C(=O)O,7010497
ZWZWYGMENQVNFU-UHNVWZDZSA-M,[NH3+][C@@H](COP(=O)([O-])OC[C@H](O)CO)C(=O)[O-],57339260
MZWYIFQIBJLCBI-OYYINRPOSA-N,CC(C=O)C(O)CC[C@@H](C)[C@H]1CC[C@H]2[C@@H]3[C@H](O)C[C@@H]4C[C@H](O)CC[C@]4(C)[C@H]3C[C@H](O)[C@]12C,24755584
XDGRTOUNCQCWMA-UHFFFAOYSA-N,CCC(=O)OCCCc1cc(OC)c2oc(-c3ccc4c(c3)OCO4)cc2c1,56679786
NBAKTGXDIBVZOO-UHFFFAOYSA-N,CC1CNC(=O)NC1=O,93556
NWYYMLNNXGJOKK-UHFFFAOYSA-N,O=c1c(CO)c(-c2ccc(O)c(O)c2)oc2cc(O)cc(O)c12,11347622
WIXFIQKTHUVFDI-UHFFFAOYSA-N,CC1(S(=O)(=O)O)CC(=O)c2ccccc2C1=O,8536
CNUDBTRUORMMPA-UHFFFAOYSA-N,O=Cc1cccs1,7364
LPYXQZQRAPEQHK-YWGCOLQPSA-L,Cc1cc2c3c(c1C)C(C)(C)CCN3C1C(=O)NC(=O)N=C1N2C[C@H](O)[C@H](O)[C@H](O)COP(=O)([O-])[O-],91828229
XCCTYIAWTASOJW-XVFCMESISA-N,O=c1ccn([C@@H]2O[C@H](COP(=O)(O)OP(=O)(O)O)[C@@H](O)[C@H]2O)c(=O)[nH]1,6031
KNHUKKLJHYUCFP-UHFFFAOYSA-N,CCOC(=O)C(C)(C)Oc1ccc(Cl)cc1,2796
KDFRNENTNIVGRJ-UHFFFAOYSA-N,CC1=CC(C)=[N+]2C1C(C)c1c(C)cc(C)n1[B-]2(F)F,134716599
RIOZVCDMYGAYCJ-HSUXUTPPSA-N,O=C[C@@](O)(COP(=O)(O)O)[C@H](O)[C@H](O)CO,5459839
IAPDOQWBIGLMRU-WHCHVSLJSA-M,CCC1CC1C/C=C\CC1CC1C[C@@H](O)[C@@H](CC)C(=O)[O-],91972284
AJBHTYKMNQDUAA-UHFFFAOYSA-N,c1ccc2c(CCNCCSSCCNCCc3c[nH]c4ccccc34)c[nH]c2c1,6615809
SGTUOBURCVMACZ-MEVKQHDMSA-N,CCCCC/C=C\C[C@@H]1O[C@H]1/C=C/[C@H](O)C/C=C\CCCC(=O)O,14522145
FLSLEGPOVLMJMN-YSSFQJQWSA-N,C[C@H](N[C@@H](CCc1ccccc1)C(=O)O)C(=O)N1Cc2ccccc2C[C@H]1C(=O)O,107994
DVBJBNKEBPCGSY-UHFFFAOYSA-M,CCCCCCCCCCCCCCCC[n+]1ccccc1.[Br-],8816
DUUGKQCEGZLZNO-UHFFFAOYSA-N,O=C(O)Cc1c[nH]c2ccc(O)cc12,1826
IUFUITYPUYMIHI-UHFFFAOYSA-N,Cc1cc(C)cc(OCC(C)Nc2nc(N)nc(C(C)(C)F)n2)c1,10947588
HLKXYZVTANABHZ-UHFFFAOYSA-N,NC(=O)NC(CC(=O)O)C(=O)O,279
IDQHRQQSSQDLTR-UHFFFAOYSA-N,CNC(=O)Nc1ccc(Cl)c(Cl)c1,19113
TXDONVUXISPTKQ-UKDVSSAZSA-N,CC(C)=CC[C@]12Oc3cc4c(c(O)c3C(=O)[C@@]1(O)Oc1cc(O)ccc12)C[C@H](C(C)(C)O)O4,52950914
MRLXXQBBRNRWDA-LIEMUPCESA-N,C[C@@H]1C(=O)OC[C@H]2C(C(=O)O)=C[C@@H]3CC(C)(C)C[C@]312,15127669
NAFSTSRULRIERK-UHFFFAOYSA-M,O=c1nc2[nH]c(=O)[nH]c2c([O-])[nH]1.[Na+],135532293
ALQAYVWWNWCFEN-KKEDPRABSA-N,CC/C=C\C[C@@H](/C=C/C=C\C=C/C(C/C=C\C/C=C\CCC(=O)O)OO)OO,122391277
LIQWHXBLFOERRD-UHFFFAOYSA-N,CCOC(=O)c1ccc(C(C)(C)C)cc1,79408
HAEVNYBCYZZDFL-UHFFFAOYSA-N,C[N+](C)(C)CC(CC(=O)[O-])OC(=O)CCC(=O)O,71464481
AQNDDEOPVVGCPG-AWEZNQCLSA-N,COC(=O)CCc1ccc(OC[C@@H](O)CNC(C)C)cc1,28125476
VOXZDWNPVJITMN-WKUFJEKOSA-N,C[C@]12CC[C@@H]3c4ccc(O)cc4CC[C@H]3[C@@H]1CCC2O,9811784
BQKCYOXFBVKBDA-DYNITIQCSA-N,CC1=C2CC(=O)O[C@@H](c3ccoc3)[C@]2(C)CC[C@@H]1[C@@]1(CO)[C@H](CC(=O)O)OC(C)(C)[C@@H]1CC(=O)O,24892745
QPGAZPBFRAAJBD-XBXARRHUSA-N,O=C(O)C(=O)/C=C/CC(=O)c1ccccc1,5478893
JUHXHWKPHWGZKL-UHFFFAOYSA-N,COc1c(O)cc2oc3cc(O)c4c(c3c(=O)c2c1CC=C(C)C)OC(C)(C)CC4,5281641
LDDHMLJTFXJGPI-UHFFFAOYSA-N,CC12CC3CC(C)(C1)CC(N)(C3)C2.Cl,181458
IZGYIFFQBZWOLJ-UUZREKTLSA-M,CC(=C/C(=O)[O-])/C=C/[C@]1(O)[C@@]2(C)CO[C@]1(C)CC(=O)C2,52921581
OUDSFQBUEBFSPS-UHFFFAOYSA-N,O=C(O)CNCCN(CC(=O)O)CC(=O)O,167782
ARRIBDAUGOLZSJ-QEEPAQDXSA-N,C=C1/C(=C\C=C2/CCC[C@]3(C)[C@@H]([C@H](C)CC(O)C(=O)C(C)(C)O)CC[C@@H]23)C[C@@H](O)C[C@@H]1O,10478755
DWNBPRRXEVJMPO-OANGEUSWSA-M,CCCCC/C=C\C[C@@H]1O[C@H]1[C@H](O)/C=C\C/C=C\CCCC(=O)[O-],71728423
DAEAPNUQQAICNR-RRKCRQDMSA-N,Nc1ncnc2c1ncn2[C@H]1C[C@H](O)[C@@H](COP(=O)(O)OP(=O)(O)O)O1,188966
UFYKDFXCZBTLOO-KKQCNMDGSA-N,N[C@H](C(=O)O)[C@@H](O)[C@H](O)[C@H](O)CO,3034164
ZICZRZZPXBCXCE-AYHFEMFVSA-N,N[C@@H](CCCCNCC(=O)[C@@H](O)[C@H](O)[C@H](O)COP(=O)(O)O)C(=O)O,50909833
MVVPAYGKZXZGRC-HNNXBMFYSA-N,COc1cc(NC(=O)[C@@H](N)CC(C)C)cc2ccccc12,688509
BSAIUMLZVGUGKX-BQYQJAHWSA-N,CCCCCC/C=C/C=O,5283335
MOIJYNHJLPUMNX-UHFFFAOYSA-M,CNC(=O)CCC(=O)C(=O)[O-],5459964
ALGJSAHUUYIAIZ-UHFFFAOYSA-N,CCCCCCCCCCCCCCCCCCCCCCCC(=O)NCC(=O)O,53481665
QKFJKGMPGYROCL-UHFFFAOYSA-N,S=C=Nc1ccccc1,7673
WROUWQQRXUBECT-UHFFFAOYSA-N,C=C(CC)C(=O)O,19166
FSXRLASFHBWESK-HOTGVXAUSA-N,N[C@@H](Cc1ccccc1)C(=O)N[C@@H](Cc1ccc(O)cc1)C(=O)O,515709
UYDZYCPIQSRXKU-CIUDSAMLSA-N,C=C1C[C@H]1C[C@H](NC(=O)CC[C@H](N)C(=O)O)C(=O)O,441445
WTEVQBCEXWBHNA-UHFFFAOYSA-N,CC(C)=CCCC(C)=CC=O,8843
DBXBTMSZEOQQDU-GSVOUGTGSA-M,C[C@H](CO)C(=O)[O-],20848931
QEWYKACRFQMRMB-UHFFFAOYSA-N,O=C(O)CF,5237
WAVPHGICHZOYMQ-AAEUAGOBSA-N,O=C(O)C1=N[C@H](C(=O)O)CC(C=CN2C3=CC(=O)C(=O)C=C3C[C@H]2C(=O)O)=C1,126456435
UQDJGEHQDNVPGU-UHFFFAOYSA-N,NCCOP(=O)(O)OCC(N)C(=O)O,3295461
HZKAKOYDAZMSSR-PDBXOOCHSA-N,CC/C=C\C/C=C\C/C=C\CCCCCCCC(=O)Nc1ccccc1,15739204
CXMXRPHRNRROMY-UHFFFAOYSA-N,O=C(O)CCCCCCCCC(=O)O,5192
ZXNBBWHRUSXUFZ-UHFFFAOYSA-N,CCC(C)C(C)O,11261
RWKLFZNKJPQWRW-NEQDKWGSSA-M,CC(O)CCC[C@H](O)/C=C/[C@H]1OC2CC(C2)[C@@H]1C/C=C\CCCC(=O)[O-],129626746
MUSSJBQKWRHIEX-UHFFFAOYSA-N,CC1=CC(=O)c2c(O)c(O)c(O)c3c(O)cc(O)c1c23,9860333
FMHJNIRDGYFPEC-CHICSPHLSA-N,C=C(C(=O)OC[C@H]1OC(O)[C@H](O)[C@@H](O)[C@@H]1O)[C@H](O)CO,25034024
OYKAXBUWOIRLGF-VMBRNALUSA-N,CC/C=C\C/C=C\C=C\O/C=C/CCCCCCC(=O)O,6441679
YSYPNKZOQYHUSV-IBSYWUHOSA-N,COc1cc(O)c(/C=C\C(C)(C)O)c2c1C(=O)C[C@@H](c1ccccc1)O2,54584962
FZLJPEPAYPUMMR-RTRLPJTCSA-N,CC(=O)N[C@H]1C(OP(=O)(O)O)O[C@H](CO)[C@@H](O)[C@@H]1O,440272
KAWCHOIDVYCQHC-ZYUZMQFOSA-O,O=C(S)c1cc(C(=O)S)c[n+]([C@@H]2O[C@H](COP(=O)(O)O)[C@@H](O)[C@H]2O)c1,129626634
LMKSRFWSQAKTOE-VKHMYHEASA-K,N[C@H](C(=O)[O-])C(=O)COP(=O)([O-])[O-],46926168
PGCFXITVMNNKON-ROUUACIJSA-N,COC(=O)C[C@@H]1C[C@@H](COc2ccc(-c3ccc(/C(N)=N/C(=O)OC)cc3)cc2)NC1=O,9576916
RSUVOPBMWMTVDI-XEGUGMAKSA-N,C[C@H](NC(=O)[C@@H](N)CCC(=O)O)C(=O)N[C@@H](Cc1c[nH]c2ccccc12)C(=O)O,10237737
RHDKKTYWDZUSCS-UHFFFAOYSA-N,CCCCCCCCCCCC(C)CCCC(C)C,545603
ZZEQNXPBKOFTBG-UHFFFAOYSA-N,CCC(C)CCCCC(C)CCCC(C)CCCC(C)C,41209
KXYGCYIEINSYLN-JCLMPDJQSA-P,[NH3+][C@@H]1C[C@H]([NH3+])[C@@H](O[C@H]2O[C@H](CO)[C@@H](O)[C@H](O)[C@H]2O)[C@H](O)[C@H]1O,70678729
NONFLFDSOSZQHR-UHFFFAOYSA-N,C[Si](C)(C)CCC(=O)O,79764
IZZIWIAOVZOBLF-UHFFFAOYSA-N,COc1ccc(O)c(C(=O)O)c1,75787
ZPLILIOXZHNNLY-UHFFFAOYSA-N,COc1cc(C)c2c(=O)c3c(O)c(Cl)c(OC)c(Cl)c3oc2c1,53440779
MXVZWCNJZOCAGG-UHFFFAOYSA-L,O.O.[Fe].[Fe].[Fe].[Fe].[SH-].[SH-],49852333
WOYWLLHHWAMFCB-UHFFFAOYSA-N,CCCCC(CC)COC(C)=O,7635
CGPFADLKIPZYRE-OWLUANBVSA-N,CCC[C@@]12[C@@H]3[C@@H](C(C)C)CC[C@@]1(C)[C@@H]1CC[C@@]4(CCC[C@H]42)N3C1,9548829
YEJGPFZQLRMXOI-UHFFFAOYSA-N,CC(NC(=O)C(C#N)C(C)(C)C)c1ccc(Cl)cc1Cl,11461130
JNELGWHKGNBSMD-UHFFFAOYSA-N,O=c1c2ccccc2oc2ccccc12,7020
LHYHMMRYTDARSZ-KBUPBQIOSA-N,CC1=C[C@@H]2[C@@H](C(C)C)CC[C@@](C)(O)[C@@H]2CC1,51394521
CPVCVIXCXKPURM-QHCPKHFHSA-N,COc1cc([C@H](Cc2ccccc2)n2cc(C(N)=O)c(=O)cc2Cc2ccccc2)oc(=O)c1,126456438
ZSCRTFONTNMQBL-NTUHNPAUSA-N,CC(C)=CCC/C(C)=C/Cc1cc(O)ccc1O,5281857
XAPCMTMQBXLDBB-UHFFFAOYSA-N,CCCCCCOC(=O)CCC,17525
HPITTXOWHLWIEK-IWGUZYHVSA-N,O=C[C@H](O)[C@@H](O)[C@H](O)CC(=O)O,25058196
UNRULDRRONAKLU-TURZORIXSA-N,CCCCCCCCCCCCC/C=C/[C@@H](O)[C@H](COP(=O)(O)O)NC(=O)CCCCCCCCCCCCCCC,5283581
MHZVWXOKIRZLCJ-RVZXZRSKSA-N,CCC/C=C/C=C/C1C[C@@H](O)[C@@H](O)C(=O)[C@H]1C=O,5461035
XNBDZHNCVGUXMR-NUHJPDEHSA-N,N#CC(SC[C@H](N)C(=O)O)c1c[nH]c2ccccc12,86289098
ZNNFJVNPRVPYIW-RBEXFCIKSA-N,CC/C=C\C/C=C\C/C=C\C/C=C\CCCCC(=O)OC[C@H](COP(=O)(O)OCCN)OC(=O)CCCCCCCCCCCCC/C=C\CCCCCCCC,53479704
QTQDDTSVRVWHMO-BQBZGAKWSA-M,CSC[C@H](NC(=O)CC[C@H]([NH3+])C(=O)[O-])C(=O)NCC(=O)[O-],25200497
OUYCCCASQSFEME-MRVPVSSYSA-N,[NH3+][C@H](Cc1ccc(O)cc1)C(=O)[O-],6919035
VRYSUGWFYFXWLB-UHFFFAOYSA-N,CS(=O)CCCCCCCC#N,121232644
PIJNYABFKNAKHE-YZKPXJPOSA-N,COc1cc(O)c2c(c1)O[C@]1(C)[C@@H](O)[C@@H](C)C[C@H](O)[C@@H]1C2=O,16114920
PCUGWEAIXCPPIT-JRTFMWKKSA-M,CCCCCCCC/C=C\CCCCCCCC(=O)NCCOP(=O)([O-])OC[C@@H](COC(=O)CCCCCCCCCCCCCCCC)OC(=O)CCCCCCCCCCCCCCCC,129626776
VKFMYKGEBZVPJU-MLLRONJJSA-N,CCCCCCCC/C=C\CCCCCCCC(=O)OC[C@H](COP(=O)([O-])OCC[N+](C)(C)C)OC(=O)CCCCCCCCCCCCCCCCCCCCC,24778951
HUPDIVYMUZMPMO-UHFFFAOYSA-N,O=[N+]([O-])c1cc([N+](=O)[O-])c(S(=O)(=O)O)cc1[N+](=O)[O-],12432070
CBQJSKKFNMDLON-JTQLQIEISA-M,CC(=O)N[C@@H](Cc1ccccc1)C(=O)[O-],6928499
PVTQTOGPOPGQGE-SAMSIYEGSA-M,CC/C=C\C[C@H](O)/C=C/[C@@H]1[C@@H](C/C=C\CCCC(=O)[O-])[C@@H]2C[C@H]1OO2,121596249
SRKAMEOZEBOPRP-GDVQGPIFSA-M,CC/C=C\CC(/C=C/C=C\C/C=C\C=C\C(CCCCCC(=O)[O-])OO)OO,132472339
UCQFCFPECQILOL-UHFFFAOYSA-M,CCOP(=O)([O-])OCC,5166299
XVSZRAWFCDHCBP-UHFFFAOYSA-N,CCCCCC(=O)OCCC(C)C,16617
DIJBBUIOWGGQOP-QGVNFLHTSA-N,CC(=O)[C@H]1CC[C@H]2[C@@H]3CC=C4C[C@@H](OS(=O)(=O)O)CC[C@]4(C)[C@H]3CC[C@]12C,105074
UEBDZDZLEVYUEC-UHFFFAOYSA-N,COc1cc(C#N)nc(-c2ccccn2)c1,13586798
PXQPEWDEAKTCGB-UHFFFAOYSA-N,O=C(O)c1cc(=O)[nH]c(=O)[nH]1,967
ZOSNTFVWVJFXQO-ZEECNFPPSA-N,CC[C@H](CO)Nc1nc(Nc2cccc(-c3ccccn3)c2)c2ncn(C(C)C)c2n1.Cl.O,71312006
ZAXBYLHGBBMAAY-SZAHLOSFSA-M,CCCCCCCCCCCCCCCC(=O)O[C@H](COC(=O)CCCCCCCCCCCCC)COP(=O)([O-])OC[C@@H](O)CO,71296201
COVZYZSDYWQREU-UHFFFAOYSA-N,CS(=O)(=O)OCCCCOS(C)(=O)=O,2478
DKPMWHFRUGMUKF-GDYCBZMLSA-N,C[C@H](CCC(=O)O)[C@H]1CC[C@H]2[C@@H]3[C@H](O)[C@@H](O)[C@@H]4C[C@H](O)CC[C@]4(C)[C@H]3CC[C@]12C,5283852
APBNDXHFQWSYOS-KSYZUNFVSA-N,CC(C)(O)[C@]12O[C@H]1[C@@H]1O[C@]13[C@]1(O[C@H]1C[C@H]1C4=C(CC[C@@]13C)C(=O)OC4)[C@@H]2O,3086461
RHSBIGNQEIPSCT-UHFFFAOYSA-N,CCCCCCCCCCCCCCCCCC#N,12532
APRTUYUNMHTWBF-REEZCCHISA-N,C[C@H](CCCC(C)(C)O)[C@H]1CC[C@H]2[C@@H]3CCC4=CC(=O)CC[C@]4(C)[C@H]3CC[C@]12C,11101442
OUDSBRTVNLOZBN-UHFFFAOYSA-N,Cc1ccc(S(=O)(=O)NC(=O)NN2CCCCCC2)cc1,5503
YQYZVYZSWJLJHS-WJXPAFDLSA-N,C[C@]12CC[C@@H]3c4ccc(O)c(O[C@@H]5O[C@H](C(=O)O)[C@@H](O)[C@H](O)[C@H]5O)c4CC[C@H]3[C@@H]1CC[C@@H]2O,129011090
XWAMHGPDZOVVND-UHFFFAOYSA-N,CCCCCCCCCCCCCCCCC(O)CO,89314
HAMNKKUPIHEESI-UHFFFAOYSA-N,NN=C(N)N,2146
BWHGMFYTDQEALD-UHFFFAOYSA-M,NCCCC(=O)C(=O)[O-],5459975
DRHGSSXSNNHAAL-HTOUAXGPSA-N,CC(=O)N[C@H]1[C@H](O[C@H]2[C@H](O)[C@H](O)[C@H](O)O[C@@H]2CO)O[C@H](CO)[C@@H](O)[C@@H]1O,11014452
UQWLOWFDKAFKAP-WXHSDQCUSA-N,C[C@H](CS)C(=O)N1C[C@@H](Sc2ccccc2)C[C@H]1C(=O)O,3034048
DCSBSVSZJRSITC-UHFFFAOYSA-M,NCCCC(O)(P(=O)([O-])O)P(=O)(O)O.O.O.O.[Na+],23681107
GIIZNNXWQWCKIB-UHFFFAOYSA-N,OCc1cc(C(O)CNCCCCCCOCCCCc2ccccc2)ccc1O,5152
LHFJOBMTAJJOTB-JLAZNSOCSA-N,[O]C1=C(O)C(=O)[C@@H]([C@@H](O)CO)O1,5483640
VIWUBXKCYJGNCL-SRVKXCTJSA-N,CC(C)C[C@H](N)C(=O)N[C@@H](CC(N)=O)C(=O)N[C@@H](Cc1cnc[nH]1)C(=O)O,71464692
BXRFQSNOROATLV-UHFFFAOYSA-N,O=Cc1ccc([N+](=O)[O-])cc1,541
DDLIGBOFAVUZHB-UHFFFAOYSA-N,Cc1ncc2n1-c1ccc(Cl)cc1C(c1ccccc1F)=NC2,4192
CGSNFYSSVZXFAX-UHFFFAOYSA-N,COC(=O)c1c(O)cc(C)cc1CC1=CC(=O)C=C(OC)C1=O,23642849
WLPXLNNUXMDSPG-UHNVWZDZSA-M,[NH3+]C[C@@H](CC[C@H]([NH3+])C(=O)[O-])OP(=O)([O-])[O-],46931113
IWHNBGKZOVCSTH-QHHLHPODSA-N,C/C=C/C=C/C=C/[C@@H](O)C/C=C/CN,129320393
TVIMZSOUQXNWHO-UHFFFAOYSA-N,CCCCCCCCCCCCCC(=O)OC(CO)CO,137938
CXBHMSHVCKEEGW-UHFFFAOYSA-N,O=C(NC1CCNCC1)c1[nH]ncc1NC(=O)c1c(F)cccc1F,11268094
OKPMYXNNCIXWPF-UHFFFAOYSA-N,CC1=CCC(C2=CCCC(C(C)(C)O)C2)C1(C)C,24771814
VXOVWFJOWNESCS-PGYXGQNHSA-N,C[C@@H]1O[C@@H](OCCCCCCCCCCCCCCC/C=C/C(=O)O)[C@H](O)C[C@H]1O,86289791
AUVVAXYIELKVAI-CKBKHPSWSA-P,CC[C@H]1C[NH+]2CCc3cc(OC)c(OC)cc3[C@@H]2C[C@@H]1C[C@H]1[NH2+]CCc2cc(OC)c(OC)cc21,11865426
VZCYOOQTPOCHFL-OWOJBTEDSA-L,O=C([O-])/C=C/C(=O)[O-],5460307
FUZYTVDVLBBXDL-UHFFFAOYSA-N,NC(=O)C1CCCc2c1[nH]c1ccc(Cl)cc21,5113032
UBCAPJGELHAUQV-WNUJMAAFSA-N,O=C1C[C@@H](O)[C@H]2[C@@H]3N1c1ccccc1[C@@]31CCN3C/C(=C/CO)[C@@H]2C[C@H]31,124079393
RGLRYSHQCRBEIV-YSSBGUOXSA-N,C[C@@H]1O[C@@H](OCCCCC(=O)O)[C@H](O)C[C@H]1O,86289771
NGDLSXMSQYUVSJ-WHFBIAKZSA-M,C[C@H](N)C[C@H](N)CC(=O)[O-],23615272
PSXQJZDFWDKBIP-NNWQCNCGSA-M,CC(CCC[C@@H](C)[C@H]1CC[C@H]2[C@@H]3CCC4=CC(=O)CC[C@]4(C)[C@H]3CC[C@]12C)C(=O)[O-],86289540
ZFPAFAWFRTWCSK-QZTJIDSGSA-N,CCCCCCC[C@@H](O)CC(=O)O[C@H](CCCCCCC)CC(=O)O,71367693
JYYRDDFNMDZIIP-HQJDTPGISA-N,CC(=O)[C@H]1[C@@H](C)C[C@H]2[C@@H]3CCC4=CC(=O)CC[C@]4(C)[C@H]3CC[C@@]21C,11954141
VGZSUPCWNCWDAN-UHFFFAOYSA-N,CC(=O)c1ccc(S(=O)(=O)NC(=O)NC2CCCCC2)cc1,1989
JNHSMKPVSPHKIJ-BQBZGAKWSA-M,CSSC[C@H](NC(=O)CC[C@H]([NH3+])C(=O)[O-])C(=O)NCC(=O)[O-],134692112
BZYRRBQRPOVBLC-RSKUSDAESA-N,C[C@@H](O)CCCCCCCCC/C=C/C(=O)O,86289713
ZZVPZXLETLTSEB-UHFFFAOYSA-N,C=C(C)C1CCC(C)(O)OC(=O)C1,56927955
SWTYBBUBEPPYCX-NGHKTGSUSA-N,CC/C=C\C[C@@H](O)/C=C/C=C\C/C=C\C/C=C\C/C=C\CCC(=O)O,53477502
VIBRCGDWEDQVOU-VAWYXSNFSA-N,CCCCCCCC/C=C/CCCCCCCC(=O)OC(CNC(=O)C=C(C)C)C1=CC(=O)c2nccc3c2c1nc1ccccc13,23427221
GGRCIHACOIMRKY-OAHLLOKOSA-N,COC(=O)C[C@H]1N=C(c2ccc(Cl)cc2)c2c(sc(C)c2C)-n2c(C)nnc21,90659849
VJDOAZKNBQCAGE-MROZADKFSA-N,O=P(O)(O)OC[C@H](O)[C@H](O)[C@H](O)CO,23615570
OYTRJEKRRFSKHF-BZVDQRPCSA-N,CSCCC/C(=N\O)S[C@@H]1O[C@H](CO)[C@@H](O)[C@H](O)[C@H]1O,90659312
MSWZFWKMSRAUBD-GASJEMHNSA-N,N[C@H]1C(O)O[C@H](CO)[C@H](O)[C@@H]1O,24154
YHLNAFGXMQKMQX-CYPURTGSSA-M,CCCCC/C=C\C/C=C\C/C=C\C/C=C\CCCC(=O)N[C@@H](Cc1ccccc1)C(=O)[O-],122391298
AQGCSVBPRRQXIN-INEUFUBQSA-N,[NH3+][C@H]1C(=O)CC=C[C@H]1C(=O)[O-],49852391
CLSVJBIHYWPGQY-UHFFFAOYSA-N,CCOC(=O)OC1=C(c2cc(C)ccc2C)C(=O)NC12CCC(OC)CC2,9969573
DFLROMXVXHQDBU-UHFFFAOYSA-N,COc1cc(-c2coc3cc4c(cc3c2=O)C=CC(C)(C)O4)ccc1OCC=C(C)C,52951634
OGHCQVZDGSDMAO-UHFFFAOYSA-N,CCCN(CCC)c1nc(N2CCCC2)nc2ccccc12,44229302
KPXUNMNRHZUNAN-NNBAOJFJSA-N,NC(=O)CC[C@@H]1NCC2(OC[C@@H](O)[C@@H](O)[C@@H]2O)OC1=O,86290036
MVAYIPZWUCBXOE-PKQDJGPXSA-N,CCCCC/C=C\C/C=C\CCCCCCCCCC(=O)O[C@@H](CO)COC(=O)CCCCCCCCCCCCCCC,9543721
MHWLNQBTOIYJJP-UHFFFAOYSA-N,[O-][N+]#[C][Hg][C]#[N+][O-],11022444
CXQWRCVTCMQVQX-LSDHHAIUSA-N,O=C1c2c(O)cc(O)cc2O[C@H](c2ccc(O)c(O)c2)[C@H]1O,439533
IBEAHXYYSZWGED-UHFFFAOYSA-M,COC(=O)c1ccc(OS(=O)(=O)[O-])cc1,122164838
PUVHMWJJTITUGO-WJPCITMWSA-J,O=P([O-])([O-])O[C@@H]1C(O)[C@H](OP(=O)([O-])[O-])[C@@H](O)C(O)[C@H]1O,25201139
DTFAJAKTSMLKAT-KFJBKXNJSA-N,N[C@@H]1C[C@H](N)[C@@H](O)C(O)[C@H]1O,203443
VIQCGTZFEYDQMR-UHFFFAOYSA-N,CCCCCCCCCC(=O)OCCN1CCN(CCCN2c3ccccc3Sc3ccc(C(F)(F)F)cc32)CC1,3388
JKRDADVRIYVCCY-UHFFFAOYSA-N,CCCCCCC(O)C(=O)O,94180
QTORDDSSLVGNHO-BGTMZHHNSA-N,CC(C)=CCC/C(C)=C/C[C@]12O[C@@]1(C)C(=O)c1c(O)cc(O)cc1C2=O,10473454
FBQANDYMCCZFCT-XINAWCOVSA-L,Nc1nc2c(c(=O)[nH]1)N=C([C@H](O)[C@@H](CO)OP(=O)([O-])[O-])CN2,136032516
XUFQPHANEAPEMJ-UHFFFAOYSA-N,NC(N)=Nc1nc(CSCCC(N)=NS(N)(=O)=O)cs1,3325
OZOHTVFCSKFMLL-UHFFFAOYSA-N,Cc1ncc(CN)c(N)n1,66762
ODTDYYZJDQGKQT-NSCUHMNNSA-N,O=C(O)/C=C(\CC(=O)C(=O)O)C(=O)O,5280679
CTNZOGJNVIFEBA-MOKAZRKYSA-N,N[C@@H](CCOc1ccc(/C(=N/O)C(=O)N[C@H]2CN([C@@H](C(=O)O)c3ccc(O)cc3)C2=O)cc1)C(=O)O,6419424
RAKAYJBOINMECV-UHFFFAOYSA-N,CCCC1COC(=O)CCN1CCC,52937073
FXEUKVKGTKDDIQ-UWVGGRQHSA-M,[NH3+][C@@H](CCC(=O)N[C@@H](CSc1ccc([N+](=O)[O-])cc1[N+](=O)[O-])C(=O)NCC(=O)[O-])C(=O)[O-],25322932
HYFMSAFINFJTFH-NGSRAFSJSA-N,COC1=C(C)C(=O)C2=C(C1=O)[C@@H](COC(N)=O)[C@@]1(OC)[C@H]3N[C@H]3CN21,19972
KRFBMPVGAYGGJE-UHFFFAOYSA-N,COc1ccc(-c2cc(=O)c3c(O)c(OC)c(O)c(OC)c3o2)cc1,160921
RBJYEKYJPBLOJX-MUUNZHRXSA-N,CCCCCCCCCCCCCCCC(=O)OC[C@H](COP(=O)([O-])OCC[N+](C)(C)C)OC(=O)CCCCC,24778756
QQUFCXFFOZDXLA-VYOQERLCSA-M,CCCCC/C=C\C/C=C\C=C\[C@H](C/C=C\CCCC(=O)[O-])OO,25245226
XKBJVQHMEXMFDZ-UHFFFAOYSA-N,CCCCCCCCCCCCCCCCCCOCC(O)COP(=O)([O-])OCC[N+](C)(C)C,3985
LCTONWCANYUPML-UHFFFAOYSA-M,CC(=O)C(=O)[O-],107735
OVQDAMWIXJSLMW-UZLGDHMWSA-N,CC1(C)c2[nH]c3ccccc3c2C(=O)[C@@H]1O[C@@H]1O[C@H](CO)[C@@H](O)[C@H](O)[C@H]1O,56833859
WEHXAEGTVPWKDY-UHFFFAOYSA-N,COc1cc(O)c2c(O)c3c(=O)oc(C)cc3cc2c1,5321980
WYIMORDZGCUBAA-AREMUKBSSA-N,CCCCCCCCCCCCCCCCCCC(=O)OC[C@@H](O)COP(=O)([O-])OCC[N+](C)(C)C,24779472
BRHDDEIRQPDPMG-PSASIEDQSA-N,C=C[C@]1(C)CC[C@H](C(C)(C)O)O1,6428573
GSWLBFLGSWEXML-YXGYHMDESA-N,CCCCCCCCCCCCCCCC(=O)OC[C@H](COP(=O)([O-])OCC[N+](C)(C)C)OC(=O)CCCCCCCC1OC1CCCCCCCC,122391234
YYLQUHNPNCGKJQ-NCGGTJAESA-N,N[C@@H](C(=O)O)[C@H](O)C(=O)O,6603868
AZHSPOPOMNJPFD-BVHTXILBSA-M,CCCCC[C@H](O)/C=C/C=C\C/C=C\C=C\[C@H](CCCC(=O)[O-])OO,118797929
HAHRYXGQWSJKPI-UHFFFAOYSA-N,CC(C)=CCc1c(O)c(O)c2oc3c(CC=C(C)C)c(O)cc(O)c3c(=O)c2c1CC=C(C)C,10389717
HCJMNOSIAGSZBM-UHFFFAOYSA-M,Cc1cccc([O-])c1C(=O)O,54693536
GZCGUPFRVQAUEE-FSIIMWSLSA-N,O=C[C@H](O)[C@H](O)[C@@H](O)[C@H](O)CO,167792
RYIGNEOBDRVTHA-UHFFFAOYSA-N,Cn1c(=O)c2[nH]c(Cl)nc2n(C)c1=O,10661
WDFKMLRRRCGAKS-UHFFFAOYSA-N,Oc1c(Cl)cc(Cl)c2cccnc12,2722
GLVAUDGFNGKCSF-UHFFFAOYSA-N,S=c1nc[nH]c2nc[nH]c12,667490
WYKWHSPRHPZRCR-UHFFFAOYSA-N,COc1cc2oc(-c3ccc(O)c(O)c3)c(O)c(=O)c2c(O)c1OC,5317291
QLJOSZATCBCBDR-DFKUFRTHSA-N,NC[C@@H]1O[C@H](C23CC4CC(CC(C4)C2)C3)Cc2c1ccc(O)c2O,6603703
LNCZPZFNQQFXPT-UHFFFAOYSA-N,CC(O)(CO)c1ccccc1,97867
MVJHAGLBHWPKLS-UHFFFAOYSA-N,COc1c(O)cc(-c2oc3cc(O)cc(O)c3c(=O)c2OC)cc1O,44259718
RZLZHCIMBPNTHP-UHFFFAOYSA-M,N=C(Cc1c[nH]c2c(Cl)cccc12)C(=O)[O-],46878523
JEKNPVYFNMZRJG-IFOZKBMWSA-N,CCCC[C@H](O)/C=C\C/C=C\C/C=C\C/C=C\CCCC(=O)O,25320821
LCOIAYJMPKXARU-VAWYXSNFSA-N,O=C(/C=C/c1ccccc1)NC(NC(=S)Nc1cccc2cccnc12)C(Cl)(Cl)Cl,5717801
UFJPAQSLHAGEBL-RRKCRQDMSA-N,O=c1[nH]cnc2c1ncn2[C@H]1C[C@H](O)[C@@H](COP(=O)(O)OP(=O)(O)OP(=O)(O)O)O1,135398616
JJOUBYOHNYJCOU-UHFFFAOYSA-N,CC(C)=CCc1c(O)ccc2c1OC(c1ccc(O)cc1O)CC2=O,10291003
KQSRXDXJGUJRKE-UHFFFAOYSA-L,O.O=C([O-])c1ccccc1-c1c2cc(Br)c(=O)cc-2oc2[c]([Hg])c([O-])c(Br)cc12.[Na+].[Na+],441373
PAEBIVWUMLRPSK-IDTAVKCVSA-N,CSCCNc1nc(SCCC(F)(F)F)nc2c1ncn2[C@@H]1O[C@H](COP(=O)(O)OP(=O)(O)C(Cl)(Cl)P(=O)(O)O)[C@@H](O)[C@H]1O,9854012
GUMSRJAIAPTKAF-CSEOLDMBSA-N,O=C(c1cc(O)c(O)c(O)c1)c1cc(O)cc2oc(-c3ccc(O)c(O)c3)c(O[C@@H]3O[C@@H](CO)[C@H](O)[C@H]3O)c(=O)c12,70697845
YAKWPXVTIGTRJH-UHFFFAOYSA-N,CCOP(=O)(OCC)C(C)NC(=O)N(CCCl)N=O,104799
OXGUCUVFOIWWQJ-XIMSSLRFSA-N,C[C@@H]1O[C@@H](Oc2c(-c3ccc(O)c(O)c3)oc3cc(O)cc(O)c3c2=O)[C@@H](O)[C@H](O)[C@@H]1O,5359430
FQQQKGAFQIIGLQ-VYFUBJQISA-N,CCCCCCCC/C=C\CCCCCCCC(=O)OC[C@@H](O)COP(=O)(O)OCC(O)CO,86583378
MCRWIHVHOLDIFL-UHFFFAOYSA-O,CC1(C)C(Cc2ccc(O)cc2)NC(=O)C1[NH3+],146037371
RYMZZMVNJRMUDD-HGQWONQESA-N,CCC(C)(C)C(=O)O[C@H]1C[C@@H](C)C=C2C=C[C@H](C)[C@H](CC[C@@H]3C[C@@H](O)CC(=O)O3)[C@H]21,54454
PEMFGDIFKKXFRG-PYHSYOTJSA-N,CC(C)=CCC/C(C)=C/CC/C(C)=C/CC/C(C)=C/CC/C(C)=C/CC/C(C)=C/CC/C(C)=C/Cc1cc(C(=O)O)ccc1O,25244798
ZQPPMHVWECSIRJ-KTKRTIGZSA-M,CCCCCCCC/C=C\CCCCCCCC(=O)[O-],5460221
DHOZHQLTBYYIIG-YADHBBJMSA-N,COc1c2n(c3ccccc13)[C@]1(O)C(=O)N(C)C(=O)[C@]1(O)c1c-2[nH]c2ccc(Cl)cc12,25053147
KXEBLAPZMOQCKO-UHFFFAOYSA-N,CCn1cc(C(=O)O)c(=O)c2cc(F)c(N3CCNC(C)C3)c(F)c21.Cl,68624
UORVCLMRJXCDCP-UHFFFAOYSA-N,C#CC(=O)O,10110
YKJYKKNCCRKFSL-RDBSUJKOSA-N,COc1ccc(C[C@H]2NC[C@H](O)[C@H]2OC(C)=O)cc1,253602
UHNXUSWGOJMEFO-QNDFHXLGSA-N,O=c1cc(-c2ccc(O[C@@H]3O[C@H](CO)[C@@H](O)[C@H](O)[C@H]3O)c(O)c2)oc2cc(O)cc(O)c12,5319116
XTNGUQKDFGDXSJ-ZXGKGEBGSA-N,Cc1ccc([C@@H]2O[C@H](CO)[C@@H](O)[C@H](O)[C@H]2O)cc1Cc1ccc(-c2ccc(F)cc2)s1,24812758
IEMMBWWQXVXBEU-UHFFFAOYSA-N,CC(=O)c1ccco1,14505
CGQCWMIAEPEHNQ-UHFFFAOYSA-M,COc1cc(C(O)C(=O)[O-])ccc1O,23615482
ZPEFMSTTZXJOTM-OULXEKPRSA-N,Cl.N[C@@H]1C[C@H]1c1ccccc1,2723716
KKEYFWRCBNTPAC-UHFFFAOYSA-L,O=C([O-])c1ccc(C(=O)[O-])cc1,154269
WVOXLKUUVCCCSU-ZPFDUUQYSA-N,CC[C@H](C)[C@H](NC(=O)[C@H](CCC(=O)O)NC(=O)[C@@H]1CCCN1)C(=O)O,138911110
QAFBDRSXXHEXGB-UHFFFAOYSA-N,O=C(O)Cn1ccnc1,656129
GFNWRKNVTHDNPV-QHSBEEBCSA-N,C=C(C)[C@@H]1CCC2=C[C@H](O)C[C@@H](C)[C@@]2(C)C1,92287706
MHUWZNTUIIFHAS-CLFAGFIQSA-N,CCCCCCCC/C=C\CCCCCCCC(=O)OCC(COP(=O)(O)O)OC(=O)CCCCCCC/C=C\CCCCCCCC,9547172
LIPOUNRJVLNBCD-UHFFFAOYSA-M,CC(=O)OP(=O)([O-])O,6518188
FUYLLJCBCKRIAL-UHFFFAOYSA-M,Cc1cc(=O)oc2cc(OS(=O)(=O)[O-])ccc12,4342039
AIJDQMYBRDJHHT-ABAXQOPJSA-N,CCCCCCCC\C=C/C=C/C=C/[C@@H](SC[C@H](NC(=O)CC[C@H](N)C(=O)O)C(=O)NCC(=O)O)[C@@H](O)CCCC(=O)O,122198280
LRFIKYDSTHZRKW-BFMVXSJESA-N,O=C(OCc1ccc(O[C@@H]2O[C@H](CO)[C@@H](O)[C@H](O)[C@H]2O)cc1)c1ccc(O)c(O)c1,10409977
LOGOEBMHHXYBID-MOROJQBDSA-N,CNC(=O)[C@H]1O[C@@H](n2cnc3c(NCc4ccc(N)c(I)c4)ncnc32)[C@H](O)[C@@H]1O,9958472
MGOHCFMYLBAPRN-UHFFFAOYSA-N,CCc1cc(C)cc(CC)c1-c1c(OC(=O)C(C)(C)C)n2n(c1=O)CCOCC2,210326
CNQNSKKTSAQQTD-WESIPVNNSA-N,CO[C@@H]1[C@H](O[C@H]2[C@H](O)[C@@H](O)[C@H](O)O[C@@H]2C(=O)O)O[C@@H](C)[C@@H](NC(C)=O)[C@H]1O,45480607
IPVYNYWIRWMRHH-UHFFFAOYSA-N,CCCCCCCCC=CCCCCCCCC(=O)NC(C)CO,71363004
FACAUSJJVBMWLV-JXMROGBWSA-N,CC(C)=CCC/C(C)=C/CS,6365572
PFPKIQYPGNSSKT-UHFFFAOYSA-N,CCOc1ccc2c(-c3ccnc(Nc4cccc(OC)c4)n3)cnn2n1,137333890
MDFIHAYHEBXNCC-UHFFFAOYSA-N,C=C(C(=O)O)C(CCCC(=O)OC)C(=O)OC,23651872
KVLNCELNGBMHDX-FCWZHQICSA-N,CC/C=C\C/C=C\C/C=C\C/C=C\C=C\C(=O)CCCC(=O)O,102164179
PSOVNZZNOMJUBI-UHFFFAOYSA-N,CNC(=O)c1cc(Cl)cc(C)c1NC(=O)c1cc(Br)nn1-c1ncccc1Cl,11271640
UMQXPTSGLUXAQK-VIFPVBQESA-N,N[C@@H](CC1=C[N]c2ccccc21)C(=O)O,5460850
VWBAKCRPXQBUFQ-UHFFFAOYSA-N,O=C(O)C(=O)CCc1c(O)cc(C(=O)O)[nH]c1=O,54675774
DZMGFGQBRYWJOR-YUMQZZPRSA-N,CSCC[C@H](N)C(=O)N1CCC[C@H]1C(=O)O,11893572
QSIWSPJKOPVWIU-GVTIMSHASA-N,CC(=O)O[C@@H](CC/C=C/c1ccc(O)cc1)CCc1ccc(O)c(O)c1,49831946
QDYTUZCWBJRHKK-UHFFFAOYSA-N,OCc1cnc[nH]1,1745
ISCLZDJGLPCZAS-WOUKDFQISA-N,CCOP(=O)(O)OP(=O)(O)OP(=O)(O)OC[C@H]1O[C@@H](n2cnc3c(N)ncnc32)[C@H](O)[C@@H]1O,22873457
AZFLJNIPTRTECV-FUMNGEBKSA-N,C[C@]12CCC3=C4CCC(=O)C=C4CC[C@H]3[C@@H]1CC[C@@]2(O)CC#N,68861
NCUJRUDLFCGVOE-UHFFFAOYSA-M,Cc1cc(=O)c2c([O-])cc(O)cc2o1,86289434
QEAQJVYOZNBPLR-KSJZJIFISA-N,CC/C=C\C/C=C\C[C@@H](/C=C/C=C\C=C\CC/C=C\CCC(=O)O)OO,131983349
MSLYURLMFHGOET-OLBAJUCDSA-M,CC/C=C\C[C@H](O)C/C=C1/C(=O)C=C[C@@H]1C/C=C\CCCC(=O)[O-],132282541
YFXWTVLDSKSYLW-NSCUHMNNSA-N,COc1cc(/C=C/C(=O)O)cc(O)c1O,446834
QALHNGMTIIHGNI-YFKPBYRVSA-O,C[Se+](C)CC[C@H]([NH3+])C(=O)[O-],90658564
AODYJUNLDJOADV-YXZULKJRSA-N,O=C1CC(=O)N([C@@H]2O[C@H](COP(=O)(O)O)[C@@H](O)[C@H]2O)C(=O)N1,445132
RFKITWRHKUYMRJ-UHFFFAOYSA-K,O=C([O-])C1=NN(c2ccc(S(=O)(=O)[O-])cc2)C(=O)C1N=Nc1ccc(S(=O)(=O)[O-])cc1,5017585
GDNZNIJPBQATCZ-UHFFFAOYSA-N,COc1ccc2c(c1)OC(O)C(=O)N2O,2358
SZTCNEFCDPPBEG-ZBELOFFLSA-N,CC(=O)N[C@@H](CO)[C@@H](O[C@@H]1O[C@H](CO)[C@H](O)[C@H](O)[C@H]1O)[C@H](O)[C@H](O)CO,91847827
KXGVEGMKQFWNSR-WFTUMUMQSA-N,C[C@H](CCC(=O)O)[C@H]1CC[C@H]2[C@@H]3CC[C@H]4C[C@H](O)CC[C@]4(C)[C@H]3C[C@H](O)[C@]12C,5283833
CBXHEDPBKOZZSI-NSHDSACASA-M,CC(=O)N[C@@H](CSc1c2nc3cc(C=O)ccc3oc-2cc(=O)c1N)C(=O)[O-],71464598
PXJCCYYXAUUXRF-GGJINPDOSA-N,CCCCCCCCCCCCCCCCCCCCCC(=O)N[C@@H](CO)[C@H](O)CCCCCCCCCCC(C)CC,118797955
HAZLNOUWLROAAU-KQFLDCGVSA-N,O=C(O)CCC/C=C/C(c1ccccc1)c1c(O)c(C(/C=C/c2ccccc2)CCCC(=O)O)c(O)c2c1OC(c1ccccc1)CC2=O,56834169
OBYSASJZICHTJD-UHFFFAOYSA-N,O=C1CCCCN1CCCCBr,536377
ZEHIHNBSUKPKMF-PXNSSMCTSA-N,CC(C)=CCc1c(O)c(C)cc2c1O[C@H]1c3ccc(O)cc3OC[C@@H]21,25242998
MLBVMOWEQCZNCC-OEMFJLHTSA-N,CC(C)CN(C[C@@H](OP(=O)(O)O)[C@H](Cc1ccccc1)NC(=O)O[C@H]1CCOC1)S(=O)(=O)c1ccc(N)cc1,131536
JGSARLDLIJGVTE-MBNYWOFBSA-N,CC1(C)S[C@@H]2[C@H](NC(=O)Cc3ccccc3)C(=O)N2[C@H]1C(=O)O,5904
XUDBEWBIFKREBQ-UHFFFAOYSA-N,NCCSC1CC2CC(=O)N2C1,91825680
IDDIJAWJANBQLJ-UHFFFAOYSA-N,CC(=O)N(O)CCCCCNC(=O)CCC(=O)N(O)CCCCCNC(=O)CCC(=O)N(O)CCCCCN.CS(=O)(=O)[O-].[H+],24883429
JSFATNQSLKRBCI-VAEKSGALSA-M,CCCCC[C@H](O)/C=C/C=C\C/C=C\C/C=C\CCCC(=O)[O-],25244486
KLOLZALDXGTNQE-JIDHJSLPSA-N,O=C(O)C(c1ccccc1)(c1ccccc1)c1ccccc1.OCc1cc([C@@H](O)CNCCCCCCOCCOCc2c(Cl)cccc2Cl)ccc1O,44482554
SQFQJKZSFOZDJY-CVGLIYDESA-N,C=C(/C=C/[C@@H](C)[C@H]1CC[C@H]2C3=CC=C4C[C@@H](O)CC[C@]4(C)[C@H]3CC[C@]12C)C(C)C,11090531
XFOASZQZPWEJAA-UHFFFAOYSA-N,CC(C)C(C)C(=O)O,26608
BTCSSZJGUNDROE-UHFFFAOYSA-N,[NH3+]CCCC(=O)[O-],6992099
KCXVZYZYPLLWCC-UHFFFAOYSA-L,O=C([O-])C[NH+](CC[NH+](CC(=O)[O-])CC(=O)[O-])CC(=O)[O-],5246202
SMTGVDDLBJESIT-GSVOUGTGSA-K,O=C([O-])[C@H](O)C(=O)COP(=O)([O-])[O-],126456490
BXJSOEWOQDVGJW-JTQLQIEISA-N,Cc1[nH]c2ccccc2c1C[C@H]([NH3+])C(=O)[O-],40423437
TZCZUVPSFJZERP-GSVOUGTGSA-N,O=C(COP(=O)(O)O)[C@H](O)CO,152153
RIKWDZWVHUIUAM-SQGBXOFWSA-N,CC1=CC(=O)CC(C)(C)[C@@]1(O)/C=C/C(C)=C/C=O,90657477
VVIUBCNYACGLLV-UHFFFAOYSA-N,[NH3+]CCS(=O)[O-],25244088
OKBVVJOGVLARMR-QSWIMTSFSA-N,C=CC1=C(C(=O)O)N2C(=O)[C@@H](NC(=O)/C(=N\OCC(=O)O)c3csc(N)n3)[C@H]2SC1,5362065
RCWJMKCTHJPXJV-UHFFFAOYSA-N,O=C1C=C(N2CC2)C(=O)C=C1N1CC1,95715
CKGAIIJMVWESST-LKJFLBAOSA-N,CC(=O)O[C@@H]1CC[C@]2(C)[C@H]3CC[C@@H]4[C@@H]([C@]5(C)CCC(=O)O5)CC[C@@]4(C)[C@]3(C)CC[C@H]2C1(C)C,70698233
LJVKMVSYTWPNGA-UUWFMWQGSA-O,COc1ccc2c3c1O[C@H]1C(=O)CC=C4[C@@H](C2)[NH+](C)CC[C@]431,46878508
YDCRNMJQROAWFT-UHFFFAOYSA-M,CC(O)CCCC(=O)[O-],22275672
IWRYUGLEERCEKN-SBUXAMOSSA-M,O=C([O-])CCCCCCC/C=C\CCCCCCCCO[C@@H]1O[C@H](CO)[C@@H](O)[C@H](O)[C@H]1O,138756170
KMDRJFYWGCLAGL-NXAGNEQWSA-N,CC(=O)OC[C@]12CC[C@H]3[C@@H](CCC4=CC(=O)C=C[C@@]43C)[C@@H]1CC[C@@H]2[C@H](C)[C@H]1CC[C@H](C)C(=O)O1,21628410
SNICXCGAKADSCV-JTQLQIEISA-O,C[NH+]1CCC[C@H]1c1cccnc1,6919000
AWUCVROLDVIAJX-UHFFFAOYSA-L,O=P([O-])([O-])OCC(O)CO,3707990
OJCFPYLTKWNLCE-CBUQHMQYSA-N,C=C(CC[C@@H](CO)[C@H]1CC[C@H]2C3=CC[C@H]4[C@H](C)[C@@H](O)[C@H](O)C[C@]4(C)[C@H]3CC[C@]12C)C(C)C,53355688
ONWMQORSVZYVNH-UWVGGRQHSA-N,NC(=O)C[C@H](NC(=O)[C@@H](N)Cc1ccc(O)cc1)C(=O)O,44230566
DHHVAGZRUROJKS-UHFFFAOYSA-N,CC(C)(N)Cc1ccccc1,4771
PIEQFSVTZMAUJA-UHFFFAOYSA-N,O=S(=O)(O)c1cc(S(=O)(=O)O)c2c(N=Nc3ccc(N=Nc4ccccc4)cc3)c(O)ccc2c1,21520
PRFXRIUZNKLRHM-HKVRTXJWSA-M,CCCCC[C@H](O)/C=C/C1=C(C/C=C\CCCC(=O)[O-])C(=O)CC1,40488288
KSGZCKSNTAJOJS-DZBMUNJRSA-N,CN(C)[C@H]1C[C@@]23CC[C@@]4(O2)C(=CC[C@]2(C)[C@@H](c5ccc6ccncc6c5)CC[C@H]24)C=C3[C@@H](O)[C@@H]1O,11561907
UZRYBCGKNZOEMQ-XWXSNNQWSA-N,CC(C)[C@@H](O)CC[C@@H](C)[C@H]1CC[C@H]2[C@@H]3CC=C4C[C@@H](OS(=O)(=O)O)CC[C@]4(C)[C@H]3CC[C@]12C,87421689
IUBSYMUCCVWXPE-UHFFFAOYSA-N,COCCc1ccc(OCC(O)CNC(C)C)cc1,4171
IHEKRRLEONOHHE-UHFFFAOYSA-L,O=C1C=C(O)c2c([O-])cc(O)c(C3=C([O-])c4c(O)cc(O)cc4C(=O)C3=O)c2C1=O,25201298
SCVCWUHUBWSKHS-VJUMYARRSA-N,CC(C)CC(NC(=O)[C@@H](NC(=O)[C@@H](NC(=O)[C@@H](C)C(N)=O)[C@@H](C)O)[C@@H](C)O)C(=O)C1(CO)CO1,70678769
ZEHYRTJBFMZHCY-UHFFFAOYSA-N,COc1cc(C=O)cc([N+](=O)[O-])c1O,81134
ZCXRIDHJRROVJY-JOZUOZHYSA-M,CCCCCCCC/C=C\CCCCCCCC(=O)O[C@@H](CO)COP(=O)([O-])OC[C@H](CO)OC(=O)CCCCCCC/C=C\CCCCCCCC,131801237
OYYDSUSKLWTMMQ-AIZNXBIQSA-N,O=C(OC1C[C@H]2CC[C@@H](C1)[N+]21CCCC1)C(O)(c1ccccc1)c1ccccc1,5284632
ODTDYYZJDQGKQT-NSCUHMNNSA-K,O=C([O-])/C=C(\CC(=O)C(=O)[O-])C(=O)[O-],21158452
UWWVLQOLROBFTD-GADKELDLSA-N,CCCC[C@@H](C)[C@@H](O)[C@@H](O)C[C@@H](C)C[C@H](O)CCCC[C@@H](O)C[C@H](O)[C@H](C)N,21119850
DXDRHHKMWQZJHT-FPYGCLRLSA-N,O=C(/C=C/c1ccc(O)cc1)c1ccc(O)cc1O,638278
YCUNOXSUHVGZRI-XMHBHJPISA-N,COc1cc(-c2oc3cc(O[C@@H]4O[C@H](CO)[C@@H](O)[C@H](O)[C@H]4O)cc(O)c3c(=O)c2O)ccc1O,6455477
OKKIXHFYXNFPCT-XPFGEJOWSA-N,CCCCC/C=C\C/C=C\C/C=C\C/C=C\CCCC(=O)O[C@H](COC(=O)CCCCCCCCCCCCCCCC)COP(=O)(O)OC[C@H](N)C(=O)O,5283501
QIVBCDIJIAJPQS-UHFFFAOYSA-M,NC(Cc1c[nH]c2ccccc12)C(=O)[O-],3090777
FKTXRTPBUWLETL-QMMMGPOBSA-M,CC(=O)N[C@@H](Cc1cncn1C)C(=O)[O-],121596239
GPLGAQQQNWMVMM-MYAJQUOBSA-N,C[C@H]1[C@H]2CC[C@H]3[C@@H]4CC=C5C[C@@H](N(C)C)CC[C@]5(C)[C@H]4CC[C@]23CN1C,441082
IJYZXEQPMZTSQX-WLWKMTCISA-M,CCCCCC/C=C\CCCCCCCCC(=O)OC[C@@H](O)COP(=O)([O-])OC1[C@H](O)[C@H](O)C(O)[C@H](O)[C@H]1O,71668295
RHKKZBWRNHGJEZ-VRPWFDPXSA-L,O=P([O-])([O-])OCC1(O)O[C@H](CO)[C@@H](O)[C@@H]1O,23421194
SBDNJUWAMKYJOX-UHFFFAOYSA-M,Cc1ccc(Cl)c(Nc2ccccc2C(=O)[O-])c1Cl,4036
GRGDLDNREYVILP-CNWVQWJYSA-N,CC/C=C\C/C=C\C/C=C\CCCCCCCC(=O)OC[C@H](CO)OC(=O)CCCCCCCCC/C=C\C/C=C\CCCCC,9543784
UPMXNNIRAGDFEH-UHFFFAOYSA-N,N#Cc1cc(Br)c(O)c(Br)c1,15531
SJRXWMQZUAOMRJ-VOTSOKGWSA-N,CCC/C=C/C(=O)OCC,5364778
IAMNVCJECQWBLZ-UHFFFAOYSA-N,CC(=O)c1ccc(O)cc1C,70133
OFAZPSYXUKIJIK-JGRZZSDMSA-N,C[C@]12CC[C@H](O)C[C@@H]1[C@@H](O)C[C@@H]1[C@@H]2CC[C@]2(C)[C@@H](O)CC[C@@H]12,170796
YKAYCWPQDPILSA-UHFFFAOYSA-N,CC(O)(CBr)CCOP(=O)(O)OP(=O)(O)O,3477612
WWSKELVNYRIPTL-UHFFFAOYSA-K,O=c1c(OS(=O)(=O)[O-])c(-c2ccc(O)c(OS(=O)(=O)[O-])c2)oc2cc(OS(=O)(=O)[O-])cc(O)c12,21676177
YQEPMZLWYOAQNI-UHFFFAOYSA-N,OCCCc1ccc2oc(-c3ccc4c(c3)OCO4)cc2c1,10402297
MITFXPHMIHQXPI-UHFFFAOYSA-N,CC(C(=O)O)c1ccc2oc(-c3ccc(Cl)cc3)nc2c1,39941
AXJKOPKPNZMCIN-LGHBDAFPSA-N,CCCCC/C=C\C/C=C\C/C=C\C/C=C\CCCC(=O)OC(COC(=O)CCCCCCCCCCCCCCCCC)COP(=O)(O)O,20835389
BKXVVCILCIUCLG-UHFFFAOYSA-N,Cl.O=C(c1ccc(OCCN2CCCCC2)cc1)c1c(-c2ccc(O)cc2)sc2cc(O)ccc12,54900
CBZPGRKSSXCZLI-UHFFFAOYSA-M,CC(CO)CCCC(C)CCCC(C)CCCC(C)CC(=O)[O-],86290131
BFLSLERVRLOFCX-BYPYZUCNSA-N,C=C1C(=O)OC[C@@H]1O,10103141
ZPWCOSMKGXFUAS-UHFFFAOYSA-O,CN(C)c1ccc(C(=C2C=CC(=[N+](C)C)C=C2)c2ccc(OCCCC(=O)NCCNC(=O)CCC(=O)NCCOCCOCCN)cc2)cc1,54674038
FWGFCRSCPPSXQL-IPPALFRBSA-N,C/C=C1/CN2CCc3c([nH]c4ccccc34)[C@@H](C(=O)OC)[C@H]1CC2,135563728
ALGJSAHUUYIAIZ-UHFFFAOYSA-M,CCCCCCCCCCCCCCCCCCCCCCCC(=O)NCC(=O)[O-],91828266
FTVWIRXFELQLPI-UHFFFAOYSA-N,O=C1CC(c2ccc(O)cc2)Oc2cc(O)cc(O)c21,932
OFNJCHBCBBSWHW-XVYZBDJZSA-N,C[C@H](CC[C@H](O)C(C)(C)O)[C@H]1CC[C@H]2[C@@H]3CC=C4C[C@@H](O)CC[C@]4(C)[C@H]3CC[C@]12C,69331086
UYQGVDXDXBAABN-YVCRHRKHSA-N,CC/C=C\C[C@H](/C=C/C=C\CCCCCCCC(=O)O)OO,122391288
OYKAXBUWOIRLGF-VMBRNALUSA-M,CC/C=C\C/C=C\C=C\O/C=C/CCCCCCC(=O)[O-],25245649
AUJVQJHODMISJP-UHFFFAOYSA-N,CCCCCCCCCCCCCCCCCCCC(=O)NCCO,3787294
JPMRGPPMXHGKRO-UHFFFAOYSA-N,Cl.ClCc1ccccn1,23392
CZQHHVNHHHRRDU-UHFFFAOYSA-N,O=c1cc(N2CCOCC2)oc2c(-c3ccccc3)cccc12,3973
LMKSRFWSQAKTOE-UHFFFAOYSA-N,NC(C(=O)O)C(=O)COP(=O)(O)O,5230519
JVZWBVAMDACIET-YUMQZZPRSA-N,O=C(O)CC[C@H](NC(=O)[C@H](CCC(=O)O)NC(=O)C(O)(CC(=O)O)CC(=O)O)C(=O)O,118796869
GGNDESPZSKTNHV-UFBFGSQYSA-N,C[C@H](O)CCC[C@H](O)c1c(O)cc2c(c1O)C(=O)c1c(O)cc(O)cc1C2=O,25203397
DHEPJQQWDJWPJY-XQIDNCIUSA-N,C=C1C[C@]23C[C@@]1(O)CC[C@H]2[C@]1(C)CCC[C@@](C)(C(=O)O)[C@H]1[C@@H]3C=O,443494
GODDWIDSELPRPA-QMIJOYDGSA-N,N[C@@H](CCC(=O)N[C@@H](CSC1C=Cc2c(cc3ccc4cccc5ccc2c3c45)C1O)C(=O)NCC(=O)O)C(=O)O,11954069
ZQFAGNFSIZZYBA-AAEUAGOBSA-N,NC(=O)CC[C@H](N)C(=O)N[C@@H](Cc1c[nH]c2ccccc12)C(=O)O,25176542
WOVKYSAHUYNSMH-RRKCRQDMSA-N,O=c1[nH]c(=O)n([C@H]2C[C@H](O)[C@@H](CO)O2)cc1Br,6035
BTFJIXJJCSYFAL-UHFFFAOYSA-N,CCCCCCCCCCCCCCCCCCCCO,12404
GOCUAJYOYBLQRH-MRVPVSSYSA-N,C[C@@H](Oc1ccc(Oc2ncc(C(F)(F)F)cc2Cl)cc1)C(=O)O,448979
VAZAPHZUAVEOMC-UHFFFAOYSA-N,CC(=O)Nc1ccc(C(=O)Nc2ccccc2N)cc1,2746
DJJCXFVJDGTHFX-XVFCMESISA-N,O=c1ccn([C@@H]2O[C@H](COP(=O)(O)O)[C@@H](O)[C@H]2O)c(=O)[nH]1,6030
JJPHEMBYRSTKCE-UIJXAYEMSA-N,CCCCCCCCCCCCCCCCC(=O)N[C@@H](COP(=O)([O-])OCC[N+](C)(C)C)[C@H](O)[C@H](O)CCCCCCCCCCC(C)C,70679181
SASYSVUEVMOWPL-NXVVXOECSA-N,CCCCCCCC/C=C\CCCCCCCC(=O)OCCCCCCCCCC,5363234
KGIJOOYOSFUGPC-XTDASVJISA-N,CCCCC/C=C\C/C=C\C/C=C\C=C\C(O)CCCC(=O)O,9862886
URDQSJSEGRMOIT-FDMWOPBLSA-M,CCCCC[C@@H]1O[C@H]1/C=C/C=C/C=C\C/C=C\CCCC(=O)[O-],119058203
NYMXYZMHOZAPHQ-SEPHDYHBSA-N,N#CCCN.N#CCCN.O=C(O)/C=C/C(=O)O,5462653
DZBLNYYGAKHAOJ-BNICOGTQSA-N,C[C@@H](O)CCCCC/C=C/C(=O)O,5312802
OWEGWHBOCFMBLP-UHFFFAOYSA-N,CC(C)(C)C(=O)C(Oc1ccc(Cl)cc1)n1ccnc1,37907
BRPKBUNFOZFULQ-SGAXSIHGSA-N,O=C1/C(=C/c2cc(Br)c(O)c(Br)c2O)Oc2cc(O)cc(O)c21,5288217
ZPUCINDJVBIVPJ-LJISPDSOSA-N,COC(=O)[C@H]1[C@@H](OC(=O)c2ccccc2)C[C@@H]2CC[C@H]1N2C,446220
KFSZKAMIIWDKKZ-XQRVVYSFSA-N,CC(C)CCCC/C=C\CCOS(=O)(=O)O,24796648
CCCNUHFRBBIFHO-WJWGPLDTSA-M,C=CC[S@](=O)C[C@H](NC(C)=O)C(=O)[O-],122164825
NVJLIMSDAPOFHF-KBPBESRZSA-O,Cc1c[n+](CCCC[C@H](N)C(=O)O)cn1CCCC[C@H](N)C(=O)O,46878528
BJSNGVYBQJIGRT-UHFFFAOYSA-M,Cc1c(C(=O)O)c(O)cc2cc3c(c([O-])c12)C(=O)c1c(O)cc(O)cc1C3,71627302
JSRLJPSBLDHEIO-SHYZEUOFSA-N,O=c1ccn([C@H]2C[C@H](O)[C@@H](COP(=O)(O)O)O2)c(=O)[nH]1,65063
CAHKINHBCWCHCF-UHFFFAOYSA-N,CC(=O)NC(Cc1ccc(O)cc1)C(=O)O,89216
QTQNAYQDKCBJTC-VRPWFDPXSA-M,O=S(=O)([O-])C[C@H]1OC(O)(CO)[C@@H](O)[C@@H]1O,86289119
PAHGJZDQXIOYTH-UHFFFAOYSA-N,CC(C)CCCC(C)CCCC(C)CCCC(C)C(=O)O,123929
ISOLGZVBSWHFJY-XLBMPYLXSA-N,CC(=O)N[C@H]1C(O)O[C@H](C)[C@H](N)[C@@H]1O,51351730
GOAUTULGLLBZSR-YLLUOSTHSA-N,CC(C)=CCC/C(C)=C/Cc1c(O)cc(O)c2c1O[C@H](c1ccc(O)cc1)CC2=O,6475921
HRBKVYFZANMGRE-UHFFFAOYSA-N,COP(=S)(OC)Oc1nc(Cl)c(Cl)cc1Cl,21803
HIFHGEKXHBBCMU-JLNKQSITSA-N,CC/C=C\C/C=C\C/C=C\C/C=C\C/C=C\CCCCCCCCCC(=O)O,52921807
OTSKEODGNQKECL-WSRAPPRJSA-O,OCC1=C[C@H]([NH2+][C@@H]2[C@H](O)[C@@H](O)[C@H](O)[C@@H](CO)[C@H]2O)[C@H](O)[C@@H](O)[C@@H]1O,134692037
WITCOKQIPFWQQD-FSPLSTOPSA-N,CC(C)[C@H](N)C(=O)N[C@@H](CC(N)=O)C(=O)O,7020201
UJXBXUSHOWRLIG-JDLYWALLSA-N,O=P(O)(O)O[C@@H]1[C@H](O)[C@H](O)[C@@H](O)[C@H](O)[C@H]1OC1O[C@H](CO)[C@@H](O)[C@H](O)[C@@H]1O,49792038
JQZPXWYLEQDBGH-INEUFUBQSA-L,CSCC(=O)[C@H](O)[C@H](O)COP(=O)([O-])[O-],90657330
UTYVDVLMYQPLQB-UHFFFAOYSA-M,O=C([O-])CNC(=O)Cc1ccccc1,4229702
ONKUMRGIYFNPJW-KIEAKMPYSA-N,C#C[C@]1(OC(C)=O)CC[C@H]2[C@@H]3CCC4=C[C@@H](OC(C)=O)CC[C@@H]4[C@H]3CC[C@@]21C,9270
TUHVEAJXIMEOSA-UHFFFAOYSA-M,NC(N)=NCCCC(=O)[O-],23104037
AEMOLEFTQBMNLQ-QTWKXLRFSA-N,O=C(O)C1O[C@@H](O)[C@@H](O)[C@@H](O)[C@@H]1O,91666318
ZHPWRQIPPNZNML-UHFFFAOYSA-N,Clc1ccc(CCC(Cn2ccnc2)Sc2c(Cl)cccc2Cl)cc1.O=[N+]([O-])O,47471
ZIBGPFATKBEMQZ-UHFFFAOYSA-N,OCCOCCOCCO,8172
LZKPPSAEINBHRP-KORIGIIASA-O,CC(C)CCCCCCCCC/C=C/[C@@H](O)[C@@H]([NH3+])CO,70679002
IJYPHMXWKKKHGT-VAWYXSNFSA-N,COc1cc2c(cc1OC)CN(C(=O)/C=C/c1c(-c3ccccc3)n(C)c3ncccc13)CC2,10138988
LNOHXHDWGCMVCO-NTKSAMNMSA-M,COc1c(O[C@@H]2O[C@H](C(=O)[O-])[C@@H](O)[C@H](O)[C@H]2O)cc(O)c2c(=O)cc(-c3ccccc3)oc12,35755714
VIXCLRUCUMWJFF-UHFFFAOYSA-N,CS(=O)(=O)c1ccc(C(=O)C2=C(Sc3ccccc3)C3CCC(C3)C2=O)c(Cl)c1,11236201
UAOIPNOTWOYAMU-LBPRGKRZSA-N,C[C@H](C(=O)Nc1cc(C2CC2)[nH]n1)c1ccc(N2CCCC2=O)cc1,5330949
RXLAEFPIBOZBTL-UNXCDKAXSA-N,CCCCC/C=C\C/C=C\C/C=C\C(O)/C=C\CCCC(=O)O,101925465
VBLJFQYCTRKKKF-UHFFFAOYSA-N,CCOP(=O)(OCC)Oc1cc(C)nc(C(C)C)n1,13754
BIABMEZBCHDPBV-BEBVUIBBSA-M,CCCCCCCCCCCCCCCC(=O)OC[C@H](COP(=O)([O-])OCC(O)CO)OC(=O)CCCCCCCCCCCCCCC,59027833
OEROUXQFUNUVIP-WZYYJWNZSA-N,CCCCCCCCCCCCCCCCCCCCCCCC(=O)N[C@@H](CO)[C@H](O)CCCCCCCCCCCCCCCCC,70678830
AGPKZVBTJJNPAG-RFZPGFLSSA-M,CC[C@@H](C)[C@@H](N)C(=O)[O-],5460908
WXSKVKPSMAHCSG-UHFFFAOYSA-L,O=C([O-])C(=O)CC(O)C(=O)[O-],5459960
LJORHONFMDUUHP-ILWVTJRESA-M,CC(=O)N[C@@H]1[C@@H](O[C@@H]2O[C@@H](C(=O)[O-])[C@@H](O)[C@H](O)[C@H]2O)[C@@H](O)[C@@H](CO)O[C@H]1O,70678584
RAQPOZGWANIDQT-UHFFFAOYSA-P,c1ccc(CCC[NH+]2CC[NH+](CCOC(c3ccccc3)c3ccccc3)CC2)cc1,56927939
DMZJXYVZVWKSFA-UHFFFAOYSA-N,CCC(=O)c1cc(OC)c(O)c(OC)c1O,70698279
VQUUFWNZZIMDBR-FFYWQILMSA-N,CCCCC[C@H](O)/C=C/[C@H]1OC2CC(C2)[C@@H]1C/C=C\CCCC(=O)O,129626745
XSMIOONHPKRREI-UHFFFAOYSA-N,OCCCCCCCCCCCO,69822
QJVBIFNWYBLVDD-APMKNHDFSA-N,O=C1O/C(=C\c2ccc(O)c(O)c2)c2cccc(O[C@@H]3O[C@H](CO)[C@@H](O)[C@H](O)[C@H]3O)c21,53359351
WFSDNSUFYNCHHL-DVOXXZCQSA-N,CC1=C(/C=C/C(C)=C/C=C/C(C)=C/C=C/C=C(C)/C=C/C=C(C)/C=C/C=O)C(C)(C)CCC1,44224024
YNHLBDYXAQJXAN-XAZWCUSSSA-N,OC[C@@H]1OC(O)[C@H](O)[C@H]1O[C@@H]1O[C@H](CO)[C@H](O)[C@H](O)[C@H]1O,91850775
KXZSMOLMRHMZDG-PWGAQZMISA-N,CC(=O)N[C@H](Cc1ccccc1)C(=O)N1CCC[C@H]1C(=O)N[C@@H](CCCN=C(N)N)B(O)O.Cl,46878203
KVIZNNVXXNFLMU-DUVUQDDDSA-N,C/C=C\[C@@H]1[C@@H](C(=O)OCc2c(F)c(F)c(COC)c(F)c2F)C1(C)C,12128785
DVPRQNKJGQEICH-JTQLQIEISA-M,CC(=O)Nc1ccc(O)c(SC[C@H](NC(C)=O)C(=O)[O-])c1,40425339
PQBCYTBVNFCCOI-JLNKQSITSA-M,CC/C=C\C/C=C\C/C=C\C/C=C\C/C=C\CCCCCCCCCCCCCCCC(=O)[O-],86289168
ARXPDHLVDOYIPX-UHFFFAOYSA-N,COc1cc(OC)c2c(c1)cc(O)c1c(=O)cc(C)oc12,5748546
FAMJWPBIAKZQIJ-UHFFFAOYSA-N,COc1cccc(OC)c1-c1ccc2cc(CC(NC(=O)c3c(Cl)cccc3Cl)C(=O)O)ccc2c1,10007018
UJFQJDAESQJXTG-UFUZVNNQSA-L,C=C1C[C@]23C[C@H]1CC[C@H]2[C@]1(C)CCC[C@@](C)(C(=O)[O-])[C@H]1[C@@H]3C(=O)[O-],25244528
RTNMRJRMTGSUAE-DWPFRNKMSA-N,C[C@@H]1CCN2C[C@@]34C[C@@]5(CC(=O)N(C)C5=O)C(C)(C)[C@H]3C[C@@]12C(=O)N4C,70698047
QMVPMAAFGQKVCJ-UHFFFAOYSA-N,CC(C)=CCCC(C)CCO,8842
PHSRRHGYXQCRPU-AWEZNQCLSA-N,CCCCCCCCCC(=O)CC(=O)N[C@H]1CCOC1=O,3246941
USFPINLPPFWTJW-UHFFFAOYSA-N,c1ccc([P+](c2ccccc2)(c2ccccc2)c2ccccc2)cc1,164912
MQSZRBPYXNEFHF-UHFFFAOYSA-N,COc1cc(O)c2c(=O)c(O)c(-c3ccc(O)cc3)oc2c1,5320946
CZOASFIZEHMKCK-VHBNVGGOSA-N,CCCCC/C=C\CC(/C=C/C=C\CCCCCCC(=O)O)OO,86290092
VHILIAIEEYLJNA-UHFFFAOYSA-N,CSc1ccc(C)cc1,69334
DXBHBZVCASKNBY-UHFFFAOYSA-N,c1ccc2cc3c(ccc4ccccc43)cc2c1,5954
GGXKWVWZWMLJEH-UHFFFAOYSA-N,CC(=O)OCC(CCn1cnc2cnc(N)nc21)COC(C)=O,3324
XDSSPSLGNGIIHP-GSVOUGTGSA-M,C[Se]C[C@@H](N)C(=O)[O-],44224052
NLZCOTZRUWYPTP-WHCFWRGISA-N,COc1ccc(-c2cc(=O)c3c(O)cc(O[C@@H]4O[C@H](CO)[C@H](O)[C@H](O)[C@H]4O)cc3o2)cc1,5480899
VACHUYIREGFMSP-UHFFFAOYSA-M,CCCCCCCCC(O)C(O)CCCCCCCC(=O)[O-],21993141
KFKRXESVMDBTNQ-UHFFFAOYSA-N,CC1=C(CCC(=O)O)c2cc3nc(cc4[nH]c(cc5[nH]c(cc1n2)c(C)c5C(C)O)c(C)c4C(C)O)C(C)=C3CCC(=O)O,11103
PTOAZNZPJAHUEF-XHSYRHOGSA-N,C[C@]12CC[C@@H](O)[C@@H](CCC(=O)O)[C@@H]1CCC2=O,86290215
KVNPSKDDJARYKK-JTQLQIEISA-N,COc1ccc2[nH]cc(C[C@H]([NH3+])C(=O)[O-])c2c1,6921545
FIMVTNBZKNVWDN-MRVPVSSYSA-N,CCCCCC(=O)OC[C@@H](O)COP(=O)(O)O,22298968
JMVSBFJBMXQNJW-GIXZANJISA-K,CC(C)=CCC/C(C)=C/CC/C(C)=C/CC/C(C)=C/CC/C(C)=C/COP(=O)([O-])OP(=O)([O-])[O-],25244051
YBGOLOJQJWLUQP-UHFFFAOYSA-O,CN(C)c1ccc2[nH+]c3c(C(=O)O)cc(=O)c(O)c-3oc2c1,3246373
CSWIKHNSBZVWNQ-UHFFFAOYSA-N,CCOCCN(C(=O)CCl)C(=C(C)C)c1ccccc1,6450826
MUOHJTRCBBDUOW-FNUZHIFDSA-M,C[C@]12CC[C@@H]3c4ccc(O[C@@H]5O[C@H](C(=O)[O-])[C@@H](O)[C@H](O)[C@H]5O)cc4CC[C@H]3[C@@H]1CC[C@H]2O,46878390
IQEQEOBGZMEDBQ-LBRHRNEPSA-N,C=C1CC[C@H](O)C/C1=C/C=C1\CCC[C@@]2(C)[C@H]1CC[C@@H]2[C@@](C)(O)CCCC(C)C,46938678
SXFKFRRXJUJGSS-UHFFFAOYSA-N,CCCCCc1cc(O)cc(O)c1C(=O)O,2826719
FULZLIGZKMKICU-UHFFFAOYSA-N,NC(=S)Nc1ccccc1,676454
XUGNVMKQXJXZCD-UHFFFAOYSA-N,CCCCCCCCCCCCCCCC(=O)OC(C)C,8907
ABCOOORLYAOBOZ-KQYNXXCUSA-N,NC(=O)c1ncn([C@@H]2O[C@H](COP(=O)(O)O)[C@@H](O)[C@H]2O)c1NC=O,166760
ZQGUXJLCOPSLHD-MRVPVSSYSA-N,C[C@@H](O)CCCCCCC(=O)O,5312827
DDSLGZOYEPKPSJ-UHFFFAOYSA-N,CC(=O)NCCCC=O,440850
ZYLPVUZBZNMVMR-ZBBHDILGSA-N,CCCCC/C=C\C/C=C\CCCCCCCCCC(=O)O[C@H](COCCCCCCCCCCCCCCCC)COP(=O)([O-])OCC[N+](C)(C)C,52923754
ITOJDWVAIOLCMZ-UHFFFAOYSA-N,CCN(CC)c1ccc2cc(/C=C/c3cc[n+](CCCCCC(=O)O)cc3S(=O)(=O)[O-])c(=O)oc2c1,16212667
DTUIBOJYJDJTLH-LDOOWPPKSA-N,CC(=O)N[C@H]1[C@@H](OC[C@H]2OC(O)[C@H](O)[C@@H](O)[C@H]2O)O[C@H](CO)[C@H](O)[C@@H]1O,91861950
VGGLHLAESQEWCR-UHFFFAOYSA-N,NC(=O)NCO,13842
IZZNRKJLBIYBJN-HXUQBWEZSA-N,O=C(O)[C@@]1(O)C[C@@H](O)[C@@H](O)[C@@H]([C@H](O)COP(=O)(O)O)O1,4369556
CHBAWFGIXDBEBT-UHFFFAOYSA-N,CCCC(C)CCC,11512
DTBNBXWJWCWCIK-UHFFFAOYSA-K,C=C(OP(=O)([O-])[O-])C(=O)[O-],3674425
BARDROPHSZEBKC-OITMNORJSA-L,C[C@@H](O[C@H]1OCCN(Cc2nn(P(=O)([O-])[O-])c(=O)[nH]2)[C@H]1c1ccc(F)cc1)c1cc(C(F)(F)F)cc(C(F)(F)F)c1,136187652
STJLVHWMYQXCPB-UHFFFAOYSA-N,CCCC1COC(Cn2cncn2)(c2ccc(Cl)cc2Cl)O1,43234
LGQLOGILCSXPEA-UHFFFAOYSA-L,O=S(=O)([O-])[O-].[Ni+2],24586
ANMMIMZMRLYNGB-PNRHKHKDSA-N,N[C@@H]1[C@@H](O)[C@H](O[C@@H]2O[C@@H](C(=O)O)[C@@H](O)[C@H](O)[C@H]2O)[C@@H](COS(=O)(=O)O)O[C@@H]1O,131708332
UTOPWMOLSKOLTQ-UHFFFAOYSA-M,CCCCCCCCCCCCCCCCCCCCCCCCCCCC(=O)[O-],5461029
INYJZRKTYXTZHP-MFFLNWJUSA-N,O=C(/C=C/c1ccc(O)cc1)O[C@H](C(=O)O)[C@@H](O)C(=O)O,72551455
PWZUUYSISTUNDW-VAFBSOEGSA-N,C#C[C@]1(O)CC[C@H]2[C@@H]3CCc4cc(OC5CCCC5)ccc4[C@H]3CC[C@@]21C,9046
AGZMFTKKLPHOMT-DUJTVWLASA-N,C/C=C1/CN2CC[C@]34C(=C(C(=O)OC)[C@H]1C[C@H]23)Nc1ccccc14,10314057
UKISAGFGRDHYFO-UHFFFAOYSA-N,C=CCC(=O)NCC(=O)O,53477718
SAKGBZWJAIABSY-SAMSIYEGSA-N,CC/C=C\C[C@H](O)/C=C/[C@@H]1[C@@H](C/C=C\CCCC(=O)O)[C@@H](O)C[C@H]1O,5280940
UFUDXCDPABDFHK-SRCYXDNASA-N,O[C@@H]1OCC=C2CN3CC[C@]45c6ccccc6N[C@H]4[C@H]1[C@H]2C[C@H]35,160466
YREQHYQNNWYQCJ-UHFFFAOYSA-N,CCOc1ccc(C(C)(C)COCc2cccc(Oc3ccccc3)c2)cc1,71245
TWNGKZFQXRPPSG-UHFFFAOYSA-N,NC(=O)c1cn(-c2ccc(F)cc2)c(Cc2ccccc2)cc1=O,54671478
JTUOWRWJSXCKMC-DKUYFVBVSA-N,C[C@H]1CC[C@H]([C@@H](C)C(=O)O)[C@H]2C=C(CO)CC[C@H]21,54671805
ONIBWKKTOPOVIA-UHFFFAOYSA-O,O=C(O)C1CCC[NH2+]1,5231966
APBMWQDILBUFBL-BAHUXPPRSA-N,CCCCCCCCCCCCCC[C@@H](O)[C@@H](O)[C@H](CO[C@H]1O[C@H](CO)[C@H](O)[C@H](O)[C@H]1O)NC(=O)CCCCCCCC,58753090
DCZDUZNVOVFUCD-HTXNQAPBSA-M,COc1cc(/C=C/C(=O)OCCCCCCCCCCCCCCCC(=O)[O-])ccc1O,44237331
SNXPWYFWAZVIAU-GKFVBPDJSA-N,CCCCC/C=C\C/C=C\C/C=C\C/C=C\CCCC(=O)OCC,5367369
LPUCQUKLBVSNAF-UJXPUUNTSA-N,O=C1c2ccccc2C(=O)c2c1ccc(O[C@@H]1O[C@H](CO)[C@@H](O)[C@H](O)[C@H]1O)c2O,11988260
APIPSPZJMLSCBO-NRTPYZNRSA-N,CCCCCCCC/C=C\C/C=C\C/C=C\CCCC(=O)O[C@H](COC(=O)CCCCCCC/C=C\CCCCCCCC)COP(=O)([O-])OCC[N+](C)(C)C,24778947
XSYATLPMKFNWBI-QXMHVHEDSA-M,CCCCCC/C=C\CCCCCCCC(=O)OC(CCCCCC)CCCCCCCCCCC(=O)[O-],126456516
RONADMZTCCPLEF-UHFFFAOYSA-M,[Cl-].c1ccc(-c2nn(-c3ccccc3)[n+](-c3cccc4ccccc34)n2)cc1,74395
AHIXJDYHTZESRS-DAXMSAKASA-N,CC(=O)N[C@H]1C(O)O[C@H](CO)[C@H](O)[C@@H]1O[C@@H]1O[C@@H](C(=O)O)[C@@H](O)[C@H](O)[C@H]1OS(=O)(=O)O,91850823
YZMVLKJJJCMVGX-UHFFFAOYSA-N,O=C1CC(=O)c2ccccc2N1,3677260
QLMNCUHSDAGQGT-UHFFFAOYSA-N,COCCOc1cccc2c1c(=O)c(C(=O)O)nn2-c1ccc(Cl)cc1,10915750
XCGBHLLWJZOLEM-UHFFFAOYSA-N,CC1CC(C)(C)c2c(F)ccc(NC(=O)c3cn(C)nc3C(F)F)c21,57343740
HBBWYJVDBFYNOP-AYSMAOOMSA-N,COc1cc(C[C@H]2CO[C@H](c3cc(OC)c(O)c(OC)c3)[C@H]2CO)cc(OC)c1O,14157882
SBXDKWTYHRBIPS-SYZIFMGCSA-M,CCC(O)CC/C=C\C[C@@H](O)/C=C/C=C/C=C\[C@@H](O)CCCC(=O)[O-],129626637
JHFAETDERBWUOO-KHOSGYARSA-N,C[C@]12CC[C@@H](OS(=O)(=O)O)C[C@@H]1CC[C@@H]1[C@@H]2CC[C@]2(C)[C@@H](OS(=O)(=O)O)CC[C@@H]12,56639109
QGUALMNFRILWRA-UHFFFAOYSA-M,Cc1ccc(C(=O)c2ccc(CC(=O)[O-])n2C)cc1.[Na+],23665411
BFSYFTQDGRDJNV-CDEVMZEPSA-O,[NH3+][C@@H](CCCC[NH2+]CC(=O)[C@H](O)[C@H](O)[C@H](O)CO)C(=O)[O-],49859644
LZCLXQDLBQLTDK-UHFFFAOYSA-N,CCOC(=O)C(C)O,7344
PNJWIWWMYCMZRO-UHFFFAOYSA-N,C=CCC(C)=O,83797
RYNHWWNZNIGDAQ-BMTCQUSZSA-N,CCCCCCCC/C=C\CCCCCCCC(=O)OC[C@@H](COC(=O)CCCCCCCCCCCCCCCCC)OC(=O)CCCCCCC/C=C\CCCCCCCC,16058372
GBZDALHFANHWOF-UHFFFAOYSA-M,CCCCCCCCCCCCCCCCC(C)C(=O)[O-],21468608
DDCCHUHICUGJCF-UHFFFAOYSA-N,CN(C)C1=CC2Sc3cc(N(C)C)ccc3N=C2C=C1,9903963
JOKIQGQOKXGHDV-UHFFFAOYSA-N,O=C(O)C1CSCCN1,440159
BBPXKBCKZJYEQC-UHFFFAOYSA-N,O=C(O)CNC(=O)CCCC(=O)Oc1ccc([N+](=O)[O-])cc1,56927948
YFONKFDEZLYQDH-OUJBWJOFSA-N,Cc1ccc2c(c1)[C@H](Nc1nc(N)nc([C@H](C)F)n1)[C@@H](C)C2,58592334
SOSGLWHQVQUMLM-UHFFFAOYSA-N,O=C(O)C=CC(Cl)=C(Cl)C(=O)O,25200827
JYGXADMDTFJGBT-VWUMJDOOSA-N,C[C@]12CCC(=O)C=C1CC[C@@H]1[C@@H]2[C@@H](O)C[C@@]2(C)[C@H]1CC[C@]2(O)C(=O)CO,5754
NDMVPGYBWSZHHS-UHFFFAOYSA-L,O.O=C([O-])c1ccccc1-c1c2cc(Br)c(=O)cc-2oc2[c]([Hg])c([O-])c(Br)cc12,4068
KSVODRGOBYCXKF-HFBOQBPWSA-N,CCCCCCCCCCCCC/C=C/[C@@H](O)[C@H](CO)NC(=O)CCCCCCCCCCCCCCCCCCCCCCCCCCCCCO,131708300
MNHVNIJQQRJYDH-UHFFFAOYSA-N,OC(Cc1ccccc1Cl)(Cn1[nH]cnc1=S)C1(Cl)CC1,6451142
STJMRWALKKWQGH-UHFFFAOYSA-O,CC(C)(C)[NH2+]CC(O)c1cc(Cl)c(N)c(Cl)c1,5231296
LVJJEIJOKPHQOU-UHFFFAOYSA-L,Cc1ncc(C(=O)[O-])c(C(=O)O)c1[O-],54683777
UKBUHWIOGWAJEO-DBIOUOCHSA-L,Nc1ccc([C@@H]2O[C@H](COP(=O)([O-])[O-])[C@@H](O)[C@H]2O)cc1,71296183
HEPUIGACZYVUCD-XFVWJBEHSA-N,N[C@H]1[C@@H](OC2[C@H](O)[C@H](O)C(O)[C@H](O)[C@H]2O)O[C@H](CO)[C@@H](O)[C@@H]1O,195863
FYHRVINOXYETMN-QGBOJXOESA-N,CC(C)CCC[C@@H](C)[C@H]1CC[C@H]2C3=C(CC[C@]12C)[C@@]1(C)CC[C@H](O)C(C)(C)[C@@H]1CC3,12070223
PLBHSZGDDKCEHR-LFYFAGGJSA-N,CC(=O)OCC(=O)[C@@]1(O)CC[C@H]2[C@@H]3C[C@H](C)C4=CC(=O)C=C[C@]4(C)[C@H]3[C@@H](O)C[C@@]21C,5877
GHNAMLOEGLSFMB-ZHMMVFJOSA-N,CCCCCCCCCCCCCCC[C@H](O)C[C@@H](O)C[C@@H](O)C[C@@H](O)C[C@@H](O)C[C@H]1CC=CC(=O)O1,71761758
HUNXMJYCHXQEGX-UHFFFAOYSA-N,CCN(C(C)=O)c1cccc(-c2ccnc3c(C#N)cnn23)c1,5719
LJBIXHWCFRRBCN-IHIDZKKCSA-N,C=C1CC[C@H]2C(C)(C)[C@@H](O)CC[C@]2(C)[C@H]1CC[C@H]1C(C)=CC[C@H]2C(C)(C)[C@@H](O)CC[C@]12C,44567151
KCTKQZUYHSKJLP-BTQNPOSSSA-N,CC(C)[C@@]1(C)N=C(c2ncccc2C(=O)[O-])NC1=O.CC(C)[NH3+],122164815
JFMWPOCYMYGEDM-XFULWGLBSA-N,N#CC[C@H](C1CCCC1)n1cc(-c2ncnc3[nH]ccc23)cn1.O=P(O)(O)O,25127112
KCEHVJZZIGJAAW-FERBBOLQSA-N,COc1ccc(CC(C)(C)NC[C@H](O)c2cc(O)cc3c2OCC(=O)N3)cc1.Cl,11711522
LFSZWRDSWJUUAL-LOWVWBTDSA-K,Cc1cc2nc3c(=O)nc([O-])nc-3n(C[C@H](O)[C@H](O)[C@H](O)COP(=O)([O-])[O-])c2cc1N,126961080
REKYPYSUBKSCAT-BYPYZUCNSA-M,CC[C@H](O)CC(=O)[O-],46863938
PFLXIUOIVYGOQQ-LXOGICJWSA-N,N[C@H]1[C@H](Oc2c[nH]c3ccc(Br)c(Cl)c23)O[C@H](CO)[C@@H](O)[C@@H]1O,71728431
VEIHRUNGGHIRIO-PSXMRANNSA-N,CCCCCCCCCCCCCCCCCC(=O)O[C@H](COC(=O)CCCCCCCCCCCCCCCC)COP(=O)(O)O,52929486
JTRDJYIZIKCIRC-AJNGGQMLSA-N,CC(C)C[C@H](NC(=O)[C@H](CC(C)C)NC(=O)[C@@H](N)CC(=O)O)C(=O)N[C@@H](CCC(N)=O)C(=O)O,137333724
PHPWISAFHNEMSR-UHFFFAOYSA-N,CC(=O)Nc1cccc2c1-c1ccccc1C2,34210
AYFVYJQAPQTCCC-GBXIJSLDSA-O,C[C@@H](O)[C@H]([NH3+])C(=O)O,5460795
NUKVZKPNSKJGBK-SPIKMXEPSA-N,CC(=O)c1ccc2c(c1)N(CCCN1CCN(CCO)CC1)c1ccccc1S2.O=C(O)/C=C\C(=O)O.O=C(O)/C=C\C(=O)O,5281082
WNCPUJGFGSAQTQ-FBDUAZINSA-N,CCCCC/C=C\C/C=C\C/C=C\C/C=C\CCCC(=O)N[C@@H](CC(C)C)C(=O)O,52922066
BJBUEDPLEOHJGE-DMTCNVIQSA-N,O=C([O-])[C@H]1[NH2+]CC[C@H]1O,7098651
PMCVMORKVPSKHZ-UHFFFAOYSA-N,CCS(=O)CCSP(=O)(OC)OC,4618
VLTRZXGMWDSKGL-UHFFFAOYSA-M,[O-][Cl+3]([O-])([O-])[O-],123351
KGSIOYQZUFTKHO-DLDFRZNISA-N,CC(=O)N[C@H]1[C@H](O[C@@H]2C(O)O[C@H](CO)[C@@H](O)[C@@H]2O)O[C@H](CO)[C@@H](O)[C@@H]1O,10221549
FYLGFULJHQBNJO-UHFFFAOYSA-M,C=CC(C)(CCC=C(C)C)C1=C([O-])c2c(O)cc(O)cc2C(=O)C1=O,86289535
KDEMELRYKGOXDL-UHFFFAOYSA-N,COc1c(Cc2ccccc2O)c(O)c(Cc2ccccc2O)c(O)c1C(=O)CCc1ccccc1,3085222
GNGACRATGGDKBX-UHFFFAOYSA-L,O=C(CO)COP(=O)([O-])[O-],4643300
FLRPNSKUGCVRRB-IINKENNYSA-N,CC(C)CCC[C@@H](C)[C@H]1CC[C@H]2C3=CC[C@H]4CC(=O)CC[C@]4(C)[C@H]3CC[C@]12C,15081535
XEOSBIMHSUFHQH-UHFFFAOYSA-N,C1=CC(=C2C=CC=C2)C=C1,10908294
CDRPUGZCRXZLFL-OWOJBTEDSA-N,Oc1cc(O)cc(/C=C/c2ccc(O)c(O)c2)c1,667639
YYTSGNJTASLUOY-UHFFFAOYSA-N,CC(O)CCl,31370
VBOQYPQEPHKASR-VKHMYHEASA-N,N[C@@H](CCS(=O)(=O)O)C(=O)O,177491
YEKXMINYMSLPNZ-UHFFFAOYSA-N,O=C(NC(Cc1ccc2nc(Oc3ccccc3)ccc2c1)C(=O)O)c1c(Cl)cccc1Cl,24755554
KQRJATLINVYHEZ-UHFFFAOYSA-N,Cc1c([N+](=O)[O-])cc(N)cc1[N+](=O)[O-],29574
KSQNKZMAMGACTL-UHFFFAOYSA-N,CN1C(=O)c2ccccc2NC(=O)C1Cc1ccccc1,15649435
SAZHWFFOFMSQPA-UHFFFAOYSA-N,O=c1cc(-c2ccccc2)c2ccccc2o1,613729
AYFVYJQAPQTCCC-GBXIJSLDSA-N,C[C@@H](O)[C@H](N)C(=O)O,6288
LOEDKMLIGFMQKR-JXOAFFINSA-N,NCc1cn([C@@H]2O[C@H](CO)[C@@H](O)[C@H]2O)c(=S)[nH]c1=O,20722666
YODZWLPSGSZPHZ-NGSHPTGOSA-N,COc1ccc2cc1-c1cc(ccc1O)CC[C@H]1C[C@H]3CCC[C@H](C[C@@H](OC(C)=O)CC2)N3CO1,442864
KVYNYRIOAYQBFK-AIIPJEMGSA-N,NC(N)=NCCCCNC(=O)/C=C/c1ccc2c(c1)[C@H](C(=O)NCCCCN=C(N)N)[C@@H](c1ccc(O)cc1)O2,45485025
CYEJSYGBYQRTPJ-UHFFFAOYSA-N,CCCCCCC(CCCC)COS(=O)(=O)O,6366484
STECJAGHUSJQJN-USLFZFAMSA-N,CN1[C@@H]2CC(OC(=O)[C@H](CO)c3ccccc3)C[C@H]1[C@@H]1O[C@@H]12,3000322
PELYUHWUVHDSSU-OAHLLOKOSA-N,CCCCCC(=O)OC[C@H](COP(=O)([O-])OCC[NH3+])OC(=O)CCCCC,10476720
FFFHZYDWPBMWHY-VKHMYHEASA-N,[NH3+][C@@H](CCS)C(=O)[O-],6971015
YHGVYECWZWIVJC-TVZJSHMMSA-N,CC1(C)CC[C@]2(CO)[C@H](O)C[C@]3(C)C(=CC[C@@H]4[C@@]5(C)CC[C@H](O)C(C)(C)[C@@H]5CC[C@]43C)[C@@H]2C1,10004345
AVGUAOZYPIBDIZ-UHFFFAOYSA-N,CC(C)=CCc1c(O)cc2oc3c(O)cc(O)c(CC=C(C)C)c3c(=O)c2c1O,10475842
OEISQDWSEZCYNH-UHFFFAOYSA-N,Oc1ccc(CSCc2ccc(O)cc2)cc1,23651847
WNTGYJSOUMFZEP-SSDOTTSWSA-N,Cc1cc(Cl)ccc1O[C@H](C)C(=O)O,185588
XFKPUSAZRRAPSC-HEESEWQSSA-O,C[NH2+][C@@H]1Cc2c[nH]c3cccc(c23)[C@H]1/C=C(\C)C=O,70698348
YUXMAKUNSXIEKN-BTJKTKAUSA-N,COc1ccc(-c2ccc3ncc4c(c3c2)n(-c2ccc(N3CCNCC3)c(C(F)(F)F)c2)c(=O)n4C)cn1.O=C(O)/C=C\C(=O)O,57336745
YUSWMAULDXZHPY-UHFFFAOYSA-N,O=c1cc(-c2ccc(O)c(-c3c(O)cc(O)c4c(=O)cc(-c5ccc(O)cc5)oc34)c2)oc2cc(O)cc(O)c12,5281600
BCGWQEUPMDMJNV-UHFFFAOYSA-N,CN(C)CCCN1c2ccccc2CCc2ccccc21,3696
TUVCWJQQGGETHL-UHFFFAOYSA-N,Oc1cccc(-c2nc(N3CCOCC3)c3oc4ncccc4c3n2)c1,9884685
PSXQJZDFWDKBIP-KMPPVSSLSA-M,C[C@H](CCC[C@H](C)C(=O)[O-])[C@H]1CC[C@H]2[C@@H]3CCC4=CC(=O)CC[C@]4(C)[C@H]3CC[C@]12C,70698394
VKOBVWXKNCXXDE-UHFFFAOYSA-N,CCCCCCCCCCCCCCCCCCCC(=O)O,10467
BHUWRPVVYSATJU-QDNKKCNYSA-N,C[C@]1(CO)CCC[C@]2(C)[C@H]3C[C@@H](O)[C@]4(C)C5=C(CC[C@H]4[C@]3(C)CC[C@@H]12)COC5=O,10069709
PVOQPLSKYNZHOT-SEYXRHQNSA-N,CCCCCCCC/C=C\CCCCCCCCCC(=O)OC(CC(=O)[O-])C[N+](C)(C)C,71464507
SNBUBQHDYVFSQF-HIFRSBDPSA-N,CO[C@@]1(NC(=O)CSCC#N)C(=O)N2C(C(=O)O)=C(CSc3nnnn3C)CS[C@@H]21,42008
SEHJHHHUIGULEI-UHFFFAOYSA-N,O=P(O)(O)CCO,89954
POMQYTSPMKEQNB-UHFFFAOYSA-M,CCCCCCCCCCCCCCCC(O)CC(=O)[O-],22183158
DQNQWAVIDNVATL-UHFFFAOYSA-N,C[N+]1(CCCS(=O)(=O)[O-])CCCCC1,10130697
QIAFMBKCNZACKA-UHFFFAOYSA-N,O=C(O)CNC(=O)c1ccccc1,464
FVXRWZPVZULNCQ-ZPRYGCIXSA-N,CCCCC/C=C\C/C=C\C/C=C\C/C=C\CCCC(=O)OC[C@H](CO)OC(=O)CCC/C=C\C/C=C\C/C=C\C/C=C\CCCCC,9543872
YFCZLXRIKFCQFU-BUHFOSPRSA-N,CCCCCCC(O)C(O)/C=C/C(O)CCCCCCC(=O)O,5321949
VQRPFWMTIIMDKU-PCHPTOQVSA-N,COc1ccc2c3c(c(=O)oc2c1)[C@@](C)(CC/C=C(\C)Cc1cc(C)co1)[C@@H](C)O3,70697748
FSUGCKMUTGKWIE-YGIVHSIPSA-N,N[C@H]1CC(=O)[C@H](O)[C@@H](O)[C@@H]1O,46173947
UKSSYBSYNZKTHJ-MUUZQFHDSA-N,CCCCCCCCCCCCCCCCCCCCCCCCCC(=O)N[C@@H](CO)[C@H](O)[C@H](O)CCCCCCCCCCC(C)C,71581151
FZGVEKPRDOIXJY-UHFFFAOYSA-N,Cc1ccc(C(=O)Oc2ccc(C(O)CNC(C)(C)C)cc2OC(=O)c2ccc(C)cc2)cc1,35330
IUSBVFZKQJGVEP-SNAWJCMRSA-N,C/C=C/c1ccc(OC(C)=O)c(OC)c1,876160
QOLIPNRNLBQTAU-UHFFFAOYSA-N,c1ccc(C2CCc3ccccc3O2)cc1,94156
UIXJDFDDMXCJCT-DVRXSGNOSA-N,C=C(C=O)[C@@H]1C[C@@]2(C)C(=CC1=O)[C@H](OC(=O)/C(C)=C/[C@@H](C)CCCC)CC[C@@H]2C(=O)O,44550889
NGSWKAQJJWESNS-ZZXKWVIFSA-M,O=C(O)/C=C/c1ccc([O-])cc1,54708745
SBZXBUIDTXKZTM-UHFFFAOYSA-N,COCCOCCOC,8150
JUQLUIFNNFIIKC-UHFFFAOYSA-N,NC(CCCCC(=O)O)C(=O)O,101122
NEBFIUZIGRTIFY-BJDJZHNGSA-N,CSCC[C@H](NC(=O)[C@H](C)N)C(=O)N[C@@H](CO)C(=O)N[C@@H](CCCN=C(N)N)C(=O)O,71464522
XDOFWFNMYJRHEW-UHFFFAOYSA-N,O=C(O)CNC(=O)c1cccc(O)c1,450268
DCJBINATHQHPKO-VHVLZKDYSA-N,CCCCC/C=C\C/C=C\C[C@H](O)[C@@H](O)C/C=C\CCCC(=O)O,40490679
HNSLELPGRITQOV-UHFFFAOYSA-N,CSCCCCCCCCC(C(=O)O)N(O)O,25010744
TUHLUXIESILORF-ZWRXBZFVSA-N,CC(=O)O[C@@H]1C[C@@H]2[C@@]3(C)CCCC(C)(C)[C@@H]3CC[C@@]2(C)[C@@H]2C[C@H](O)C3=CC(=O)O[C@@H]3[C@@]12C,10765720
MCZVRBLCRZWFJH-UHFFFAOYSA-N,Cl.Cl.Nc1ccc(N=Nc2cccc(N=Nc3ccc(N)cc3N)c2)c(N)c1,82360
UJCSYVRPPFDKQR-FMIVXFBMSA-N,CCCCCCC(C/C=C/CCCCCCCC(=O)O)OP(=O)(O)O,91666447
HFJWZOCWIUZTNY-WLJKUCSMSA-N,CC(=O)CC[C@@H](C)O[C@@H]1O[C@@H](C)[C@H](O)C[C@H]1O[C@@H]1O[C@H](CO)[C@@H](O)[C@H](O)[C@H]1O,24949895
DGABKXLVXPYZII-SIBKNCMHSA-M,C[C@H](CCC(=O)[O-])[C@H]1CC[C@H]2[C@@H]3C[C@H](O)[C@@H]4C[C@H](O)CC[C@]4(C)[C@H]3CC[C@]12C,11870241
CIOXZGOUEYHNBF-UHFFFAOYSA-K,O=C([O-])COC(CC(=O)[O-])C(=O)[O-],25201360
QWRYPHZJTWQLFX-UHFFFAOYSA-M,O=C(c1cccc(O)c1)c1c([O-])cc(O)cc1O,86289308
CLYJOENFDBUFKF-JAJNDCFVSA-N,CC(=O)[C@H](C)CCC1=CC2=CC[C@@H]3[C@@]4(C)C[C@@H](O)[C@H](O)[C@@](C)(CO)[C@@H]4CC[C@@]3(C)[C@]2(C)CC1,54587250
DGKDFNDHPXVXHW-UHFFFAOYSA-N,O=C1OC(c2ccc(O)cc2)Cc2cccc(O)c21,119199
XOMVWWHMMQAEMP-UHFFFAOYSA-N,Clc1ccccc1OCCCCn1ccnc1,3839220
KNMXZGDUJVOTOC-UHFFFAOYSA-N,CCCCCCCC(C)CCC,520454
DLJPEMIJOQUTRD-KLLBSFIHSA-N,COC1/C=C/C=C/C=C/CC(OC(=O)C2(NC(=O)C3=CCCCC3)CC2)C(C)C(O)/C(C)=C\CCc2cc3c(c(c2O)NC(=O)C1)SCC(=O)N3,10439859
ZVQQBKJJJZODIH-FXHJKIPBSA-N,C[C@]12CC[C@H](O)CC1=C/C(=N/OCC(=O)O)[C@@H]1[C@@H]2CC[C@]2(C)C(=O)CC[C@@H]12,53477586
GQTKTVLOOUFFTJ-IYNSNTTDSA-N,CCC(O)CC[C@H](O)/C=C/[C@H]1OC2CC(C2)[C@@H]1C/C=C\CCCC(=O)O,129626749
CNHDIAIOKMXOLK-UHFFFAOYSA-N,Cc1cc(O)ccc1O,7253
UNBOSJFEZZJZLR-UHFFFAOYSA-N,Nc1ccc(N=Nc2ccc([N+](=O)[O-])cc2)cc1,12896
DEENHJZQBUGHHA-YJFMJMPZSA-N,N[C@@H](Cc1c[nH]c2ccccc12)C(=O)N[C@H](C(=O)O)[C@H]1O[C@@H](n2ccc(=O)[nH]c2=O)[C@H](O)[C@@H]1O,46905044
FPSYVUBUILNSRF-MQMKOTMBSA-N,CC(C)=C/C=C/C(C)=C/C=C/C(C)=C/C=C/C=C(C)/C=C/C=C(\C)CCC=C(C)C,6443791
SXRPAWKWQUYIOI-UHFFFAOYSA-N,CC(C)=CCOc1cc(O)c2c(c1CC=C(C)C)OC(c1ccc(O)cc1O)CC2=O,16083180
QIIZYFWCULOBMW-GBNDHIKLSA-L,CC(=O)[C@@H](O)[C@H](O)[C@H](O)[C@H](O)COP(=O)([O-])[O-],46878425
ZKFNOUUKULVDOB-UHFFFAOYSA-N,NC(c1ccccc1)P(=O)(O)O,98449
WYUSVOMTXWRGEK-HBWVYFAYSA-N,COCC1=C(C(=O)O)N2C(=O)[C@@H](NC(=O)/C(=N\OC)c3csc(N)n3)[C@H]2SC1,6335986
JSJWCHRYRHKBBW-UHFFFAOYSA-N,NC(=O)NCCC(=O)O,111
TYEYBOSBBBHJIV-UHFFFAOYSA-M,CCC(=O)C(=O)[O-],3593277
FDCOHGHEADZEGF-QPLCGJKRSA-N,CCCCCCCC/C=C\CCCCCCCC(=O)OC(COC(=O)CCCCCCCCCCCCCCC)COC(=O)CCCCCCCCCCCCCCC,11308890
GURIQZQSTBBHRV-SRVKXCTJSA-N,NCCCC[C@H](NC(=O)[C@@H](N)CCC(N)=O)C(=O)N[C@@H](CCCN=C(N)N)C(=O)O,139036265
MJHWTWLEKCSGAR-DOFZRALJSA-M,CCCCC/C=C\C/C=C\C/C=C\C/C=C\CCCCCCCCCCCCCCCC(=O)[O-],86289184
CAOVWYZQMPNAFJ-UHFFFAOYSA-N,Nc1ccccc1C(=O)CC(=O)C(=O)O,472
UHXLJSSQRSIPND-UHFFFAOYSA-N,CCCCCCCCCCCc1cc(O)cc(=O)o1,54693753
JKOQGQFVAUAYPM-UHFFFAOYSA-N,NCCCNCCSP(=O)(O)O,2141
UCMIRNVEIXFBKS-UHFFFAOYSA-N,[NH3+]CCC(=O)[O-],4755801
DXOYQVHGIODESM-LZXKBWHHSA-N,CCCCC/C=C\C[C@H]1O[C@H]1C/C=C\C/C=C\CCCC(=O)O,40490664
YKIOHMXLFWMWKD-JJUYGIQRSA-M,CC/C=C\C/C=C\C/C=C\CC1OC1C/C=C\CCCC(=O)[O-],126456538
HJUVXYVQIXPSJI-ICRWQPCKSA-N,C=C(C)[C@@H]1CCC(=C)[C@]2(O)CC[C@]3(C)[C@H](CC(C)C)c4c(O)c(C=O)c(O)c(C=O)c4O[C@H]3[C@H]12,24755349
ZRZWBWPDBOVIGQ-UHFFFAOYSA-N,CN1C(=O)C2(Cc3cn(C45CC67SSC(CO)(C(=O)N6C4Nc4ccccc45)N(C)C7=O)c4ccccc34)SSC1(CO)C(=O)N2C,2693
ROHFNLRQFUQHCH-RXMQYKEDSA-O,CC(C)C[C@@H]([NH3+])C(=O)O,5460897
FEBNTWHYQKGEIQ-SUKRRCERSA-N,CC1=C2[C@H](/C=C(\C)C(=O)O)CC[C@@H](C)[C@H]2CC1,6440940
YOMAOVCVRGQULE-SQOUGZDYSA-N,O=C1O[C@H](CS(=O)(=O)O)[C@@H](O)[C@H](O)[C@H]1O,92136126
WRUSVQOKJIDBLP-HWKANZROSA-N,C/C=C(\C)C(=O)NCC(=O)O,6441567
PGOYMURMZNDHNS-MYPRUECHSA-N,CC1(C)CC[C@]2(C(=O)O)CC[C@]3(C)C(=CC[C@@H]4[C@@]5(C)CC[C@H](O)[C@@](C)(CO)[C@@H]5CC[C@]43C)[C@@H]2C1,73299
ISCGPQDSEHHKFI-UHFFFAOYSA-N,Cc1nc2c(n1Cc1cnccn1)C(=O)c1ccccc1C2=O,132282064
KDYFGRWQOYBRFD-UHFFFAOYSA-M,O=C([O-])CCC(=O)O,3693574
CMCCHHWTTBEZNM-UHFFFAOYSA-N,CC(C)C(Br)C(=O)NC(N)=O,2447
JAGGYJXPPMQTOZ-UHFFFAOYSA-N,Cc1cc(O)cc(O)c1-c1c(N)cc2oc3cc(=N)c(-c4c(C)cc(O)cc4O)c(C)c-3nc2c1C,135423353
BCPSFKBPHHBDAI-LURJTMIESA-M,CC(=O)N[C@@H](CCC=O)C(=O)[O-],6857435
VDLGAVXLJYLFDH-UHFFFAOYSA-N,CC1(C(=O)Nc2ccc(O)c(Cl)c2Cl)CCCCC1,213031
CZIHNRWJTSTCEX-UHFFFAOYSA-N,CC(=O)Nc1ccc2c(c1)Cc1ccccc1-2,5897
DWEMLGYUYBDVCM-UHFFFAOYSA-N,CCC(C)CCCCCCCCCCCCCCCCCCCCCCCCCO,85904019
JEYCTXHKTXCGPB-UHFFFAOYSA-N,Cc1ccccc1-n1c(C)nc2ccccc2c1=O,6292
VGYQUIDVXNWOOS-MRXNPFEDSA-N,CC(C)c1cc2c(cc1O)C1=C(CC2)C(C)(C)CC[C@H]1O,50900600
AWRLKTYNEGEURZ-JCLMPDJQSA-N,NC[C@H]1O[C@H](O[C@H]2[C@H](O)[C@@H](O)[C@H](N)C[C@@H]2N)[C@H](O)[C@@H](O)[C@@H]1O,207889
KFJYMJZJSUORBX-LURJTMIESA-N,NCCCNCC[C@H](N)C(=O)O,70678631
QIZONDXKUQRKHI-LKEWCRSYSA-N,NC(=O)CNc1ncnc2c1ncn2[C@H]1C[C@H](O)[C@@H](COP(=O)(O)O)O1,118987293
BTOOAFQCTJZDRC-UHFFFAOYSA-N,CCCCCCCCCCCCCCC(O)CO,98037
UYJUZNLFJAWNEZ-UHFFFAOYSA-N,c1coc(-c2nc3ccccc3[nH]2)c1,19756
ZNGSTQBWDPWXRA-UHFFFAOYSA-N,CCCCCCCCCCCCCCCCCc1cc(O)cc(=O)o1,86583422
VDENOZWXPJFATJ-UHFFFAOYSA-N,COCCN(CCOC)c1nc(-c2ccc(C)cc2)nc2ccccc12,1566596
SDMLCXJKAYFHQM-MKJLVJGCSA-N,C/C1=C\C[C@H](C(C)(C)O)CC/C(C)=C/CC1,10998630
KQNPFQTWMSNSAP-UHFFFAOYSA-N,CC(C)C(=O)O,6590
FVOLNXKBISLPQY-IBGZPJMESA-N,CCCCCCCCCCCCCCCCCC(=O)[C@@H](N)CO,70678615
DLUFCWQGHRQRMG-UHFFFAOYSA-N,CC(C)=CCc1c(O)cc2oc(-c3ccccc3)c(O)c(=O)c2c1O,5281945
BKBDQKWNZFNSMN-LDLOPFEMSA-N,CCCCCCCCCCCCCCCCCCCCCC(=O)OC[C@H](COP(=O)(O)OCCN)OC(=O)CCCCCCCCCCCCC,52924864
NNKVPIKMPCQWCG-UHFFFAOYSA-N,COP(N)(=O)SC,4096
GYDJEQRTZSCIOI-UHFFFAOYSA-N,NCC1CCC(C(=O)O)CC1,5526
BMAOWSPJJLOKGM-DODZYUBVSA-N,C[C@@H]1O[C@@H](OCCCCCCCCCCCCC(=O)O)[C@H](O)C[C@H]1O,86289782
YXVFQADLFFNVDS-UHFFFAOYSA-N,O=C([O-])CC(O)(CC(=O)[O-])C(=O)O.[NH4+].[NH4+],18171
SXRSQZLOMIGNAQ-UHFFFAOYSA-N,O=CCCCC=O,3485
XZHWXGQZQLTSGY-YPMLDQLKSA-N,COc1ccc([C@H]2Oc3cc(OC)c(OC)cc3[C@@H]2C)cc1O,53354910
PHDSHECSYICDQB-YTXTXJHMSA-M,CCC/C=C/C=C/C(O)CC(=O)[O-],91972206
QGBSISYHAICWAH-UHFFFAOYSA-N,N#CN=C(N)N,10005
UOOOPKANIPLQPU-XVFCMESISA-L,Nc1ccn([C@@H]2O[C@H](CO)[C@@H](OP(=O)([O-])[O-])[C@H]2O)c(=O)n1,7098661
PGYPOBZJRVSMDS-UHFFFAOYSA-N,CN(C)C(=O)C(CCN1CCC(O)(c2ccc(Cl)cc2)CC1)(c1ccccc1)c1ccccc1.Cl,71420
JHRWWRDRBPCWTF-UHFFFAOYSA-N,O=C1C2CC=CCC2C(=O)N1SC(Cl)(Cl)C(Cl)Cl,17038
QAHREYKOYSIQPH-UHFFFAOYSA-L,CC(=O)[O-].CC(=O)[O-].[Co+2],6277
SAOKZLXYCUGLFA-UHFFFAOYSA-N,CCCCC(CC)COC(=O)CCCCC(=O)OCC(CC)CCCC,7641
CEUORZQYGODEFX-UHFFFAOYSA-N,O=C1CCc2ccc(OCCCCN3CCN(c4cccc(Cl)c4Cl)CC3)cc2N1,60795
SGRYPYWGNKJSDL-UHFFFAOYSA-N,CC(C)c1ccc2oc3nc(N)c(C(=O)O)cc3c(=O)c2c1,2161
RJMIEHBSYVWVIN-UHFFFAOYSA-N,CC(C(=O)O)c1ccc(N2Cc3ccccc3C2=O)cc1,3718
LQIYIUJTJNQJTJ-UHFFFAOYSA-N,Cc1c(O)cc(O)c(C=O)c1C,254155
KWNDLWPKCDMGTN-UHFFFAOYSA-M,CC1(C)N([O])C(c2ccc(C(=O)[O-])cc2)=[N+]([O-])C1(C)C,44423076
OAHFTKWSJGVMTG-MBIABJCFSA-N,CCCCCC/C=C\CCCCCCCC(=O)N[C@@H](COP(=O)([O-])OCC[N+](C)(C)C)[C@H](O)/C=C/CCCCCCCCCCCCC,52931145
BLFQGGGGFNSJKA-XHXSRVRCSA-N,CN[C@H]1CC[C@@H](c2ccc(Cl)c(Cl)c2)c2ccccc21.Cl,63009
UTBVIMLZIRIFFR-UHFFFAOYSA-N,CSc1nc2ccccc2s1,11989
SAKQICHVWOJSNI-ABTNKUQXSA-N,CCCCC/C=C\[C@H](O)/C=C\C/C=C\C/C=C\CCCC(=O)O,101939321
PJSFRIWCGOHTNF-UHFFFAOYSA-N,COc1ncnc(NS(=O)(=O)c2ccc(N)cc2)c1OC,17134
ZSBOMTDTBDDKMP-OAHLLOKOSA-O,Cn1c(=O)cc(N2CCC[C@@H]([NH3+])C2)n(Cc2ccccc2C#N)c1=O,26322458
FDFNTZDUOBCJMD-DMHIMHRUSA-N,C[C@]12CC[C@@H]3c4ccc(O)cc4CC[C@H]3[C@@H]1[C@@H](O)CC2=O,22295806
YKGKKDOYGJEANO-ZOQSZFPJSA-M,C[C@H](CCC[C@@H](C)[C@H]1CC[C@H]2[C@@H]3CC=C4[C@@H](O)[C@@H](O)CC[C@]4(C)[C@H]3CC[C@]12C)C(=O)[O-],91825747
NPKISZUVEBESJI-CQSZACIVSA-N,O=C(N[C@H](Cc1ccccc1)C(=O)O)c1ccccc1,721472
RPVCUZZJCXVVDW-WDSKDSINSA-N,C[C@H](NC(=O)CC[C@H](N)C(=O)O)C(=O)NCC(=O)O,5489007
JOZKFWLRHCDGJA-UHFFFAOYSA-N,CC(=O)OCCC(C)CCC=C(C)C,9017
JTUQXGZRVLWBCR-SFHVURJKSA-N,C[C@@H](COc1ccccc1Cc1ccccc1)N1CCCCC1,14456347
CKIPPJHUIHDREQ-ODZYAOCSSA-N,OC[C@H]1OC(O)[C@H](O)[C@@H](O[C@@H]2OC[C@@H](O)[C@H](O)[C@H]2O)[C@@H]1O,91855080
CXGSNSSJAGLQTG-DSDFTUOUSA-N,C/C1=C/CC[C@H](C)C2=C(C1)CC(C)(C)C2,129320402
JIOJPWROWDJRKM-NNQKPOSRSA-N,CC[C@@H](O)/C=C/C=C\C/C=C\C/C=C\C=C\[C@H](CCCC(=O)O)OO,46174067
BFSYFTQDGRDJNV-AYHFEMFVSA-O,[NH3+][C@@H](CCCC[NH2+]CC(=O)[C@@H](O)[C@H](O)[C@H](O)CO)C(=O)[O-],49859675
POAXUNDIOGWQOC-UHFFFAOYSA-M,Nc1ccccc1C(=O)CC(=O)[O-],118797970
LIYCOTUUWOESJK-AZFZJQGOSA-M,CCCCC/C=C\C/C=C\C[C@H](/C=C/C=C\CCCC(=O)[O-])OO,86289411
XIVFQYWMMJWUCD-VSTJRZLJSA-N,CC(=C/C(=O)O)/C=C/[C@]1(O)[C@@]2(C)CO[C@]1(C)C[C@@H](O)C2,11988272
FPCCSQOGAWCVBH-UHFFFAOYSA-N,O=C(c1ccc(F)cc1)C1CCN(CCn2c(=O)[nH]c3ccccc3c2=O)CC1,3822
IGDFDIZIHMFYGR-UHFFFAOYSA-N,Oc1cnc2c(O)cccc2c1,177338
RXZULUQRGUAOLG-OCDBVANQSA-N,O=C(O)CC/C=C\C/C=C\C[C@@H](O)/C=C/C=C/C=C\[C@@H](O)C/C=C\CCO,89101936
KWFUSJZUJLGPTO-ZJVPVJIZSA-L,CCCCC/C=C\C/C=C\C/C=C\CCCCC(=O)OC[C@@H](O)COP(=O)([O-])[O-],71627244
CHKIQPXDGYGCHW-YOWKYNACSA-M,Nc1ccn([C@@H]2O[C@H](C(=O)[O-])[C@@H](O)[C@H](O)[C@H]2O)c(=O)n1,91820530
NGIVKZGKEPRIGG-CQSZACIVSA-N,CC(C)=CCC[C@@H](C)C1=CC=C(C)CC1,12304273
IJXQUCAFIAUOCV-CWNYAIHGSA-M,O=C([O-])CCC/C=C\CC1OC1C/C=C\C/C=C\CCCCCO,129626660
GAZAWYKMEQJTCX-UHFFFAOYSA-N,COc1cc(O)c2c(=O)cc(-c3cc(OC)c(OC)cc3O)oc2c1,70698170
UIYAXIPXULMHAI-JLGRZTKVSA-N,CO/N=C(\C(=O)N[C@@H]1C(=O)N2C(C(=O)OCOC(=O)C(C)(C)C)=C(Cn3nnc(C)n3)CS[C@H]12)c1csc(N)n1,5362114
AZQWKYJCGOJGHM-UHFFFAOYSA-N,O=C1C=CC(=O)C=C1,4650
JOZGBZPOJJCPEP-XGNJAFTASA-N,N[C@@H]1C(O)[C@H](N)[C@@H](O)C(OP(=O)(O)O)[C@H]1O,439934
RKUNBYITZUJHSG-VFSICIBPSA-N,CN1[C@@H]2CC[C@H]1CC(OC(=O)[C@H](CO)c1ccccc1)C2,154417
GIGFIWJRTMBSRP-ACRUOGEOSA-O,CC[C@]12CCC[NH+]3CC[C@]4(C(=C(C(=O)OC)C1)Nc1ccccc14)[C@@H]32,933008
LSKFUSLVUZISST-WPRPVWTQSA-N,COc1cc([C@H](O)[C@@H](O)CO)ccc1O,12310249
FTVWIRXFELQLPI-ZDUSSCGKSA-N,O=C1C[C@@H](c2ccc(O)cc2)Oc2cc(O)cc(O)c21,439246
CNIUEVQJABPUIJ-QMMMGPOBSA-N,O=C(O)[C@H](Cc1ccc(O)cc1)NO,174052
ZRQXMKMBBMNNQC-UHFFFAOYSA-M,CC(C)CC(=O)NCC(=O)[O-],20849025
TZCZUVPSFJZERP-GSVOUGTGSA-L,O=C(COP(=O)([O-])[O-])[C@H](O)CO,118987349
SNIQYSSXZJPPEL-NWIWAUOTSA-N,CCCCCCCC(=O)OC[C@H](COP(=O)(O)OC1[C@H](O)[C@H](O)C(OP(=O)(O)O)[C@H](O)[C@H]1O)OC(=O)CCCCCCC,46174176
QNRIYEYAHVEGQJ-SWQVIYSDSA-N,C[C@H](CCC(=O)NCCS(=O)(=O)O)[C@H]1CC[C@H]2[C@@H]3C(=O)C[C@@H]4C[C@H](O)CC[C@]4(C)[C@H]3CC[C@]12C,10323609
CSSQVOKOWWIUCX-HNCPQSOCSA-N,Cc1ccc(S(=O)(=O)O)cc1.N[C@@H]1CCN(c2nc3c(cc2F)c(=O)c(C(=O)O)cn3-c2ccc(F)cc2F)C1,76965883
NKQPOVROGSWLTO-NVPMBMBWSA-N,CCCCC/C=C\C/C=C\C/C=C\CCCCC(=O)OC[C@H](COP(=O)([O-])OCC[N+](C)(C)C)OC(=O)CCCCCCC/C=C\CCCCCCCC,52922783
PYTWJSOUEZSBDS-KWECEVBASA-N,CCCCC[C@@H](/C=C/C=C\C/C=C\C/C=C\CCCC(=O)N[C@@H](C)C(=O)O)OO,119058213
XBAWMOXUPDFOKQ-YKJXYISPSA-N,CO[C@]1(Cc2c[nH]c3ccccc23)NC(=O)[C@@](SC)([C@@H](C)O)NC1=O,70697848
VZXRCMCRCZBKEZ-UHFFFAOYSA-N,CCCCCCCCCCCC[P+](c1ccccc1)(c1ccccc1)c1ccccc1,84956
IYDRZGXWJPJSNY-UHFFFAOYSA-N,CCCCCCCCCCCCCCCC(=O)OCCCCCCCCCC,98603
LKUNXBRZDFMZOK-LBPRGKRZSA-N,CCCCCCCCCC(=O)OC[C@@H](O)CO,71728399
VZUGVMQFWFVFBX-ZDUSSCGKSA-N,C[C@H](C(=O)O)c1ccc(C2CCCCC2)c2ccccc12,25271747
QRYRORQUOLYVBU-VBKZILBWSA-N,CC(C)c1cc2c(c(O)c1O)[C@@]1(C(=O)O)CCCC(C)(C)[C@@H]1CC2,65126
SANJRNZKPWGLEP-FPOWPXLSSA-N,CCCCC/C=C\C/C=C\CCCCCCCCCCCC(=O)O[C@H](COCCCCCCCCCCCCCCCCCCCC)COP(=O)([O-])OCC[N+](C)(C)C,52923860
VPPFFEUDOLPGFB-QTNCRPRLSA-N,CCCCCCCC/C=C\CCCCCCCC(=O)O[C@H](COC(=O)/C=C\CCCCCCCCCCCCC)COP(=O)([O-])OCC[N+](C)(C)C,24778759
XBKONSCREBSMCS-REOHCLBHSA-N,N[C@@H](CSS)C(=O)O,165331
JGSUNMCABQUBOY-UHFFFAOYSA-N,O=C(O)CCC(=O)c1cccnc1,437
HNVFSTLPVJWIDV-CIUDSAMLSA-N,NC(=O)CC[C@H](NC(=O)[C@H](CCC(=O)O)NC(=O)[C@@H](N)CCC(=O)O)C(=O)O,10363838
UFFBMTHBGFGIHF-UHFFFAOYSA-N,Cc1cccc(C)c1N,6896
GSLOHPSPTJDYHS-NKRSRWBGSA-N,COc1ccc2c(c1[C@H]1[C@@H](O)OC(C)(C)[C@H]1OC(C)=O)O[C@H](c1ccccc1)CC2=O,10812337
KWGRBVOPPLSCSI-SCZZXKLOSA-O,C[NH2+][C@H](C)[C@H](O)c1ccccc1,6922966
DNKGWNLXBRCUCF-NLOSNHEGSA-N,CCCCC[C@H](O)/C=C/[C@@H]1[C@@H](CC(=O)CCC(=O)O)[C@@H](O)C[C@H]1O,5283084
RTXOFQZKPXMALH-GHXIOONMSA-N,C=CC1=C(C(=O)O)N2C(=O)[C@@H](NC(=O)/C(=N\O)c3csc(N)n3)[C@H]2SC1,6915944
ZAXCZCOUDLENMH-UHFFFAOYSA-N,NCCCNCCCNCCCN,78350
CMUNUTVVOOHQPW-ZCFIWIBFSA-N,C[N+]1(C)CCC[C@@H]1C(=O)[O-],7016562
POQRWMRXUOPCLD-GBQZZWNBSA-N,CCCCCCCCCCCCC/C=C/[C@@H](O)[C@H](COC1O[C@H](CO)[C@H](O)[C@H](O)[C@H]1O)NC(=O)CCCCCCCCCCCCCCCCCCCCCCC,86290162
KGPAYJZAMGEDIQ-QGZVFWFLSA-O,COc1ccc(C[C@@H]2c3cc(OC)c(OC)cc3CC[NH+]2C)cc1OC,6957956
YQMUIZXKIKXZHD-UMKNCJEQSA-N,CCCCC/C=C\C/C=C\CCCCCCCC(=O)O[C@H](COC(=O)CCCCCCCCCCCCCCC)COP(=O)(O)O,9547167
MEANFMOQMXYMCT-OLZOCXBDSA-M,Nc1nc2c(c(=O)[nH]1)[N+]1=CN(c3ccc(C(=O)N[C@@H](CCC(=O)[O-])C(=O)[O-])cc3)C[C@H]1CN2,135926594
MJPIXACTUMSGGI-WMPRHZDHSA-N,CC/C=C\C/C=C\C/C=C\C/C=C\C/C=C\CCCCCC(=O)OC(CC(=O)[O-])C[N+](C)(C)C,71464594
DBGIVFWFUFKIQN-VIFPVBQESA-N,CCN[C@@H](C)Cc1cccc(C(F)(F)F)c1,66265
HFJVKBVEKQHVTO-XZOQPEGZSA-N,CCCCCCCCCCCCCCCCCC(=O)OC[C@@H](O)COP(=O)(O)OC[C@@H](O)CO,42607484
ABMPOYCAXJZJJB-RQJHMYQMSA-M,O=C([O-])C(=O)C[C@@H]1C=C[C@H](O)CC1,91820424
RYHGOZKWYMCMKG-UHFFFAOYSA-N,COc1ccn(C)c(=O)c1C(=O)O,440344
WBYWAXJHAXSJNI-VOTSOKGWSA-N,O=C(O)/C=C/c1ccccc1,444539
LEZWWPYKPKIXLL-UHFFFAOYSA-N,Clc1ccc(COC(Cn2ccnc2)c2ccc(Cl)cc2Cl)cc1,3198
ADEBPBSSDYVVLD-UHFFFAOYSA-O,COc1cc2c(cc1OC)C(=O)C(CC1CC[NH+](Cc3ccccc3)CC1)C2,3876660
NYGZYUAVZPIKBZ-ZBEGNZNMSA-N,COc1cc2c(cc1O)O[C@H]1c3ccc(O)cc3OC[C@@H]21,21676223
BNYLKZRNTGQYAY-UHFFFAOYSA-N,O=c1oc2ccccc2cc1-c1ccc(Cl)cc1,226966
VSANSNPZLCXLRK-SSDOTTSWSA-N,C[C@@H](C(=O)C(=O)O)c1c[nH]c2ccccc12,118796912
LSJLEXWXRKTZAJ-YUIIPXGZSA-N,CC(C)=CCC/C(C)=C/CC/C(C)=C/CC/C(C)=C/CC/C(C)=C/CC/C(C)=C/CC/C(C)=C/COP(=O)(O)OP(=O)(O)O,5280658
UTOTXKYACKIVLG-SSNNFMOJSA-N,CCCCCCCCCCCCCCCCCC(=O)N[C@@H](COP(=O)([O-])OCC[N+](C)(C)C)[C@H](O)/C=C/CCCCCCCCCC(C)C,70679177
KKUONIIRIFHWJC-UHFFFAOYSA-N,CCCCCCCCCCC(O)C(O)CCCCCCCCCCCCCCCCCCC1=CC(C)OC1=O,129011028
GROPDRMIDADBEP-UHFFFAOYSA-N,CC1OC2CC(=O)OC2c2c1c(O)c1c3c(c4n(c23)C(C(C)O)CC4)C=CC1=O,10092071
CQQGIWJSICOUON-REOHCLBHSA-N,O=C(O)[C@@H](O)CS(=O)(=O)O,443250
DUIOPKIIICUYRZ-UHFFFAOYSA-N,NNC(N)=O,5196
LAYJNQDEPNUUEI-GFLYYBHISA-M,C=CC1=C(C)c2cc3[n-]c(cc4nc(cc5[n-]c(cc1n2)c(C)c5C=C)[C@](C)(O)[C@]41CCC(=O)O1)c(CCC(=O)O)c3C.[Fe],53356693
MXMXXUIOCREOTJ-HRFVKAFMSA-M,C[C@H](O)[C@@H](O)P(=O)([O-])O,91825653
NFHLHXVIHBGFKO-XHOOZROUSA-N,C[C@H]1C[C@H](O)[C@@H]2C(=O)c3c(O)cccc3O[C@]2(C)[C@H]1O,16114919
YASYVMFAVPKPKE-UHFFFAOYSA-N,COP(=O)(NC(C)=O)SC,1982
VHKNBDIQDAXGBL-UHFFFAOYSA-N,O=CCCC(=O)C(=O)O,523
YQIFAMYNGGOTFB-XINAWCOVSA-N,Nc1nc2c(c(=O)[nH]1)N=C([C@H](O)[C@H](O)CO)CN2,135398602
XHEFDIBZLJXQHF-UHFFFAOYSA-N,O=c1c(O)c(-c2ccc(O)c(O)c2)oc2cc(O)ccc12,5281614
JHIWIFRQJXLNEU-GSQAGGHASA-M,CC(C)=CCC[C@@H](C)[C@H]1CC[C@H]2C3=C(CC[C@]12C)[C@@]1(C)CC[C@H](O)[C@@H](C(=O)[O-])[C@@H]1CC3,90659076
YZBZORUZOSCZRN-YWHLHSFDSA-N,CC/C=C\C[C@@H]1OC1=C/C=C\CCCCCCCC(=O)O,16061041
OMXXOMUNJWASGK-UHFFFAOYSA-N,C[N+](C)(C)C(CCC(=O)[O-])OC(=O)CCCCCCC(=O)O,71464531
VWVAAKIWHSCMIW-YHKKGOIFSA-N,C=C(CC/C=C\C=C\CC(C)CC(=O)CC(O)CNC(=O)CC(C)OC(N)=O)CC(C)C/C(C)=C/C(=O)O,10052850
UZOHDKGTYVTYDZ-UHFFFAOYSA-N,Cc1cc2c(c(O)c1C(=O)O)C(=O)c1c(O)cc(O)cc1C2=O,160483
VWFJDQUYCIWHTN-PVMFERMNSA-K,CC(C)=CCC/C(C)=C/CC/C(C)=C\COP(=O)([O-])OP(=O)([O-])[O-],25245621
OUHLKPMNPWFJMR-VAODPLLESA-N,CCCCCCCC/C=C\CCCCCCCC(=O)OC[C@H](COC(=O)CCCCCCCCCCCCCC)OC(=O)CCCCCCCCCCCCCC(C)C,121232714
BHPWCYYINLFUDE-ZETCQYMHSA-N,Cc1ccc(C(=O)C[C@H]([NH3+])C(=O)[O-])c(N)c1O,122706051
DGAIEPBNLOQYER-UHFFFAOYSA-N,COCC(=O)Nc1c(I)c(C(=O)NCC(O)CO)c(I)c(C(=O)N(C)CC(O)CO)c1I,3736
FRNQLQRBNSSJBK-UHFFFAOYSA-N,CCCc1cc(O)cc(O)c1,3083600
PBGWNXWNCSSXCO-UHFFFAOYSA-N,CCCCCCCC(=O)OCCCCCC,14228
DEKNNWJXAQTLFA-UHFFFAOYSA-N,NCCc1ccc(OS(=O)(=O)O)c(O)c1,123932
DAKYVYUAVGJDRK-FPUZENINSA-N,C[C@H](CCC(=O)O)[C@H]1CC[C@H]2[C@@H]3CC[C@@H]4C[C@H](O)C[C@@H](O)[C@]4(C)[C@H]3C[C@H](O)[C@]12C,5283850
PAFLSMZLRSPALU-MRVPVSSYSA-M,O=C([O-])[C@H](O)Cc1ccc(O)c(O)c1,25203144
YGMNHEPVTNXLLS-VAYJURFESA-N,O=C(O)[C@@H](O)C[C@H](O)[C@H](O)CO,152990
KUNOQXDLFRSCQI-JTSUEBPGSA-N,CCCCCCCCCCCCCCCCCCCCCC(O)C(=O)N[C@@H](CO)[C@H](O)[C@H](O)CCCCCCCCCCC(C)C,71581180
UFMZWBIQTDUYBN-UHFFFAOYSA-N,O=[N+]([O-])[O-].O=[N+]([O-])[O-].[Co+2],25000
GMTYREVWZXJPLF-AFHUBHILSA-N,O=C(O)[C@@H](O)[C@H](O)C(=O)O.Oc1ccc2c(c1)[C@@]13CCCC[C@@]1(O)[C@@H](C2)N(CC1CCC1)CC3,5464090
BTCICADMSGBCKA-WVKQWSHJSA-N,COc1ccc([C@H]2Oc3cc(O)cc(O)c3C(=O)[C@H]2[C@H]2C(=O)c3c(O)cc(O)cc3O[C@H]2c2ccc(OC)cc2)cc1,11753405
HLKXYZVTANABHZ-REOHCLBHSA-N,NC(=O)N[C@@H](CC(=O)O)C(=O)O,93072
DAPAQENNNINUPW-IDAMAFBJSA-N,COc1ccc([C@@]23Oc4cc(OC)cc(OC)c4[C@]2(O)[C@H](O)[C@H](C(=O)N(C)C)[C@H]3c2ccccc2)cc1,331783
VUTMJNYAUWPTQA-ADMPYRPZSA-N,COC(C)(C)/C=C/C[C@H](C)[C@@H]1CC[C@]2(C)C3=CC[C@H]4C(C)(C)C(=O)CC[C@]4(C)[C@H]3CC[C@@]12C,70698253
QNAYBMKLOCPYGJ-REOHCLBHSA-N,C[C@H](N)C(=O)O,5950
GRDZTDZJQRPNCN-YIANMRPHSA-N,CC(C)=CCc1c(O[C@@H]2O[C@H](CO)[C@@H](O)[C@H](O)[C@H]2O)cc(O)c2c1O[C@H](c1ccc(O)cc1)[C@@H](O)C2=O,193876
ULCZGKYHRYJXAU-UHFFFAOYSA-N,CCCCCCCCCCCCCCCCCCCCCCCCCCCO,74822
NXJAXUYOQLTISD-UHFFFAOYSA-N,C[N+](C)(C)CC(CC(=O)[O-])OC(=O)CCCC(=O)O,71464488
GUAHPAJOXVYFON-UHFFFAOYSA-N,CC([NH3+])C(=O)CCCCCC(=O)[O-],25244029
QIGJYVCQYDKYDW-ZAGQINEYSA-N,OC[C@H]1OC(O)[C@H](O)[C@@H](O[C@H]2O[C@H](CO)[C@@H](O)[C@H](O)[C@H]2O)[C@H]1O,89824769
AHYLVPBUHILXME-IGBVQBHASA-N,CC(=O)N[C@@H]1[C@@H](O)[C@H](O[C@@H]2OC(C(=O)O)=C(O)[C@H](O)[C@H]2O)[C@@H](CO)O[C@@H]1O,91858268
PUFQVTATUTYEAL-UHFFFAOYSA-N,CCCCOc1cc(C(=O)NCCN(CC)CC)c2ccccc2n1,3025
DYDDZDMJSQYFGN-OIVUZXIWSA-N,CCCCC/C=C\C/C=C\C/C=C\C/C=C\CCCC(=O)O[C@H](COC(=O)CCCCCCC/C=C\CCCCCC)COP(=O)([O-])OCC[N+](C)(C)C,24778771
PMDKYLLIOLFQPO-UHFFFAOYSA-N,O=C(O)c1ccccc1C(=O)OC1CCCCC1,165618
LKMQQQABIGIHGL-LAAQXVIISA-N,CC(C)=CCC/C(C)=C/CC/C(C)=C/CC/C(C)=C/CC/C(C)=C/CC/C(C)=C/Cc1cc(C(=O)O)ccc1O,11954011
NAGJZTKCGNOGPW-UHFFFAOYSA-N,OP(O)(=S)S,152119
YSMODUONRAFBET-UHFFFAOYSA-M,NCC(O)CCC(N)C(=O)[O-],53477670
WBYWAXJHAXSJNI-VOTSOKGWSA-M,O=C([O-])/C=C/c1ccccc1,5957728
KMXXSJLYVJEBHI-UHFFFAOYSA-N,NC(N)=NCCC(=O)O,67701
CSZRNWHGZPKNKY-REOHCLBHSA-N,C[C@H](OP(=O)(O)O)C(=O)O,5326965
DIYBBDCQEOAATG-FBMGVBCBSA-N,COc1c(C)c(C/C=C(\C)CCCCCCc2ccccc2)oc(=O)c1OC,52952539
WUADCCWRTIWANL-UHFFFAOYSA-N,COc1ccc(-c2coc3cc(O)cc(O)c3c2=O)cc1,5280373
UWQMKVBQKFHLCE-UHFFFAOYSA-N,Cc1c(Cl)cc(-c2ccc(=O)[nH]n2)cc1Cl,93341
HCWNFKHKKHNSSL-UHFFFAOYSA-N,CCC(CCC(C)=O)COC(=O)c1ccccc1C(=O)O,119096
DCXYFEDJOCDNAF-UHFFFAOYSA-N,NC(=O)CC(N)C(=O)O,236
HBGXZSWRZZHJKJ-VIFPVBQESA-N,CCCCCCCC(=O)N[C@@H](O)C(=O)O,99642563
LVPMIMZXDYBCDF-UHFFFAOYSA-N,O=C(O)c1ccc(C(=O)O)nc1,7493
SERLAGPUMNYUCK-YJOKQAJESA-N,OC[C@H](O)[C@@H](O)[C@H](O)[C@H](O)CO[C@H]1O[C@H](CO)[C@@H](O)[C@H](O)[C@H]1O,94169
HJOVHMDZYOCNQW-UHFFFAOYSA-N,CC1=CC(=O)CC(C)(C)C1,6544
UKSPRKDZNYSFRL-FIZZSBNSSA-N,O=C1c2c(O)cc(O)cc2O[C@H](c2ccc(O)c(O)c2)[C@@H]1O[C@H]1OC[C@@H](O)[C@@H](O)[C@@H]1O,72551444
NDTYTMIUWGWIMO-UHFFFAOYSA-N,C=C(C)C1CC=C(CO)CC1,10819
RMKQBFUAKZOVPQ-APIJFGDWSA-N,CC1=CC[C@]2(C)C[C@H]1[C@]1(C)CCC[C@]21C,14037349
BJQWYEJQWHSSCJ-UHFFFAOYSA-N,CCCCCCCCCCCCCCCCCCCCCCCCCCC,11636
JDLBFYGFHYCXMD-JYHRMSDVSA-N,CCCCCCCCCCCCCCCCCCCCCCCCCC(=O)N[C@@H](COP(=O)([O-])OCC[N+](C)(C)C)[C@H](O)CCCCCCCCCCCCCCC,44260136
RCZLUDBAJRRTKV-UHFFFAOYSA-N,C=CCc1c(C)c(C)c(O)c(OC)c1C,45266889
OLKCKDFOTMJWNW-UHFFFAOYSA-N,O=C(O)c1ccccc1-n1ncnc1Cc1ccc(O)cc1,53262703
YCBKSSAWEUDACY-IAGOWNOFSA-N,CCCCCc1cc(O)c2c(c1)OC(C)(C)[C@@H]1CCC(CO)=C[C@@H]21,644022
JTSFTWZTLBUFSL-ZPFYZEQDSA-N,CCCCCCCC/C=C\CCCCCCCCCC(=O)O[C@H](COC(=O)CCCCCCCCCCCCCCCCCCCCC)COP(=O)([O-])OCC[N+](C)(C)C,24779116
FBCIXVYKFFJYFT-WDSKDSINSA-N,NC(=O)CNC(=O)[C@H](CS)NC(=O)CC[C@H]([NH3+])C(=O)[O-],46878579
UJHKVYPPCJBOSG-UHFFFAOYSA-N,CC(C(=O)O)c1ccc(CC(C)(C)O)cc1,10443535
HXFPPRPLRSPNIB-GYMIWBHYSA-N,CCCCCCCCCCCCC/C=C/[C@H](O)[C@@H](CO)NC(=O)CCCCCCCCCCC,86289430
NODMHMPHTUCQFH-WZHQGDFBSA-N,C=CC1=C(C)C(=O)N/C1=C\c1[nH]c(N=Nc2ccc(S(=O)(=O)O)cc2)c(CCC(=O)O)c1C,135857567
AMRQXHFXNZFDCH-VIFPVBQESA-N,CCNC(=O)[C@H](C)OC(=O)Nc1ccccc1,443067
BHIMYJSCHPQEQT-UHFFFAOYSA-N,CC(C)=CCc1ccc(-c2oc3c(CC=C(C)C)c(O)c(CC=C(C)C)c(O)c3c(=O)c2O)cc1O,25147638
RBNPOMFGQQGHHO-UHFFFAOYSA-M,O=C([O-])C(O)CO,4643312
QRMZSPFSDQBLIX-UHFFFAOYSA-N,COc1cc(CC(=O)O)ccc1O,1738
WILWDBJHNLQDON-WZXFMMTGSA-M,CCCCC[C@@H](/C=C/C=C\C/C=C\C=C\[C@@H](O)CCCC(=O)[O-])OO,129626678
QHPQWRBYOIRBIT-UHFFFAOYSA-N,CC(C)(C)c1ccc(O)cc1,7393
JJUBFBTUBACDHW-UHFFFAOYSA-N,OCCC(F)(F)C(F)(F)C(F)(F)C(F)(F)C(F)(F)C(F)(F)C(F)(F)C(F)(F)F,69619
OBKXEAXTFZPCHS-UHFFFAOYSA-M,O=C([O-])CCCc1ccccc1,22053264
VPDZRSSKICPUEY-JEPMYXAXSA-N,C/C1=C\[C@H]2[C@@H](CC/C(C)=C/CC1)C2(C)C,13894537
AMTPYFGPPVFBBI-UHFFFAOYSA-N,CC(=O)Nc1ccc(S(=O)(=O)c2ccc(NC(C)=O)cc2)cc1,6477
PPCHNRUZQWLEMF-LFFPGIGVSA-N,CC[C@@H](O)CC/C=C\C/C=C\C/C=C\C/C=C\CCCC(=O)O,11141754
IHCCUGWTVWSKGF-LVSAPHKCSA-N,CC(C)CCC[C@@H](C)[C@H]1CC[C@H]2C3=CC[C@H]4[C@H](CO)[C@@H](O)CC[C@]4(C)[C@H]3CC[C@]12C,145944411
KJYIVXDPWBUJBQ-UHHGALCXSA-M,CCCCC[C@H](O)/C=C/[C@H]1OC(=O)C[C@H](O)[C@@H]1C/C=C\CCCC(=O)[O-],25886395
JAPHQRWPEGVNBT-UTUOFQBUSA-N,[NH3+][C@@H](C(=O)N[C@@H]1C(=O)N2C(C(=O)[O-])=C(Cl)CC[C@H]12)c1ccccc1,44311686
IYTPMLIWBZMBSL-UHFFFAOYSA-N,O=C(O)CCCOC(=O)c1ccccc1C(=O)O,53435015
AWYFNIZYMPNGAI-UHFFFAOYSA-L,S=C([S-])NCCNC(=S)[S-],4228010
ARXKVVRQIIOZGF-UHFFFAOYSA-N,OCCC(O)CO,18302
IDVRZFQYOSGBAF-UHFFFAOYSA-O,O=[P+](O)Oc1ccccc1,6327897
IWYJGYZCHKEPCK-DHYYJNSCSA-N,O=C(O)CCCC(O)/C=C/C=C\C/C=C\C/C=C\CCCCCO,102571784
RBEFRYQKJYMLCC-UHFFFAOYSA-N,O=C(O)c1ccc(N=C=S)cc1,242946
PSXQJZDFWDKBIP-NNWQCNCGSA-N,CC(CCC[C@@H](C)[C@H]1CC[C@H]2[C@@H]3CCC4=CC(=O)CC[C@]4(C)[C@H]3CC[C@]12C)C(=O)O,22216313
SFXSFWVZPKEDPA-KJOZQHLTSA-N,O=C1/C(=C/c2cc(O)c(O)c(O)c2)Oc2cc(O[C@@H]3O[C@H](CO)[C@@H](O)[C@H](O)[C@H]3O)cc(O)c21,23724746
CIKGWCTVFSRMJU-KVQBGUIXSA-N,Nc1nc2c(ncn2[C@H]2C[C@H](O)[C@@H](COP(=O)(O)OP(=O)(O)O)O2)c(=O)[nH]1,135398595
LNHWUFUMZSBRBY-YELMBXGASA-N,C[C@H](/C=C/C1=CC2=C(Cl)C(=O)[C@@]3(C)O[C@]4(O)[C@H](C)[C@@H](C)OC(=O)[C@@H]4[C@H]3C2=CO1)[C@@H](C)O,24857881
XFRCVLKGZMPUFQ-SUIMNPQMSA-N,C=CC1=CC(=O)[C@@H]2[C@H](CC[C@@H]3C(C)(C)[C@H](O)[C@H](O)[C@H](O)[C@@]23C)[C@@H]1C,132274110
ODBLHEXUDAPZAU-UHFFFAOYSA-M,O=C([O-])CC(C(=O)[O-])C(O)C(=O)[O-].[H+].[H+],24755498
FSUGCKMUTGKWIE-YGIVHSIPSA-O,[NH3+][C@H]1CC(=O)[C@H](O)[C@@H](O)[C@@H]1O,57339264
QGLZXHRNAYXIBU-WEVVVXLNSA-N,CNC(=O)O/N=C/C(C)(C)SC,9570071
JCYNPXMAUUAOMA-PMRVSPHWSA-L,O=C([O-])CC(=C/[O-])/C=C/C(=O)C(=O)O,25246117
BXNANOICGRISHX-UHFFFAOYSA-N,CCOP(=S)(OCC)Oc1ccc2c(C)c(Cl)c(=O)oc2c1,2871
VYZAHLCBVHPDDF-UHFFFAOYSA-N,O=[N+]([O-])c1ccc(Cl)c([N+](=O)[O-])c1,6
JHDKZFFAIZKUCU-ZRDIBKRKSA-N,CCCCc1nc2cc(/C=C/C(=O)NO)ccc2n1CCN(CC)CC,49855250
CKDDRHZIAZRDBW-UHFFFAOYSA-N,CCCCCCCCCCCCCCCCCCCCC(=O)O,16898
UDMBCSSLTHHNCD-KQYNXXCUSA-N,Nc1ncnc2c1ncn2[C@@H]1O[C@H](COP(=O)(O)O)[C@@H](O)[C@H]1O,6083
ALYNCZNDIQEVRV-UHFFFAOYSA-M,Nc1ccc(C(=O)[O-])cc1,4876
DMDGGSIALPNSEE-UHFFFAOYSA-N,NS(=O)(=O)c1cc2c(cc1C(F)(F)F)NCNS2(=O)=O,3647
KGUMXGDKXYTTEY-CJJLNRCZSA-N,CC1=C(/C=C/C(C)=C/C=C/C(C)=C/C(=O)O)C(C)(C)CC[C@@H]1O,92436416
QXAUTQFAWKKNLM-UHFFFAOYSA-N,COC(=O)c1c[nH]c2ccccc12,589098
KCWZGJVSDFYRIX-YFKPBYRVSA-O,COC(=O)[C@@H](N)CCCN=C(N)N[N+](=O)[O-].[H+],118796937
HOGWBMWOBRRKCD-BUHFOSPRSA-N,CCCCCCCCCCCC/C=C/C(=O)O,5282742
PUIYMUZLKQOUOZ-UHFFFAOYSA-N,CC(C)c1ccc(NC(=O)N(C)C)cc1,36679
SGYLMBSLEMLUSN-UHFFFAOYSA-N,CC(C)C1CCC(C)(OO)CC1,19867397
PRUIDJLINDRLON-MKSAAGMNSA-N,C=C1C(=O)O[C@H]2C/C(C)=C/CC/C(C)=C/CC[C@@]3(CO)O[C@H]3C[C@H]12,44583937
HVNDECDCMWQSGR-UHFFFAOYSA-N,CC1=C(CO)C(=O)OC1,25178260
VSUOKLTVXQRUSG-ZFORQUDYSA-M,O=C([O-])[C@H]1O[C@@H](Oc2cc(O)c3c(=O)cc(-c4ccc(O)c(O)c4)oc3c2)[C@H](O)[C@@H](O)[C@@H]1O,40490600
OKXWJISJKQKUTN-OAQYLSRUSA-N,CCCCCCCCCCCCCCCCOC[C@@H](O)COP(=O)([O-])OCC[NH3+],86289572
MULWDJOXRRXULO-HUUDZGMYSA-N,C=C1C(=O)O[C@@H]2[C@@H]1C[C@@H]1O[C@]1(CO)CC/C=C(\C)CC/C=C(\C)[C@H]2O,44583936
XUJNEKJLAYXESH-UWTATZPHSA-L,N[C@H](C[S-])C(=O)[O-],5460967
UTHAHBPIPHFUMP-MVWHLILJSA-N,C[C@H](N)C(=O)N[C@@H](Cc1c[nH]c2ccccc12)C(=O)N[C@@H](CC(N)=O)C(=O)N[C@@H](CC(=O)O)C(=O)O,71464526
FNZLKVNUWIIPSJ-WHFBIAKZSA-L,O=C(CO)[C@H](O)[C@@H](O)COP(=O)([O-])[O-],23615403
CTSLUCNDVMMDHG-UHFFFAOYSA-N,CCC(C)n1c(=O)[nH]c(C)c(Br)c1=O,9411
LCPYQJIKPJDLLB-UWVGGRQHSA-N,CC(C)C[C@H](NC(=O)[C@@H](N)CC(C)C)C(=O)O,76807
UHXNGRCUFWVQPN-QFWQFVLDSA-N,CCCCCCCCCCCCC/C=C/[C@@H](O)[C@H](COP(=O)(O)O)NC(=O)CCCCC,86290016
KNUQGRSJUADXIR-SIHSWOPCSA-N,C[C@@H]1O[C@@H](OCCCCCCCC[C@@H](O)CC(=O)O)[C@H](O)C[C@H]1OC(=O)c1c[nH]c2ccccc12,86289898
WQZGKKKJIJFFOK-TVIMKVIFSA-N,OC[C@H]1O[C@H](O)[C@@H](O)[C@H](O)[C@@H]1O,7098663
PQMCQNOVNFNPFJ-HYIMLASBSA-K,CC1=N[C@@H](C(=O)[O-])S/C1=C\COP(=O)([O-])[O-],53477654
CMZHQFXXAAIBKE-UHFFFAOYSA-N,COc1ccc2nc(S(=O)Cc3ncc(CO)c(OC)c3C)[nH]c2c1,119560
WLOSKKPZIOUGFB-UHFFFAOYSA-M,Cc1cc(O)c2c(c1)C(=O)c1ccc(O)c([O-])c1C2=O,146672234
CDOSHBSSFJOMGT-UHFFFAOYSA-N,C=CC(C)(O)CCC=C(C)C,6549
RYCQZSZGQMTRND-UWVGGRQHSA-N,CC(=O)NCCCC[C@H](NC(=O)[C@@H](N)CCS)C(=O)O,52921586
SOZSXJHFVBBAOY-TUVASFSCSA-N,CC(C)C1=CC[C@@]2(C)[C@H](O)CC[C@](C)(O)[C@@H]2C1,12313756
VXEORMGBKTUUCM-KWBADKCTSA-N,CC(C)[C@H](NC(=O)[C@@H](N)CC(=O)O)C(=O)NCC(=O)N1CCC[C@H]1C(=O)O,71464672
CQHWROCHCWOEOA-LBGGPIGOSA-N,C[C@H]1O[C@H](O[C@H]2[C@H](O)[C@@H](C)O[C@H](O)[C@H]2O)[C@@H](O)[C@@H](O)[C@@H]1O,52921627
KNUFNLWDGZQKKJ-ONEGZZNKSA-N,COc1ccc(/C=C/C=O)cc1OC,5375268
URESBFJPXATWDO-QFCGGAEGSA-M,C=C(CC[C@@H](C)[C@H]1CC[C@H]2C3=CC[C@H]4[C@H](C(=O)[O-])[C@@H](O)CC[C@]4(C)[C@H]3CC[C@]12C)C(C)C,102515460
GSIGBTWKKXKRKO-UHFFFAOYSA-N,CCCCCCC(O)CCCCCCCCCCC(=O)Cc1cc(O)cc(=O)o1,91825622
QWLUKZXOQAQUFQ-QEFWFIIXSA-K,O=C(O)/C=C(/C=C(\[O-])C(=O)[O-])C(=O)[O-],54749447
YXYJVFYWCLAXHO-UHFFFAOYSA-N,C=C(C)C(=O)OCCOC,81466
QTYMDECKVKSGSM-YMUMJAELSA-N,COC(=O)[C@@]1(OC)C[C@H]2O[C@]1(C)n1c3ccccc3c3c4c(c5c6ccccc6n2c5c31)C(=O)N(C)C4,108152
YDTWOEYVDRKKCR-KNERPIHHSA-N,CCCCC/C=C\C/C=C\CCCCCCCC(=O)O[C@H](COC(=O)CCCCCCCCCCCCCCCCC)COP(=O)([O-])OCC[NH3+],46891778
YXYPSYDCUBSOOB-LUAWRHEFSA-N,CC(C)CCCCCCC/C=C\C(=O)NO,92136104
HJKBJIYDJLVSAO-UHFFFAOYSA-L,O=P([O-])(O)C(Cl)(Cl)P(=O)([O-])O.[Na+].[Na+],31195
ZDBSRINFOALESM-DAGMQNCNSA-N,Nc1nc2c(ccn2[C@@H]2O[C@@H]3COP(=O)(O)O[C@H]3[C@H]2O)c(=O)[nH]1,136648278
WHPVYXDFIXRKLN-UHFFFAOYSA-N,Brc1ccc(Oc2cc(Br)c(Br)cc2Br)c(Br)c1,36159
HAIJSTYZBPUVSG-UHFFFAOYSA-N,CNc1nc2ccn(C)c(=O)c(Cc3cc(Br)c(OC)c(Br)c3)c-2n1,11488186
YATRFQSUJUXJHD-UHFFFAOYSA-N,O=C(C[N+](=O)[O-])c1ccccc1OC(F)(F)F,18541395
GBAWQJNHVWMTLU-UHFFFAOYSA-N,COP(=O)(OC)OC1=C(Cl)C2C=CCC12,62773
GGLZPLKKBSSKCX-YFKPBYRVSA-N,CCSCC[C@H](N)C(=O)O,25674
RBFQHRALHSUPIA-SNPVRQPZSA-N,CCCCC/C=C\C/C=C\C/C=C\C/C=C\CCCC(=O)OC(CC(=O)[O-])C[N+](C)(C)C,71464486
ULXYQAJWJGLCNR-YUMQZZPRSA-N,CC(C)C[C@H](N)C(=O)N[C@@H](CC(=O)O)C(=O)NCC(=O)O,71464620
PTAMECMDMIIEJC-XZVYQEECSA-N,C[C@@H]1O[C@@H](OCCCCC(=O)O)[C@H](O)C[C@H]1OC(=O)c1c[nH]c2ccccc12,86289759
ITPHOIFCAFNCLL-ASMJPISFSA-L,O=P([O-])([O-])OC[C@H]1O[C@H](O[C@H]2[C@H](O)[C@@H](O)[C@@H](O)O[C@@H]2CO)[C@H](O)[C@@H](O)[C@@H]1O,25200370
LIPZZWCCANYPKE-DJEJVYNPSA-N,CCCCCCCC/C=C\CCCCCCCC(=O)OC[C@@H](O)COP(=O)(O)OCCNC(=O)CCCCCCCCCCCCCCCCC,91666393
JWPHORDRFVRZPP-KUBAVDMBSA-N,CC/C=C\C/C=C\C/C=C\C/C=C\C/C=C\C/C=C\CCC(=O)OCC(O)CO,21775505
IFZWDJWERARYFC-WNHJNPCNSA-N,NC(=O)CC[C@H](NC(=O)[C@H](CCC(=O)O)NC(=O)[C@@H](N)CCC(=O)O)C(=O)N[C@@H](Cc1c[nH]c2ccccc12)C(=O)O,71464684
JZTCDGMXXSOZRP-TXICZTDVSA-N,N[C@@H](C(=O)O)[C@@H](O)[C@H](O)[C@H](O)COP(=O)(O)O,71728452
FROBCXTULYFHEJ-OAHLLOKOSA-N,CC(C)=NOCCOC(=O)[C@@H](C)Oc1ccc(Oc2cnc3cc(Cl)ccc3n2)cc1,16213016
HLZZDTVXNYNFKH-BNFXUGDESA-N,CC(/C=C/C=O)=C\C=C\C=O,44224057
MULVJZGDDYHMNG-QMMMGPOBSA-N,N[C@@H](Cc1ccc([OH+])cc1)C(=O)O,5460817
GEZJVEGHJRPQEX-BZNQNGANSA-N,O=C(O)c1cc(O)ccc1O[C@@H]1O[C@H](CO)[C@@H](O)[C@H](O)[C@H]1O,49859721
QAOAOVKBIIKRNL-UHFFFAOYSA-N,CC(C)c1ccc2c(c1)c(SC(C)(C)C)c(CC(C)(C)C(=O)O)n2Cc1ccc(Cl)cc1,3651377
TZBZGNPXKXHFKI-VZUCSPMQSA-N,O=C1OC(c2ccc(O)c(O)c2)=C/C1=C\c1ccc(O)c(O)c1,5311105
RRJZGRCYRQRMEO-UHFFFAOYSA-N,CN(C)CCSS(=O)(=O)O,97248
ZIYVHBGGAOATLY-UHFFFAOYSA-M,CC(C(=O)[O-])C(=O)O,5461058
PUYXSOZDOLDUCC-UHFFFAOYSA-N,CC(C)CCCCCCCCCCC(=O)Cc1cc(O)cc(=O)o1,91825630
ZDXPYRJPNDTMRX-GSVOUGTGSA-N,NC(=O)CC[C@@H](N)C(=O)O,145815
FRKZCCBKUZTFCA-TXFIJWAUSA-N,C/C(C=O)=C\CC/C(C)=C/CO,11412603
DTBNBXWJWCWCIK-UHFFFAOYSA-M,C=C(OP(=O)(O)O)C(=O)[O-],638308
BHPNXACHQYJJJS-UHFFFAOYSA-N,c1cc2cc3nc(cc4ccc(cc5nc(cc1[nH]2)CC5)[nH]4)CC3,9548778
MIBSKSYCRFWIRU-UHFFFAOYSA-N,Cl.Cl.Fc1ccc(C(OCCN2CCN(CCCc3ccccc3)CC2)c2ccc(F)cc2)cc1,104920
SNINRZCQHRQHTE-SXEONFLVSA-N,C[C@@H]1O[C@@H](OCCCCCCCCCCCCC[C@@H](O)CC(=O)O)[C@H](O)C[C@H]1O,86289852
GTCKEWVHTGGUSN-HGWHEPCSSA-M,CCCCCCCC/C=C\CCCCCCCC(=O)OC[C@H](COP(=O)([O-])OC[C@@H](O)CO)OC(=O)CCCCCCCCCCCCCCC,71296223
XSPUVIVTSHCDST-LTGZKZEYSA-N,COc1ccc(/C=C2\C(=O)N(c3ccccc3)C(c3ccccc3)S2(=O)=O)cc1,6166852
GZTXEEPKLNRIEL-LYXDKPSQSA-N,O=C(/C=C/c1ccc(O)c(O)c1)c1c(O)cc(O[C@@H]2O[C@H](CO)[C@@H](O)[C@H](O)[C@H]2O)cc1O,23724745
GUXUIBFKSWOPEY-YUMQZZPRSA-N,CCCC[C@H](C)[C@@H](O)CC(=O)O,70788967
YUVSLMOWLXLZEG-JTQLQIEISA-N,CSCCCCCCCC[C@H](NO)C(=O)O,123131508
RJXVYMMSQBYEHN-LVXZDWGESA-N,CCCCC[C@H](O)/C=C/[C@H]1[C@H](O)CC(=O)[C@@H]1C/C=C\CCCC(=O)OCC(O)CO,24778489
JTKHUJNVHQWSAY-UHFFFAOYSA-N,CC(C)CCCCCCCCO,103950
YKXHFAJZOFTAOC-DTXSUPOZSA-M,CCCCCC(=O)/C=C/[C@H]1C=CC(=O)[C@@H]1CCCCCCC(=O)[O-],90659868
JPCGABBYVSDYMQ-AKGZTFGVSA-N,CC(N)C(=O)O[C@@H](CO)COP(=O)(O)O,46873822
DFURSAVCHZIKSU-STZQEDGTSA-N,COC(=O)c1c(O)cc2cc3c(c(O)c2c1C)C(=O)[C@]1(O)C(=O)C=C(OC)[C@@H](O)[C@]1(O)C3=O,49787019
ADFOLUXMYYCTRR-OKILXGFUSA-N,COc1cc(C[C@@H](C)[C@@H](C)Cc2ccc(O)c(OC)c2)ccc1O,476856
GCUBDUZUXAQLEY-UHFFFAOYSA-N,CC(C)CCCCCCCCCCCCCCCCCCCCCCCCC(=O)O,5282610
DQDAYGNAKTZFIW-UHFFFAOYSA-N,CCC(c1ccccc1)c1c(O)c2ccccc2oc1=O,54680692
RNLQIBCLLYYYFJ-UHFFFAOYSA-N,Nc1cc(-c2ccncc2)c[nH]c1=O,3698
WBFYVDCHGVNRBH-UHFFFAOYSA-M,Nc1nc2c(c(=O)[nH]1)N=C(CNc1ccc(C(=O)[O-])cc1)CN2,135476773
IUWVALYLNVXWKX-UHFFFAOYSA-O,CCCCOC(=O)c1ccc([NH3+])cc1,91826535
XMXNVYPJWBTAHN-UHFFFAOYSA-N,[K+].[K+].[O]=[Cr](=[O])([O-])[O-],24597
QPJVMBTYPHYUOC-UHFFFAOYSA-N,COC(=O)c1ccccc1,7150
LSZJAIFORSLKOY-PACUACIMSA-N,CC(C)[C@H](C)C[C@H](O)[C@@H](C)[C@H]1CC[C@H]2[C@@H]3CC=C4C[C@@H](O)CC[C@]4(C)[C@H]3CC[C@]12C,15341628
HRKDTQUJICJRIH-UHFFFAOYSA-N,CC1CC(=O)C2(O)C3=C(C=CC2(O)C1)C(=O)c1c(O)cccc1C3=O,10472401
WEQAYVWKMWHEJO-UHFFFAOYSA-N,CN1C(=O)CCS(=O)(=O)C1c1ccc(Cl)cc1,2717
SRNWOUGRCWSEMX-TYASJMOZSA-N,Nc1ncnc2c1ncn2[C@@H]1O[C@H](COP(=O)(O)OP(=O)(O)OC[C@H]2OC(O)[C@H](O)[C@@H]2O)[C@@H](O)[C@H]1O,33576
BTDVRVFEWWTQLU-ZCFIWIBFSA-N,Nc1nc2c(ncn2[C@@H](CO)OC(CO)CO)c(=O)[nH]1,135455418
BZQFBWGGLXLEPQ-UWTATZPHSA-N,N[C@H](COP(=O)(O)O)C(=O)O,439747
QSRVMXWVVMILDI-UHFFFAOYSA-N,O=c1[nH]c2ccccc2c(-c2ccccc2)c1O,67206
WGPOPPKSQRZUTP-LBPRGKRZSA-M,CCCCC[C@H](O)c1c(O)cc2c(c1[O-])C(=O)c1c(O)cc(O)cc1C2=O,86289403
GYPPOHOXBAIXMW-UHFFFAOYSA-M,[O]=[Mo](=[O])([O-])[O][Mo](=[O])(=[O])[OH],9548791
ANLMVXSIPASBFL-XGNJAFTASA-N,N[C@@H]1C(O)[C@H](N)[C@@H](O)C(O)[C@H]1O,439590
HVFBFUUUEIXKJL-INOXDZRUSA-N,O=C1/C=C/c2ccc(OS(=O)(=O)O)c(c2)Oc2ccc(cc2)/C=C/C(=O)NCCCNCCCCN1,124202369
NVTRPRFAWJGJAJ-UHFFFAOYSA-L,O=C([O-])C[NH+](CC[NH+](CC(=O)[O-])CC(=O)[O-])CC(=O)[O-].[Ca+2],6096219
IUFFPMSLKYCSDC-CWWKMNTPSA-N,CC/C=C\C/C=C\CCCOS(=O)(=O)O,10354007
BMZRVOVNUMQTIN-UHFFFAOYSA-N,N#CC(C#N)=NNc1ccc(OC(F)(F)F)cc1,3330
OTDQYOVYQQZAJL-QMMMGPOBSA-N,Nc1ccc(O)cc1C(=O)C[C@H]([NH3+])C(=O)[O-],53262328
RHAIHKHMJHKGEG-LREIXMIKSA-M,COC1=C(C)C([O-])=C2C(=C(COC(N)=O)[C@@]3(O)[C@@H]4[C@H](CN23)N4C)C1=O,86583506
FKDGKTNDRAXENR-UHFFFAOYSA-N,CC1=CC(=C(c2ccc(N)c(S(=O)(=O)O)c2)c2ccc(N)c(S(=O)(=O)O)c2)C=C(S(=O)(=O)O)C1=N,72203
DGCPGJKPROZYMN-ZMNXUKPGSA-N,CC1=C(/C=C/C(C)=C/C=C/C(C)=C/C(=O)O)C(C)(CO)CCC1O,131953106
CGMZWBZSOINWHL-YPDYIYJKSA-N,CCCCCCCCCCC/C=C/[C@@H](O)[C@H](COP(=O)([O-])OCC[N+](C)(C)C)NC(=O)CCCCCCCCCCCCCCCC,52931137
NNTXFOAPABMVEG-MNOVXSKESA-N,NCCCC[C@@H](NC(=O)c1cccc(O)c1O)C(=O)N[C@@H](CO)C(=O)O,129039
QAOHCFGKCWTBGC-QHOAOGIMSA-N,COC(=O)N[C@@H](CCc1c(C)nc2n(C)c3c(ncn3[C@@H]3O[C@H](CO)[C@@H](O)[C@H]3O)c(=O)n12)C(=O)OC,14135916
BHGCRZWUKWPRDM-JAPFCTHZSA-N,Oc1ccc([C@H]2Oc3c(c(O)cc4c3[C@H]3C[C@](c5ccc(O)cc5)(Oc5cc(O)cc(O)c53)O4)C[C@H]2O)cc1,442687
JDVVGAQPNNXQDW-TVNFTVLESA-N,O[C@H]1[C@H](O)[C@@H](O)CN2CC[C@H](O)[C@H]12,54445
ZGVNYCXXBQPDPQ-UHFFFAOYSA-M,O=S(=O)([O-])c1ccc(-c2nnc(-c3ccccn3)nc2-c2ccc(S(=O)(=O)[O-])cc2)cc1.[H+].[Na+],56927812
SEWARTPIJFHCRP-UHFFFAOYSA-N,O=C(O)C1CCCCN1O,269025
NTKHEOJBPXFULD-UHFFFAOYSA-N,Oc1cc(Cl)c(Cl)c(Cl)c1-n1cc(Cl)c(Cl)c1Cl,25227595
QYPPJABKJHAVHS-UHFFFAOYSA-P,NC(N)=[NH+]CCCC[NH3+],5257176
XLOMZPUITCYLMJ-UHFFFAOYSA-N,C=CCC1(C(C)CCC)C(=O)NC(=S)NC1=O,3032285
WVFKPISWLUJJIJ-LIZSDCNHSA-M,O=S(=O)([O-])O[C@H]1[C@@H](O[C@H]2O[C@H](CO)[C@@H](O)[C@H](O)[C@H]2O)O[C@H](CO)[C@@H](O)[C@@H]1O,46878583
HLVPIMVSSMJFPS-SHYSOILJSA-N,CC1=CC(=O)CC(C)(C)[C@@]1(O)/C=C/C(C)=C/C(=O)OC1O[C@H](CO)[C@@H](O)[C@H](O)[C@H]1O,53239763
JVKYZPBMZPJNAJ-OQFNDJACSA-N,C[C@H]1CC[C@@H]2[C@@H](C)[C@H]3[C@H](C[C@H]4[C@@H]5CC=C6C[C@@H](O)CC[C@]6(C)[C@H]5CC[C@]34C)N2C1,65727
MQTAVJHICJWXBR-UHFFFAOYSA-P,CC(=O)NCCC[NH2+]CCCC[NH3+],25203502
VWPOSFSPZNDTMJ-CFVMTHIKSA-N,CC(C)(C)NC[C@H](O)COc1cccc2c1C[C@H](O)[C@H](O)C2,7048712
UJTMIRNFEXKGMS-ZMIZWQJLSA-K,O=C([O-])[C@@](O)(COP(=O)([O-])[O-])[C@H](O)[C@H](O)CO,49792007
MYHSVHWQEVDFQT-RNFCHCRPSA-M,C=CC(O)CC(=NOS(=O)(=O)[O-])S[C@@H]1O[C@H](CO)[C@@H](O)[C@H](O)[C@H]1O,138453912
DMTGFWVSBPXWQU-MJPWOAHQSA-N,O=C(O)[C@@H](CO)O[C@H]1O[C@H](CO[C@H]2O[C@H](CO)[C@@H](O)[C@H](O)[C@H]2O)[C@@H](O)[C@H](O)[C@H]1O,44512558
PUAQLLVFLMYYJJ-ZETCQYMHSA-N,C[C@H](N)C(=O)c1ccccc1,62258
NPDBDJFLKKQMCM-UHFFFAOYSA-N,CC(C)(C)C(N)C(=O)O,306131
MHVVPVXRMHIATI-UHFFFAOYSA-N,O=C(O)C(c1ccccc1)C1(O)CCCC1,91332
FFBDGMOHDOFVHM-JXVZLQIESA-N,CC/C=C\C[C@H](O)[C@H](O)/C=C/C=C/C=C\C=C\C(=O)C/C=C\CCC(=O)O,129626667
JMQXZRUQJGJVSC-HQJQHLMTSA-N,C[C@H](c1c[nH]c2ccccc12)[C@@H]1OC(N)=NC1=O,10131032
ZBFFNPODXBJBPW-VIFPVBQESA-N,CC(=O)[C@H](O)c1ccccc1,9920426
LOUWLTSPEXZLSA-MRVPVSSYSA-N,O=C(O)CCC[C@@](O)(CC(=O)O)C(=O)O,24892801
OMZCMEYTWSXEPZ-UHFFFAOYSA-N,C=CC(=O)Nc1cc2c(Nc3ccc(F)c(Cl)c3)ncnc2cc1OCCCN1CCOCC1,156414
KMYWVDDIPVNLME-KQYNXXCUSA-M,Nc1ncnc2c1ncn2[C@@H]1O[C@H](CO)[C@H]2OP(=O)([O-])O[C@H]21,6992262
FFQKYPRQEYGKAF-UHFFFAOYSA-N,NC(=O)OP(=O)(O)O,278
SOUGWDPPRBKJEX-UHFFFAOYSA-N,CCC(C)(NC(=O)c1cc(Cl)c(C)c(Cl)c1)C(=O)CCl,122087
JTHPLBUVRLOJBB-VCPQXCNPSA-N,COc1cc([C@@H]2Oc3c(OC)cc(/C=C/C(=O)O)cc3[C@H]2C(=O)O)ccc1O,59397470
MCJGDQGGKNEZHE-VVSMDZRYSA-N,CC1=C[C@@H](c2cc([C@@H]3CC(=O)c4ccc(O)cc4O3)c(O)cc2O)[C@H](C(=O)c2ccc(O)cc2O)[C@@H](c2ccc(O)cc2O)C1,11215632
CQGSYZCULZMEDE-SRVKXCTJSA-N,CC(C)C[C@H](N)C(=O)N[C@@H](CCC(N)=O)C(=O)N1CCC[C@H]1C(=O)O,42641527
RQWMGMIZGOCPMP-UHFFFAOYSA-N,NC(=O)c1coc(Cc2ccccc2)cc1=O,16067346
KQRXQIPRDKVZPW-ISZNXKAUSA-N,Oc1cc2c(cc1[C@H]1OC[C@H]3[C@@H]1CO[C@@H]3c1ccc3c(c1)OCO3)OCO2,94672
CDOJPCSDOXYJJF-CAQKAZPESA-N,CC(=O)N[C@H]1[C@H](O[C@H]2[C@H](O)[C@@H](NC(C)=O)C(O)O[C@@H]2CO)O[C@H](CO)[C@H](O)[C@@H]1O,25257164
RILIBNNLUUUUJS-ZVTAQKPHSA-N,COc1ccc([C@@H]2C[C@@H]3O[C@H]4[C@H](Oc5c(C)c(O)c(C)c(c53)O2)O[C@H](CO)[C@@H](O)[C@@H]4OC(C)=O)cc1,11584214
BSVHAXJKBCWVDA-UHFFFAOYSA-M,C[N+](C)(C)CC(CC(=O)[O-])OC(=O)CCCCC(=O)[O-],18406477
IQACMFWAGALEAQ-WESJWMGVSA-N,CCCCC/C=C\C/C=C\CCCCCCCC(=O)O[C@H](COCCCCCCCCCCCCCCCC)COP(=O)([O-])OCC[N+](C)(C)C,6443157
OEPADIDIUZTYOX-QKZHPOIUSA-N,O=C(CNC(=O)c1ccccc1O)O[C@@H]1O[C@H](C(=O)O)[C@@H](O)[C@H](O)[C@H]1O,121596205
QZXCCPZJCKEPSA-UHFFFAOYSA-N,O=C(O)Cc1c(Cl)ccc(Cl)c1Cl,6805
QAOFTFHHOWYCDI-WOKPNQEWSA-N,C[C@]12CC[C@@H]3c4ccc(O[C@@H]5O[C@H](C(=O)O)[C@@H](O)[C@H](O)[C@H]5O)c(O)c4CC[C@H]3[C@@H]1CCC2=O,101608808
NYBCZSBDKXGAGM-DOFZRALJSA-N,CCCCC/C=C\C/C=C\C/C=C\C/C=C\CCCCO,10891603
XWCSDVVHAXLZNL-ZDUSSCGKSA-N,N[C@@H](CCC(=O)Nc1ccc2ccccc2c1)C(=O)O,6951109
DSTNHSZUWMFBDU-UHFFFAOYSA-N,COc1ccc(C(=O)O[Si](C)(C)C)cc1O[Si](C)(C)C,6431631
GLXUWZBUPATPBR-BQBZGAKWSA-N,N[C@@H](CCC[C@H](NC(=O)CCC(=O)O)C(=O)O)C(=O)O,440333
OKZYCXHTTZZYSK-ZCFIWIBFSA-K,C[C@@](O)(CCOP(=O)([O-])[O-])CC(=O)[O-],25244548
UHSZQQLOARZHAZ-UHFFFAOYSA-N,CCCN(CCC)CCc1ccc(OC)c(OCCc2ccccc2)c1.Cl.Cl,134160331
FSBIGDSBMBYOPN-VKHMYHEASA-N,NC(N)=NOCC[C@H](N)C(=O)O,439202
IZDWXHIHOWRUTO-NTEJXHNLSA-N,CCCCCCCC/C=C\CCCCCCCC(=O)O[C@H](COC(=O)CCCCCCCCCCCCC)COP(=O)(O)O,9547164
ZEACOKJOQLAYTD-SOUVJXGZSA-N,Oc1cc(O)c2c(c1)O[C@H](c1cc(O)c(O)c(O)c1)[C@@H](O)[C@H]2O,440835
NIKHGUQULKYIGE-OTCXFQBHSA-M,C=C1C[C@@]23CC[C@H]4[C@@](C)(CCC[C@@]4(C)C(=O)[O-])[C@@H]2CC[C@@H]1C3,25200785
NEYJIGPAQAKWSI-QBGRRASTSA-N,[C-]#[N+][C@@H]1[C@@H]2c3c([nH]c4ccccc34)C(C)(C)[C@H]2CC[C@@]1(C)C=C,101677547
CKTSBUTUHBMZGZ-SHYZEUOFSA-N,Nc1ccn([C@H]2C[C@H](O)[C@@H](CO)O2)c(=O)n1,13711
KVOJTUXGYQVLAJ-UHFFFAOYSA-N,Cc1cc(=O)oc2cc(O)c(O)cc12,5319502
PPAXBSPBIWBREI-UHFFFAOYSA-N,Cc1ncc2c(c1O)COC2=O,78300
SNEIUMQYRCDYCH-LURJTMIESA-N,CC(=O)N[C@@H](CCCN=C(N)N)C(=O)O,67427
VEXDOCFQMVMPHJ-HOTGVXAUSA-N,COc1cc2c(cc1O)CN1CC[C@@]23C=CC(=O)C[C@H]13,11184826
PHILTAYCISBENR-UHFFFAOYSA-N,CCCCN(CCCC)[C-]([S])[S],5372600
PPXUHEORWJQRHJ-UHFFFAOYSA-N,CCOC(=O)CC(C)C,7945
LNTHITQWFMADLM-UHFFFAOYSA-N,O=C(O)c1cc(O)c(O)c(O)c1,370
VRXULZFQCGXCRV-UHFFFAOYSA-N,NC(Cc1ccc(O)c(-c2c(O)c(O)c3c(c2O)C(=O)c2c(cc(O)c(C(=O)O)c2C(=O)O)C3=O)c1)C(=O)O,9828689
UBQKCCHYAOITMY-UHFFFAOYSA-N,O=c1cccc[nH]1,8871
UVODXVDWVWOACM-FJNPEDAXSA-N,C=C[C@H]1c2cc(O)c(OC)cc2[C@@]2(O)C[C@]1(OC)C(OC)=CC2=O,53354913
FUIUCBAOBOEADA-ZPZIOZIESA-N,CC(C)=C/C=C/C(C)=C/C=C/C(C)=C/C=C/C=C(C)/C=C/C=C(C)/C=C/C=C(\C)C(=O)O,71533522
GFDAVCSAIGBIQQ-NXVVXOECSA-N,CCCCCCCC/C=C\CCCCCCCC(=O)OC(CO)COC(=O)CCCCCCCCCCC,71728411
VCKUSRYTPJJLNI-UHFFFAOYSA-N,COc1cc2nc(N3CCN(C(=O)C4CCCO4)CC3)nc(N)c2cc1OC,5401
OLUPOJQIFXQXIT-CVYQJGLWSA-K,O=C([O-])C[C@@H](O)[C@H](O)C(=O)COP(=O)([O-])[O-],49791953
ZXJXZNDDNMQXFV-UHFFFAOYSA-M,CN(C)c1ccc(C(=C2C=CC(=[N+](C)C)C=C2)c2ccc(N(C)C)cc2)cc1.[Cl-],11057
GICCYAKQXAHHKY-UHFFFAOYSA-M,CC(=O)NCCCC(=O)CC(=O)[O-],5459937
NNKKTZOEKDFTBU-YBEGLDIGSA-N,CCOC(=O)/C(Cl)=C/c1cc(N2C(=O)C3=C(CCCC3)C2=O)ccc1Cl,5851439
ZLKLBRDQEVVKPJ-QTLGCAHFSA-N,CC(C)=CC[C@]12Oc3cc4c(c(O)c3C(=O)[C@@]1(O)Oc1cc(O)ccc12)C[C@H](O)C(C)(C)O4,52952643
BLNVGTGPKHCQME-UHFFFAOYSA-N,O=c1nc(NC2CC2)[nH]c(=O)[nH]1,592814
DBXFMOWZRXXBRN-UHFFFAOYSA-N,COC(=O)CC(NC(=O)C(NC(=O)OC(C)C)C(C)C)c1ccc(Cl)cc1,15982923
RZZPDXZPRHQOCG-OJAKKHQRSA-N,C[N+](C)(C)CCOP(=O)([O-])OP(=O)(O)OC[C@H]1O[C@@H](n2ccc(N)nc2=O)[C@H](O)[C@@H]1O,13804
RACGRCLGVYXIAO-YOKWENHESA-N,CC[C@@]1(O)C[C@H](O)c2c(cc3c(c2O)C(=O)c2c(O)cccc2C3=O)[C@H]1C(=O)OC,159776
LOIYMIARKYCTBW-OWOJBTEDSA-N,O=C(O)/C=C/c1cnc[nH]1,736715
BRJNQOSDCDNITN-VDMSZYBVSA-N,C/C=C1/CN2[C@H]3Cc4c([nH]c5ccccc45)[C@@H]2C[C@H]1[C@@]3(C=O)C(=O)OC,135397966
DIBKBAMSPPKSTJ-BAILPSPNSA-M,CC/C=C\C[C@H](O)/C=C/[C@H]1C(=O)C=C[C@@H]1C/C=C\CCCC(=O)[O-],132282540
XWIHRGFIPXWGEF-UHFFFAOYSA-N,CCCNCC(O)COc1ccccc1C(=O)CCc1ccccc1.Cl,36708
XPOIQAIBZGSIDD-UHFFFAOYSA-M,CN(C)c1ccc(/C=C/c2cccc[n+]2C)cc1.[I-],5463010
YZEGHVUBSYVNCN-CVCSLSNUSA-N,CC/C=C/C=C\C=C/C=C\C=C/C=C\CCCCCCCC(=O)O[C@H](COC(=O)CCCCCCCCCCCCCCCCC)COP(=O)([O-])OCC[N+](C)(C)C,24778878
KSMRODHGGIIXDV-UHFFFAOYSA-N,CC(=O)NC(CCC(N)=O)C(=O)O,25561
MOBYACALHPXMHU-HMUNZLOLSA-N,O=C(O[C@@H]1O[C@H](CO)[C@@H](O)[C@H](O)[C@H]1O)c1ccc(O)c(O)c1,101712127
FBKZHCDISZZXDK-UHFFFAOYSA-N,Cc1cc(-c2ccc(S(=O)(=O)O)cc2)c2ccc3c(-c4ccc(S(=O)(=O)O)cc4)cc(C)nc3c2n1,170300
MDIUMSLCYIJBQC-MVFSOIOZSA-N,CCCCC[C@H](O)[C@@H](O)/C=C/[C@@H](O)CCCCCCCC(=O)O,9858729
HDKLIZDXVUCLHQ-BQYQJAHWSA-N,CCCCC/C=C/C(C)=O,5317045
KWGRBVOPPLSCSI-PSASIEDQSA-O,C[NH2+][C@H](C)[C@@H](O)c1ccccc1,6922967
CWNYOXLYNGDTSL-DZUOILHNSA-N,O=C1CNC(=O)[C@H](Cc2ccccc2)NC(=O)[C@@H]2CCCN2C(=O)[C@H](Cc2ccc(O)cc2)NC(=O)[C@H](Cc2ccccc2)N1,11319474
RSUVYMGADVXGOU-BUHFOSPRSA-O,C[NH+](C)CCCSc1ccccc1NC(=O)/C=C/c1ccccc1,36690813
BAIJEJFONPISHA-UHFFFAOYSA-N,COc1cc(OC)c2c(O)c3c(c(-c4c(O)cc5cc6c(c(O)c5c4OC)C(=O)CC(C)(O)O6)c2c1)OC(C)(O)CC3=O,179521
SOFPQQBEKFKYNC-UHFFFAOYSA-N,COCCOCCOC1OCCO1,552114
ZDZSFWLPCFRASW-CPISFEQASA-N,C[C@@]1(C(=O)O)CC[C@]2(C)CC[C@]3(C)C4=CC(=O)c5c(cc(O)c(O)c5C=O)[C@]4(C)CC[C@@]3(C)[C@@H]2C1,10322911
PQNASZJZHFPQLE-LURJTMIESA-O,C[NH2+]CCCC[C@H]([NH3+])C(=O)[O-],6991988
RARMVOFXKPZWMG-AKGZTFGVSA-O,[NH3+]CCC(Cl)C[C@H]([NH3+])C(=O)[O-],137553775
QTQDDTSVRVWHMO-BQBZGAKWSA-N,CSC[C@H](NC(=O)CC[C@H](N)C(=O)O)C(=O)NCC(=O)O,115260
FGKJLKRYENPLQH-UHFFFAOYSA-M,CC(C)CCC(=O)[O-],4275592
QYHFIVBSNOWOCQ-UHFFFAOYSA-M,O=[Se](=O)([O-])O,5460697
YZBBUYKPTHDZHF-KNVGNIICSA-O,COc1ccc([C@@H]2COc3cc(O)ccc3C2[OH2+])c(O)c1,71296173
OBKXEAXTFZPCHS-UHFFFAOYSA-N,O=C(O)CCCc1ccccc1,4775
HNNSUZPWERIYIL-UHFFFAOYSA-N,O=C1C=CC2=C3c4cc(O)c(O)cc4CC3(O)COC2=C1O,135403802
QGTYWWGEWOBMAK-UHFFFAOYSA-N,CCOP(=S)(OCC)SCCl,32739
IBIDRSSEHFLGSD-YUMQZZPRSA-N,CC(C)[C@H](N)C(=O)N[C@@H](CCCN=C(N)N)C(=O)O,444523
HCTBVOYWQDRTTQ-MZXGQXEMSA-N,CCCCCCCCCCCCCCCCCCCCCCCCCC(=O)N[C@@H](CO)[C@H](O)CCCCCCCCCCC(C)CC,118797954
ZKHQWZAMYRWXGA-KQYNXXCUSA-K,Nc1ncnc2c1ncn2[C@@H]1O[C@H](COP(=O)([O-])OP(=O)([O-])OP(=O)([O-])O)[C@@H](O)[C@H]1O,9870745
QBPFLULOKWLNNW-UHFFFAOYSA-N,O=C1c2cccc(O)c2C(=O)c2c(O)cccc21,2950
YOOPHLDCWPOWDX-QCICJENWSA-N,O=C(O)[C@H]1O[C@@H](OC[C@H]2O[C@@H](O)[C@H](O)[C@@H](O)[C@H]2O)[C@H](O)[C@@H](O)[C@@H]1O,70680285
CDUZMYHPBLVJHK-UHFFFAOYSA-N,CCN1/C(=C/C(C)=C/c2sc3ccc4ccccc4c3[n+]2CC)Sc2ccc3ccccc3c21,5477073
LLWADFLAOKUBDR-UHFFFAOYSA-N,Cc1cc(Cl)ccc1OCCCC(=O)O,7207
YXQDRIRSAHTJKM-IMJSIDKUSA-N,N[C@@H](CS)C(=O)N[C@@H](CO)C(=O)O,54532705
XWHPUCFOTRBMGS-UHFFFAOYSA-L,O.O.O.O.O=P([O-])(O)C(Cl)(Cl)P(=O)([O-])O.[Na+].[Na+],23724874
PADQINQHPQKXNL-LSDHHAIUSA-N,O=C1c2c(O)cc(O)cc2O[C@H](c2ccc(O)cc2)[C@H]1O,122850
NPNUFJAVOOONJE-QWAJQTJBSA-N,C=C1CC/C=C(\C)CC[C@@H]2[C@H]1CC2(C)C,6429274
YEJNIBFGDXBKPG-SNEYCHJSSA-N,CC(C)/C=C/[C@@H](C)[C@H]1CC[C@H]2[C@@H]3CCc4cc(O)ccc4[C@H]3CC[C@]12C,51041304
HYPJZSYXUWYJDG-UHFFFAOYSA-N,O=C(O)Cc1ccccc1Nc1c(Cl)ccc(O)c1Cl,112230
CINFSHUMMMEHQB-ITQMVGCCSA-N,CCCCCCCCCC/C=C\CCCCCCCCCC(=O)O[C@H](COCCCCCCCCCCCCCCCCCC)COP(=O)([O-])OCC[N+](C)(C)C,52923802
AJTVSSFTXWNIRG-UHFFFAOYSA-N,O=S(=O)([O-])CC[NH+](CCO)CCO,6993707
LHQIJBMDNUYRAM-BBIVZNJYSA-N,C[C@H](O)[C@@H](O)c1cnc2nc(N)[nH]c(=O)c2n1,135738580
CBOQJANXLMLOSS-UHFFFAOYSA-N,CCOc1cc(C=O)ccc1O,8467
BPXHFWZHURFHEN-KBHVJUHDSA-N,CCOC(=O)O[C@H](C)[C@H]1CN2CC[C@]34C(=C(C(=O)OC)[C@H]1C[C@H]23)Nc1ccccc14,50899956
JVXZRQGOGOXCEC-UHFFFAOYSA-N,O=c1cc(-c2ccc(O)cc2)oc2cc(O)c(O)c(O)c12,5281697
SNKAWJBJQDLSFF-NVKMUCNASA-O,CCCCCCCC/C=C\CCCCCCCC(=O)OC[C@H](COP(=O)(O)OCC[N+](C)(C)C)OC(=O)CCCCCCC/C=C\CCCCCCCC,448653
DZMVCVMFETWNIU-LDYMZIIASA-N,O=C(Cn1cnnn1)N[C@@H]1C(=O)N2C(C(=O)O)=C(CSc3nncs3)CS[C@H]12,65755
YZBBUYKPTHDZHF-KNVGNIICSA-N,COc1ccc([C@@H]2COc3cc(O)ccc3C2O)c(O)c1,23724655
RQBSUMJKSOSGJJ-AGQMPKSLSA-N,NC1OC[C@@H](O)[C@H](O)[C@@H]1O,55285017
BCHHPSBWEQCAPG-WTCKOWDJSA-N,C[C@]12CCC(=O)C=C1[C@H](O)C[C@@H]1[C@@H]2C(=O)C[C@@]2(C)[C@H]1CC[C@]2(O)C(=O)CO,53674638
ALVALNHXAQAJAM-UHNVWZDZSA-N,C[C@@H](C=O)C[C@H](N)C(=O)O,16019984
KWOLFJPFCHCOCG-UHFFFAOYSA-N,CC(=O)c1ccccc1,7410
XKWQNWOHLZAFPS-UHFFFAOYSA-N,CCN1C(=C/C=C/c2n(CC)c3cc(Cl)c(Cl)cc3[n+]2CC)N(CC)c2cc(Cl)c(Cl)cc21,5353694
DBVJJBKOTRCVKF-UHFFFAOYSA-N,CC(O)(P(=O)(O)O)P(=O)(O)O,3305
JSDBKAHWADVXFU-UHFFFAOYSA-N,Cn1ccc(=O)n(C)c1=O,70122
AFMVESZOYKHDBJ-UHFFFAOYSA-N,OC1c2ccccc2-c2ccccc21,74318
ADKCCGNTHYYZHX-UHFFFAOYSA-N,CC(C)c1cc(Oc2ccccc2)cc(C(C)C)c1N=C=NC(C)(C)C,21760452
YNWXJFQOCHMPCK-LXGDFETPSA-N,O=C(/C=C/c1ccc(O[C@@H]2O[C@H](CO)[C@@H](O)[C@H](O)[C@H]2O)cc1)c1ccc(O)cc1O,5318591
UVMVOFJDJJPWBT-UHFFFAOYSA-N,CCc1c(C)c(O)c(C)c(O)c1C=O,102189647
QJRRBVNPIKYRQJ-UHFFFAOYSA-N,CC(C)CCCCCCCCC(=O)O,75942
XLNIMUOAEAYAMC-SBGKTPPBSA-N,CCCCC/C=C\C/C=C\C/C=C\C/C=C\CCCC(=O)O[C@H](COC(=O)CCCCCCCC/C=C\CCCCCC)COP(=O)([O-])OCC[NH3+],146170888
WKHHFWJJIRCXHA-INIZCTEOSA-N,COc1cc2c(cc1OC)-c1c(OC)c(OC)cc3c1[C@H](C2)[N+](C)(C)CC3,1119124
NQEQTYPJSIEPHW-UHFFFAOYSA-L,O=P([O-])([O-])OCC(O)C(O)c1c[nH]c2ccccc12,25246146
QYBCBMVQSCJMSA-VOMDNODZSA-O,O=C(/C=C/c1ccc(O)cc1)NCCCC[NH2+]CCCNC(=O)/C=C/c1ccc(O)cc1,90659866
NUISVCFZNCYUIM-UHFFFAOYSA-N,CC(C)(C)Nc1nc(N)[nH]c(=O)n1,135612794
WBEBQCINXJDZCX-UHFFFAOYSA-M,CC(C)(C)c1ccc2c(S(=O)(=O)[O-])c(C(C)(C)C)ccc2c1,21756330
PHJWYDVYYCEXDY-UHFFFAOYSA-N,CC(COCOCC1CO1)([N+](=O)[O-])[N+](=O)[O-],24755547
SUWYPNNPLSRNPS-UNTSEYQFSA-N,CC(C)=CCC/C(C)=C/CC/C(=C/CC/C(C)=C/CO)CO,5282197
DTERQYGMUDWYAZ-ZETCQYMHSA-N,CC(=O)NCCCC[C@H]([NH3+])C(=O)[O-],6991978
FFQKYPRQEYGKAF-UHFFFAOYSA-L,NC(=O)OP(=O)([O-])[O-],3423467
KGHLSJONZZZQPJ-KORIGIIASA-N,CC(C)CCCCCCCCC/C=C/[C@@H](O)[C@@H](N)COP(=O)(O)O,70679238
ZQQLMECVOXKFJK-NXCSZAMKSA-L,CCCCCCCCCCCCC/C=C/[C@@H](O)[C@H](COP(=O)([O-])[O-])NC(=O)CCCCCCCCCCCCCCCCC,71296217
JZNWSCPGTDBMEW-RXMQYKEDSA-N,[NH3+]CCOP(=O)([O-])OC[C@H](O)CO,70678815
YBXUUELSZBVEKX-HZTRNQAASA-O,COC(=O)C1=C2Nc3ccccc3[C@@]23CC[NH+]2CC=C[C@@]([C@@H](C)OC(C)=O)(C1)[C@H]23,138911119
YSUCDOHDESCRKD-GXFFZTMASA-N,CCCCNC(=O)[C@H](C)NC(=O)[C@H](N)c1ccc(O)cc1,56927745
WRUAHXANJKHFIL-UHFFFAOYSA-N,O=S(=O)(O)c1cccc(S(=O)(=O)O)c1,7388
HOBAELRKJCKHQD-QNEBEIHSSA-M,CCCCC/C=C\C/C=C\C/C=C\CCCCCCC(=O)[O-],21158448
ONIBWKKTOPOVIA-SCSAIBSYSA-O,O=C(O)[C@H]1CCC[NH2+]1,5460772
JFAXVZXNIGIDDA-KDWXAGHCSA-N,CCC(=O)O[C@@H]1C=C2CC[C@@H]3[C@H](CC[C@]4(C)[C@@H](OC(=O)CC)CC[C@@H]34)[C@H]2CC1,443979
WECGLUPZRHILCT-HZJYTTRNSA-N,CCCCC/C=C\C/C=C\CCCCCCCC(=O)OCC(O)CO,5283469
MWKVXOJATACCCH-UHFFFAOYSA-N,CCOC(=O)C1=NOC(c2ccccc2)(c2ccccc2)C1,6451155
JFHSUEXVHAPNCF-UHFFFAOYSA-N,O=S(=O)(Cc1ccc(O)cc1)Cc1ccc(O)cc1,53952360
RTYDQIKVNMHQMZ-UHFFFAOYSA-N,CC1(O)CC(=O)c2c(cc3cc(O)cc(O)c3c2O)O1,100923872
FJBGIXKIXPUXBY-UHFFFAOYSA-N,CC1(C)COC(C)(CCCc2ccc(Cl)cc2)N1C(=O)n1ccnc1,11348992
KMSOILCOVHEHCE-UHFFFAOYSA-N,COc1cc(O)ccc1N=NC(=O)Cc1ccccc1,135418328
KDYFGRWQOYBRFD-UHFFFAOYSA-L,O=C([O-])CCC(=O)[O-],160419
PCKNFPQPGUWFHO-UHFFFAOYSA-N,O=C(NC(=O)c1c(F)cccc1F)Nc1ccc(CON=C(c2ccc(Cl)cc2)C2CC2)cc1,86309
PJUIMOJAAPLTRJ-UHFFFAOYSA-N,OCC(O)CS,7291
GLTSSBZZNLCFQJ-HKEUSBCWSA-N,N[C@H]1[C@@H](O[C@H]2[C@H](O)[C@@H](O)[C@H](N)C[C@@H]2N)O[C@H](C=O)[C@@H](O)[C@@H]1O,46173949
ZNQKOOLQBLAKFY-OXJNMPFZSA-N,CC[C@H]1[C@H](C(C)C)c2cc(C(=O)CCC(=O)O)c(C)cc2C1(C)C,56927960
KWIUHFFTVRNATP-UHFFFAOYSA-O,C[N+](C)(C)CC(=O)O,248
UEWBRSZKEWLYPN-IZSNWBDOSA-N,C=C(CC[C@@H](C)[C@H]1CC[C@H]2C3=C(CC[C@]12C)[C@@]1(C)CC[C@H](O)C(C)(C)[C@@H]1CC3)C(C)C,12850767
BUZOGVVQWCXXDP-VPENINKCSA-J,Nc1nc2c([nH]c(=O)n2[C@H]2C[C@H](O)[C@@H](COP(=O)([O-])OP(=O)([O-])OP(=O)([O-])[O-])O2)c(=O)[nH]1,135398564
VTKPSXWRUGCOAC-GUBZILKMSA-N,CSCC[C@H](NC(=O)[C@H](C)NC(=O)[C@@H](N)CCSC)C(=O)O,129656953
UWUJGRILHQLZMR-UHFFFAOYSA-N,CCCCCCCCCCCCCCCCCCCCCCC(C(=O)O)C(O)CCCCCCCCCCCCCCCCCC1CC1CCCCCCCCCCCCCCCCC(O)C(C)CCCCCCCCCCCCCCCCCC,91828293
XPOQHMRABVBWPR-ZDUSSCGKSA-N,O=C1Nc2ccc(Cl)cc2[C@@](C#CC2CC2)(C(F)(F)F)O1,64139
RXGRVLKXOCEHND-HTNNJDHISA-N,Nc1cnn(C(=O)/C(O)=C/C=C/C(=O)O)c(=O)c1Cl,54711003
TZDUHAJSIBHXDL-UHFFFAOYSA-N,CC(OC(=O)NCC1(CC(=O)O)CCCCC1)OC(=O)C(C)C,9883933
NJXYMGTXZMAACL-UHFFFAOYSA-M,O=C([O-])c1ccc(C(O)O)o1,86290065
VACHUYIREGFMSP-IRXDYDNUSA-M,CCCCCCCC[C@H](O)[C@@H](O)CCCCCCCC(=O)[O-],25201168
ZVQOOHYFBIDMTQ-ULCDLSAGSA-N,C[C@@H](c1ccc(C(F)(F)F)nc1)[S@@](C)(=O)=NC#N,89261003
FJLGEFLZQAZZCD-MCBHFWOFSA-N,CC(C)n1c(/C=C/[C@@H](O)C[C@@H](O)CC(=O)O)c(-c2ccc(F)cc2)c2ccccc21,446155
XPXBWHGWVJYCKM-UHFFFAOYSA-N,Cc1ccc(S(=O)(=O)CC2(Br)Cc3ccccc3C2=O)cc1,322768
GOEMGAFJFRBGGG-UHFFFAOYSA-N,CCCC(=O)Nc1ccc(OCC(O)CNC(C)C)c(C(C)=O)c1,1978
UKNCIPAJCXMEME-UHFFFAOYSA-L,CCCCc1nc(Cl)c(C(=O)[O-])n1Cc1ccc2oc(-c3ccccc3-c3nnn[n-]3)c(Br)c2c1,146026613
SYVORCSTSYHSPN-NJYNAKMISA-L,O=c1ccn([C@@H]2O[C@H](COP(=O)([O-])OP(=O)([O-])OC3OC[C@](O)(CO)[C@H]3O)[C@@H](O)[C@H]2O)c(=O)[nH]1,46878400
IDPOSZGKQSRDFE-UHFFFAOYSA-L,O=C([O-])c1ccc(N=Nc2ccc(S(=O)(=O)[O-])cc2)cc1,9543124
TZXQUBLGYHZQOH-UHFFFAOYSA-N,CC1=CNC(=O)NC1C1=NC(=O)N=C(N)C1O,118987301
QUMBVGAYXWDALH-UHFFFAOYSA-N,COc1cc(CCC(=O)CCCCc2ccc(O)cc2)ccc1O,45276920
FUIIPNLIVZGYJM-RHENGWIESA-N,C[C@@H]1O[C@@H](OCCCCCCCCCC[C@@H](O)CC(=O)O)[C@H](O)C[C@H]1OC(=O)c1c[nH]c2ccccc12,86289900
UYRCHWLYXIQJKK-HMRRIYTKSA-N,C=C1C[C@]23C[C@H]1CC[C@H]2[C@]1(C(=O)O)CC[C@H](O)[C@@](C)(C(=O)O)[C@H]1[C@@H]3C(=O)O,10883375
PTXGHCGBYMQQIG-UHFFFAOYSA-N,CCCN(CCC)C(=O)C(CCC(=O)OCCCN1CCN(CCOC(=O)Cc2c(C)n(C(=O)c3ccc(Cl)cc3)c3ccc(OC)cc23)CC1)NC(=O)c1ccccc1,4921
CLDZYSUDOQXJOU-UHFFFAOYSA-M,CCN1/C(=C/C=C/C=C/c2oc3ccccc3[n+]2CC)Oc2ccccc21.[I-],5702692
WDOCBIHNYYQINH-UHFFFAOYSA-N,CC(=O)Nc1ccc(S(=O)(=O)c2ccc(N)cc2)cc1,11257
DNDNWOWHUWNBCK-NMIPTCLMSA-N,O=S(=O)(O)O/N=C(\Cc1c[nH]c2ccccc12)S[C@@H]1O[C@H](CO)[C@@H](O)[C@H](O)[C@H]1O,6537198
FJUKDAZEABGEIH-UHFFFAOYSA-N,O=C1NCN(c2ccccc2)C12CCN(CCCOc1ccc(F)cc1)CC2,68186
SLJZVZKQYSKYNV-MSOLQXFVSA-N,N#Cc1ccc([C@@H]([C@H](O)Cc2ccc(F)cc2)n2cncn2)cc1,5494421
ALWYOLKNLLFCAY-GYROAIJESA-N,CC/C=C\C/C=C\C[C@H](O)[C@H](O)/C=C/C=C/C=C\C/C=C\CCC(=O)O,101894912
RCTXOTTXFKSGGU-SEYXRHQNSA-M,CCCCCCCC/C=C\CCCCCCCC(=O)OC(CCCCC)CCCCCCCCCCCC(=O)[O-],126456512
CTOILUIGUWLSNU-MODGHMJQSA-N,CC(=O)N[C@@H]1[C@@H](O)[C@H](O[C@@H]2O[C@@H](C(=O)O)[C@@H](O)[C@H](O)[C@H]2O)[C@@H](CO)O[C@@H]1O,91858778
UPZKDDJKJWYWHQ-UHFFFAOYSA-O,Nc1ccc2c(-c3ccccc3C(=O)O)c3ccc(=[NH2+])cc-3oc2c1,3428255
RNBGYGVWRKECFJ-VRPWFDPXSA-J,O=P([O-])([O-])OC[C@H]1OC(O)(COP(=O)([O-])[O-])[C@@H](O)[C@@H]1O,21125049
IPEHBUMCGVEMRF-UHFFFAOYSA-N,NC(=O)c1cnccn1,1046
ZPJMUNXMKJHRFH-NWYCBROKSA-N,CCCCC/C=C\C/C=C\C/C=C\C/C=C\CCCC(=O)O[C@H](COC(=O)CCCCC/C=C\CCCCCCCC)COP(=O)([O-])OCC[N+](C)(C)C,24779264
VQPRNSWQIAHPMS-HNNXBMFYSA-N,CN(C)c1cccc2c(S(=O)(=O)NCCCC[C@H](N)C(=O)O)cccc12,121945
PLPVRWUZGSFJJB-UPHRSURJSA-L,O=C([O-])/C(Cl)=C/C(=O)C(Cl)C(=O)[O-],11966251
JLZAERUVCODZQO-VWCUIIQSSA-N,CC(=O)O[C@H]1CC[C@]2(C=O)[C@H]3CC[C@]4(C)[C@@H](C5=CC(=O)OC5)CC[C@]4(O)[C@@H]3CC[C@]2(O)C1,261075
AEPRVLRKSXEZQJ-UIJXAYEMSA-N,CCCCCCCCCCCCCCCC(=O)N[C@@H](COP(=O)([O-])OCC[N+](C)(C)C)[C@H](O)[C@H](O)CCCCCCCCCCCCCC,86289614
HZSAJDVWZRBGIF-UHFFFAOYSA-N,Cc1ncc(C[n+]2csc(CCOP(=O)([O-])O)c2C)c(N)n1,3382778
DPWLWTOLQTUIJL-UHFFFAOYSA-N,CSCCCCCCCC(NO)C(=O)O,25010742
IWTBVKIGCDZRPL-UHFFFAOYSA-N,CCC(C)CCO,11508
MEFPHTVXBPLRLX-CBEPRAPJSA-M,CSCCCCC/C(=N/OS(=O)(=O)[O-])S[C@@H]1O[C@H](CO)[C@@H](O)[C@H](O)[C@H]1O,20843360
FCXZBWSIAGGPCB-UHFFFAOYSA-N,CC(=O)OCCC(N)C(=O)O,528
NRPKURNSADTHLJ-UHFFFAOYSA-N,CCCCCCCCOC(=O)c1cc(O)c(O)c(O)c1,61253
OTZRAYGBFWZKMX-DVFCZEDWSA-N,CCCCC/C=C\C/C=C/C=C/C=C/[C@@H](SC[C@H](N)C(=O)O)[C@@H](O)CCCC(=O)O,5283136
CEJANLKHJMMNQB-UHFFFAOYSA-M,CCN1C=C/C(=C\C=C\c2cc[n+](CC)c3ccccc23)c2ccccc21.[I-],5351156
PBJUNZJWGZTSKL-MRXNPFEDSA-O,Cc1ccsc1C(=CCC[NH+]1CCC[C@@H](C(=O)O)C1)c1sccc1C,24848263
QJJDNZGPQDGNDX-UHFFFAOYSA-N,CC(=O)CCC1=C(C)CCCC1(C)C,519382
KWIUHFFTVRNATP-UHFFFAOYSA-N,C[N+](C)(C)CC(=O)[O-],247
VHTQQDXPNUTMNB-ARJAWSKDSA-M,C=C/C=C(\[O-])C(=O)O,54713710
IUOKJNROJISWRO-BONVTDFDSA-N,CC(C)[C@](C)(C#N)NC(=O)[C@H](C)Oc1ccc(Cl)cc1Cl,76965275
SLUHIPBDKNKIQI-UHFFFAOYSA-N,COc1cc(COC(C)=O)cc(OC)c1OC(C)=O,13962977
WQVUTPCQFPRZNW-UHFFFAOYSA-N,O=C(CNCC(O)c1ccccc1Cl)NCc1ccccc1F,50982919
WRMRXPASUROZGT-UHFFFAOYSA-N,CCNCC(=O)Nc1c(C)cccc1C,24415
GQLVRVYXAHDDLB-PJFSTRORSA-N,COc1cc2c(cc1O)[C@H](c1ccc(O)c(O)c1)[C@@H](CO)[C@H](CO)C2,9841162
UFMHYBVQZSPWSS-UHFFFAOYSA-N,CCCCCCCCCCCCCCCCCC(O)C(N)CO,14048931
ZFLDWYJOQSXISF-REOHCLBHSA-N,NC(=O)NOC[C@H]([NH3+])C(=O)[O-],71464513
LVCMXFSJTNPFHH-YUJSZCEWSA-L,CC1=C(/C=C/C(C)=C/C=C/C(C)=C/C(=O)[O-])C(C)(C)CCC1O[C@@H]1O[C@H](C(=O)[O-])[C@@H](O)[C@H](O)[C@H]1O,131953095
ZCTNPCRBEWXCGP-UHFFFAOYSA-N,O=c1c(-c2ccc(O)cc2O)coc2cc(O)ccc12,5280520
BVRDNJZFYKHRJQ-CWFCOSEVSA-N,C=C1C(=O)O[C@@H]2[C@@H]3[C@](C)(CCC[C@@]3(C)O)CC[C@@H]12,160153
VEKAJHBFBMWJKI-ONEGZZNKSA-N,COc1cc(/C=C/C=O)ccc1OC(C)=O,5893006
JVHXJTBJCFBINQ-ADAARDCZSA-N,CCOc1ccc(Cc2cc([C@@H]3O[C@H](CO)[C@@H](O)[C@H](O)[C@H]3O)ccc2Cl)cc1,9887712
RJYIZTVVOPZJCP-UHFFFAOYSA-N,COc1c(C)c(O)c(C)c2occ(-c3ccccc3)c(=O)c12,49831443
XISWFGALECMDCV-UHFFFAOYSA-N,[Fe].[cH-]1[cH-][cH-][cH-][cH-]1.c1cc[cH-]c1,11985121
WYCMUVNNXSREQB-AZOGICFMSA-N,CC[C@H](O)C(O)/C=C/C=C/C=C\C/C=C\C/C=C\CCCC(=O)O,72204623
BFAJHARTSOPNFL-YFKPBYRVSA-N,CNC(=O)N(O)CCC[C@H]([NH3+])C(=O)[O-],137553763
HZDCAHRLLXEQFY-UHFFFAOYSA-N,CNCCOP(=O)(O)O,439436
VNYSSYRCGWBHLG-UKNWISKWSA-M,CCCCC/C=C\C[C@@H](O)/C=C/C=C/C=C/[C@@H](O)CCCC(=O)[O-],102571792
BVWNFYIRLQDZHV-QSNPKDTKSA-N,COc1ccc([C@@H]2C[C@@H]3O[C@H]4[C@H](Oc5c(C)c(O)c(C)c(c53)O2)O[C@H](CO)[C@@H](O)[C@@H]4O)cc1,11691140
FGYKUFVNYVMTAM-WAZJVIJMSA-N,CC(C)=CCC/C(C)=C/CC/C(C)=C/CC[C@]1(C)CCc2c(C)c(O)cc(C)c2O1,5282348
GPAJSFBFHYEBLX-HVZYHUFESA-N,C[C@]12C[C@@H](O)[C@H]3[C@@H](CC[C@]4(O)C[C@@H](O)C[C@@H](O)[C@]34CO)[C@@]1(O)CC[C@@H]2C1COC(=O)C1,145864751
XTDORSAGLFPXGX-IBGZPJMESA-N,COc1cc(O)c(CC=C(C)C)cc1C(=O)[C@@H](O)Cc1ccc(O)cc1,25243322
QEOWCPFWLCIQSL-UHFFFAOYSA-O,COc1cc2c(cc1OC)C1Cc3cc(OC)c(OC)cc3C(C2)[NH+]1C,53448615
DCWXELXMIBXGTH-UHFFFAOYSA-L,[NH3+]C(Cc1ccc(OP(=O)([O-])[O-])cc1)C(=O)[O-],71627201
XDSSPSLGNGIIHP-GSVOUGTGSA-N,C[Se]C[C@@H](N)C(=O)O,6603933
DUSHUSLJJMDGTE-ZJPMUUANSA-N,CC(=O)[C@@]1(O)CC[C@H]2[C@@H]3C=C(Cl)C4=CC(=O)[C@@H]5C[C@@H]5[C@]4(C)[C@H]3CC[C@@]21C,5284537
ZUNBITIXDCPNSD-LSRJEVITSA-O,C[S+](CCC[NH3+])C[C@H]1O[C@@H](n2cnc3c(N)ncnc32)[C@H](O)[C@@H]1O,25203490
HVZYIHBMRFYBRI-UHFFFAOYSA-N,O=C(O)c1ccc2c(O)ccc(O)c2c1,14278030
ANCSMTDJGPZSRP-ZKQYTOOUSA-N,CC(=O)O[C@@H]1O[C@@H]([C@H]2c3cccc(O)c3C(=O)c3c(O)cc(C)cc32)[C@H](O)[C@@H](O)[C@H]1O,16736655
ZCCIPPOKBCJFDN-UHFFFAOYSA-N,O=[N+]([O-])[O-].O=[N+]([O-])[O-].[Ca+2],24963
LSRAJKPAPWYOQO-JGLDSSSWSA-N,OC[C@@H](O)[C@@H](O)[C@H](O)[C@@H](CO)O[C@H]1O[C@H](CO)[C@@H](O)[C@H](O)[C@@H]1O,91847674
GDIGGEUWHKJEEK-IIVMXCGDSA-N,CC[C@H](OC)[C@H](C)CCCC[C@@H](O)C[C@@H](O)CCCCCCCCCCCCCCCCCCc1ccc(O)cc1,45266796
HSUGRBWQSSZJOP-UHFFFAOYSA-N,COc1ccc(C2Sc3ccccc3N(CCN(C)C)C(=O)C2OC(C)=O)cc1,3076
FOOBQHKMWYGHCE-UWVGGRQHSA-O,C[N+](C)(C)[C@@H](CCc1ncc(C[C@H](N)C(=O)O)[nH]1)C(N)=O,46936613
FPXPQMOQWJZYBL-UHFFFAOYSA-M,O=S(=O)([O-])Oc1ccc(O)cc1,14767563
FATBGEAMYMYZAF-KTKRTIGZSA-N,CCCCCCCC/C=C\CCCCCCCC(N)=O,5283387
UGVBFHUWZNNKIK-QGZVFWFLSA-O,CCCCCCCCCCCCCCC[C@@H](O)C[NH3+],70678811
VPGPQVKJUYKKNN-LDIADDGTSA-N,C/C=C\C=C(/O)C(=O)O,5281908
YHKBGVDUSSWOAB-UHFFFAOYSA-N,Cc1nn(-c2cc(CC(Cl)C(=O)O)c(Cl)cc2F)c(=O)n1C(F)F,443229
GGCUJPCCTQNTJF-NAXRMXIQSA-M,CC1=C(/C=C/C(C)=C\C=C\C(C)=C\C(=O)[O-])C(C)(C)CCC1=O,29982675
BXRMEWOQUXOLDH-UHFFFAOYSA-N,COC(=O)C(N)Cc1cnc[nH]1,437593
CRMOMCHYBNOFIV-BDXSIMOUSA-N,C[C@@]12C=CC[C@H]1[C@@H]1CCc3cc(O)ccc3[C@H]1CC2,101988
GJAWBMICLYCJAQ-UHFFFAOYSA-N,CC(NCC(=O)Nc1cnccn1)c1ccccc1-n1cccn1,50962125
MLILORUFDVLTSP-UHFFFAOYSA-N,CCOCn1c(Cc2ccccc2)c(C(C)C)c(=O)[nH]c1=O,65013
OSLJXGPVHCLGHU-XFIYOXNOSA-N,C[C@@]1(CO)CCC[C@]2(C)[C@@H](CCO)[C@](C)(O)CC[C@@H]12,13854967
HKQYGTCOTHHOMP-UHFFFAOYSA-M,COc1ccc(-c2coc3cc([O-])ccc3c2=O)cc1,86289331
XSQYWMLMQVUWSF-KATWBKOUSA-N,CC(C)(O)[C@H]1CC[C@@](C)([C@H]2CC[C@]3(C)[C@@H]2CC[C@@H]2[C@@]4(C)CCC(=O)C(C)(C)[C@@H]4CC[C@]23C)O1,12313665
PLJAVYDLNJODGD-NZJLWHDDSA-N,O=P(O)(O)OC[C@@H](CO)O[C@H]1O[C@H](CO)[C@@H](O)[C@H](O)[C@H]1O,90658884
UPMCJHRCQLXGPP-GOZBUJHGSA-N,C=C(CC[C@@H](C)[C@H]1CC[C@H]2C3=C(CC[C@]12C)[C@@]1(C)CC[C@H](O)C[C@@H]1C(=O)O3)C(C)C,50899854
BHYOQNUELFTYRT-DPAQBDIFSA-N,CC(C)CCC[C@@H](C)[C@H]1CC[C@H]2[C@@H]3CC=C4C[C@@H](OS(=O)(=O)O)CC[C@]4(C)[C@H]3CC[C@]12C,65076
CIFXLTLZYCPTJK-UHFFFAOYSA-L,CCCCCC(=O)c1c(O)cc2c(c1[O-])C(=O)c1c([O-])cc(O)cc1C2,46926144
WNTGJRDWTGWZJM-WPRPVWTQSA-N,COc1cc2c(cc1O)C(=O)[C@@H](CO)[C@H](CO)C2,50993828
HCEYJYMNIQHPPK-DXTZDJJUSA-N,CC1(C)C(=O)C=C[C@]2(C)[C@H]3CC[C@@]4(C)[C@H](c5ccoc5)OC(=O)[C@H]5O[C@]54[C@]3(C)[C@H](O)C[C@@H]12,3034112
MKJIEFSOBYUXJB-UHFFFAOYSA-N,COc1cc2c(cc1OC)C1CC(=O)C(CC(C)C)CN1CC2,6018
CYHOMWAPJJPNMW-DHBOJHSNSA-O,C[NH+]1[C@@H]2CC[C@H]1CC(O)C2,11859618
JSFOGZGIBIQRPU-UHFFFAOYSA-N,CC1(C)C(=O)N(c2ccc(C#N)c(C(F)(F)F)c2)C(=S)N1c1ccc(C(N)=O)c(F)c1,70678916
ZLNQQNXFFQJAID-UHFFFAOYSA-L,O=C([O-])[O-].[Mg+2],11029
ATHGHQPFGPMSJY-UHFFFAOYSA-N,NCCCCNCCCN,1102
UWDDUVCTGLMPMN-UHFFFAOYSA-N,NCCOCCNC(=O)c1ccc(C2CCC(c3ccccc3)CC2O)cc1,70698385
GSXXKILAEILYRX-JRSSMJHLSA-N,C[C@@H]1C[C@@H](O)[C@@H](O)/C=C/[C@@H]2O[C@@H]2C(=O)O1,24879663
BHQRCCUOSHDJQC-UHFFFAOYSA-N,COC(=O)c1ccc(OC(C)=O)c(OC)c1,602779
KMMBBZOSQNLLMN-UHFFFAOYSA-N,Cc1c(-c2ccccc2)oc2c(C(=O)O)cccc2c1=O,77016
HAEJPQIATWHALX-KQYNXXCUSA-N,O=c1[nH]cnc2c1ncn2[C@@H]1O[C@H](COP(=O)(O)OP(=O)(O)OP(=O)(O)O)[C@@H](O)[C@H]1O,135398643
MEACACCQPBWCOO-UHFFFAOYSA-M,O=C(O)CCc1c([O-])cc(C(=O)O)[nH]c1=O,54690914
VRHRGVJOUHJULC-UHFFFAOYSA-N,CCCC(C)CC(C)CC,139989
HSUGRBWQSSZJOP-LEWJYISDSA-N,COc1ccc([C@H]2Sc3ccccc3N(CCN(C)C)C(=O)[C@H]2OC(C)=O)cc1,198107
NHRGJVVEKNHIIE-KWJCNBFNSA-N,C=C1/C(=C\C=C2/CCC[C@]3(C)[C@@H]([C@H](C)C[C@H](O)CC(C)(C)O)CC[C@@H]23)C[C@@H](O)C[C@@H]1O,9547450
NIXXQNOQHKNPEJ-UHFFFAOYSA-N,Nc1cc(Cl)nc(C(=O)O)c1Cl,213012
ZCJYUTQZBAIHBS-XMMPIXPASA-N,Clc1ccc([C@@H](Cn2ccnc2)OCc2ccc(Sc3ccccc3)cc2)c(Cl)c1,36688220
NBIIXXVUZAFLBC-UHFFFAOYSA-M,O=P([O-])(O)O,1003
JBJSVEVEEGOEBZ-SCZZXKLOSA-N,C[C@@H](OP(=O)(O)O)[C@H](NC(=O)CCCCCCS)C(=O)O,5462265
JZMJDSHXVKJFKW-UHFFFAOYSA-N,COS(=O)(=O)O,6412
MMVQTVRCJUHCSV-UHFFFAOYSA-N,COC1=C(C)C(=O)c2c(O)cc(O)cc2C1=O,85888829
BIIIEBBIUJYGBZ-WBVITSLISA-N,CCCCCCCCCCCCCCCCCCCCCC(=O)O[C@H](COCCCCCCCCCCCCCCCC)COP(=O)([O-])OCC[N+](C)(C)C,24779301
PVWNFAGYFUUDRC-UHFFFAOYSA-N,Cc1ncc(CNC=O)c(N)n1,597195
KCFRUUYAXCDZNZ-UHFFFAOYSA-M,CCCCCCCCCCCC(=O)NCCS(=O)(=O)[O-],18007039
LMNZTLDVJIUSHT-UHFFFAOYSA-N,COP(=S)(OC)SCN1C(=O)c2ccccc2C1=O,12901
AHLPHDHHMVZTML-UHFFFAOYSA-N,NCCCC(N)C(=O)O,389
PUVHMWJJTITUGO-IJWFGGTCSA-N,O=P(O)(O)O[C@@H]1C(O)[C@H](OP(=O)(O)O)[C@@H](O)C(O)[C@@H]1O,13830699
OUYCCCASQSFEME-QMMMGPOBSA-N,[NH3+][C@@H](Cc1ccc(O)cc1)C(=O)[O-],6942100
YBDUXZKWDIUNSG-JPNUPGBZSA-N,C=CC(C)(O)CC[C@]1(C)[C@@H](C)CC[C@]2(C)C(C)=CCC[C@@H]12,102335043
VFLUXFSSKVKHEL-YFGCDSKSSA-N,C[C@@H]1OC(O)[C@@H](O)[C@H](O)[C@@H]1O[C@H]1O[C@H](CO)[C@H](O)[C@H](O)[C@H]1O,91855584
YKNNBQKAAWCISH-UHFFFAOYSA-N,CC(C(=O)N1c2ccccc2Sc2ccccc21)[N+]1(C)CCCC1,71494
OZQAPQSEYFAMCY-QLFBSQMISA-N,C=C(C)[C@@H]1CC[C@@]2(C)CCC=C(C)[C@@H]2C1,10856614
MPYHGNAJOKCMAQ-MRXNPFEDSA-O,COc1ccc(C[C@@H]2c3cc(OC)c(OC)cc3CC[NH+]2C)cc1O,6947029
PMIVQUCENWNWHX-YFKPBYRVSA-L,O=C([O-])CNC(=O)[C@H](CS)NC(=O)CCC(=O)C(=O)[O-],129320325
SORYERHBQFTRIK-JMQTVVQQSA-N,C=C1C(=O)O[C@H]2/C=C(\C)CC/C=C(\C(=O)O)CC/C=C(\C)CC[C@@H]12,6475568
BUQICHWNXBIBOG-LMVFSUKVSA-N,C[C@H]([NH3+])C(=O)N[C@H](C(=O)[O-])[C@@H](C)O,7006473
OJQMKCBWYCWFPU-UHFFFAOYSA-N,CC(C)N(CCCCOCC(=O)O)c1cnc(-c2ccccc2)c(-c2ccccc2)n1,9931891
SVRBKLJIDJHADS-USWSLJGRSA-N,CCCCC/C=C\C/C=C\CCCCCCCC(=O)O[C@H](CO)COP(=O)(O)OCCN,53480926
ATRNZOYKSNPPBF-ZDUSSCGKSA-M,CCCCCCCCCCC[C@H](O)CC(=O)[O-],129900401
GGJFWMOVUFBSIN-AIRLBKTGSA-O,C[Se+](CC[C@H]([NH3+])C(=O)[O-])C[C@H]1O[C@@H](n2cnc3c(N)ncnc32)[C@H](O)[C@@H]1O,52921643
MHAIQEGJDLCDNU-KUYJPBLDSA-N,C[C@H](CCC[C@@H](C)C=O)[C@H]1CC[C@H]2[C@@H]3CC=C4[C@@H](O)[C@@H](O)CC[C@]4(C)[C@H]3CC[C@]12C,91825746
HYOWLYSRZAXTMZ-LVNBRUMHSA-N,OC[C@@H](O)[C@@H]1O[C@H](O[C@H]2C(O)O[C@H](CO)[C@H](O)[C@@H]2O)[C@H](O)[C@H]1O,71298169
NVQGQHXFWUBOAU-KTKRTIGZSA-N,CCCCCCCC/C=C\CCCCCCCCCCCCCC(=O)OCC(O)CO,45934134
XSJOIRFEYHJNAW-FCKHSPHMSA-N,CC(/C=C/C1=C(CO)CCCC1(C)C)=C\C=C\C(C)=C\C(=O)O,6506224
JOVOSQBPPZZESK-UHFFFAOYSA-N,Cl.NNc1ccccc1,60962
XJGFWWJLMVZSIG-UHFFFAOYSA-O,Nc1c2ccccc2[nH+]c2ccccc12,5124248
BKNLTEGIZABDRD-WTXRHHDWSA-N,CCCCCCCCCCCCCCCC(O)C(=O)N[C@@H](COP(=O)([O-])OCC[N+](C)(C)C)[C@H](O)/C=C/CCCCCCCCCC(C)C,70679179
UGPOBASOHYMNAK-UHFFFAOYSA-M,COc1cc(-c2cc(=O)c3c(O)cc(O)cc3o2)cc(O)c1[O-],46878515
JLQNHALFVCURHW-UHFFFAOYSA-N,S1SSSSSSS1,66348
DLGJWSVWTWEWBJ-ZDLRKIOHSA-N,CC(=O)N[C@H]1C(O)O[C@H](CO)[C@@H](O)[C@@H]1O[C@@H]1OC(C(=O)O)=C[C@H](O)[C@H]1O,14122923
SKLQQURDEJYWEY-UHFFFAOYSA-N,O=C1C=C(Cl)C(=Nc2ccccc2CC(=O)O)C(Cl)=C1,46224573
MCKWHVMNQVXLMH-PKBBWAGBSA-N,CCCCC[C@H](O)/C=C/[C@@H]1[C@@H](C/C=C\CCCC(=O)OC(CO)CO)[C@@H](O)C[C@H]1O,10274197
GSLDEZOOOSBFGP-UHFFFAOYSA-N,C=C1CCOC1=O,68352
ABMMIOIRQJNRHG-XKNYDFJKSA-N,NC(=O)C[C@H](NC(=O)[C@@H](N)CC(N)=O)C(=O)N1CCC[C@H]1C(=O)N[C@@H](CO)C(=O)O,71464612
QYYVKSXGFHDBFT-WRWCHPBISA-N,CC/C=C\C/C=C\C/C=C\CC1OC1C/C=C\CCCCCC(=O)O,122391351
OOLLAFOLCSJHRE-ZHAKMVSLSA-N,CC(=O)O[C@]1(C(C)=O)CC[C@H]2[C@@H]3CCC4=CC(=O)CCC4=C3[C@@H](c3ccc(N(C)C)cc3)C[C@@]21C,130904
QGGZBXOADPVUPN-UHFFFAOYSA-N,O=C(CCc1ccccc1)c1ccccc1,64802
ITTGOTHIEJWVDA-FMMXMNMWSA-N,CCCCC/C=C\C/C=C\C/C=C\CCCCCCC(=O)O[C@H](COCCCCCCCCCCCCCCCCCC)COP(=O)([O-])OCC[N+](C)(C)C,52923798
ZQSUAGVTKAZDJV-CHWSQXEVSA-N,COc1cc(CO)c(-c2ccc3c(c2O)[C@@H](C)N[C@H](C)C3)c2cccc(O)c12,185971
ZZBNLFUDCSYRKU-AVZIUENRSA-N,CC1CC1/C=C/[C@@H](C)[C@H]1CC[C@H]2[C@@H]3CCc4cc(O)ccc4[C@H]3CC[C@]12C,51041305
MBDKGXAMSZIDKF-VJIACCKLSA-M,CCCCCCCC/C=C\CCCCCCCC(=O)N[C@@H](CO)C(=O)[O-],122391300
FQZBGGYKEFIGPO-MSUUIHNZSA-M,CCCCCCCC/C=C\CCCCCCCC(=O)OC(CCCCCCCCCCCCC)CCCC(=O)[O-],126456527
MUBZPKHOEPUJKR-UHFFFAOYSA-L,O=C([O-])C(=O)[O-],71081
XWMBSXFOZPVNQH-UHFFFAOYSA-N,Cc1onc(-c2ccccc2)c1-c1ccnc(N)n1,2745721
WFKPHYKFAOXUTI-UHFFFAOYSA-N,CC(=O)Nc1ccccc1C(N)=O,118553
NRJAVPSFFCBXDT-HUESYALOSA-N,CCCCCCCCCCCCCCCCCC(=O)OC[C@H](COP(=O)([O-])OCC[N+](C)(C)C)OC(=O)CCCCCCCCCCCCCCCCC,94190
DLRAWGGINAZULN-UHFFFAOYSA-N,COc1cc(CCc2ccc(O)cc2)cc(OC)c1O,442701
PFTAWBLQPZVEMU-UKRRQHHQSA-N,Oc1cc(O)c2c(c1)O[C@H](c1ccc(O)c(O)c1)[C@H](O)C2,72276
CAEFEWVYEZABLA-UUOKFMHZSA-J,O=c1[nH]c(=O)c2ncn([C@@H]3O[C@H](COP(=O)([O-])OP(=O)([O-])OP(=O)([O-])[O-])[C@@H](O)[C@H]3O)c2[nH]1,25245622
ACGUYXCXAPNIKK-UHFFFAOYSA-N,Oc1c(Cl)cc(Cl)c(Cl)c1Cc1c(O)c(Cl)cc(Cl)c1Cl,3598
NGEWQZIDQIYUNV-UHFFFAOYSA-N,CC(C)C(O)C(=O)O,99823
QAOWNCQODCNURD-UHFFFAOYSA-M,O=S(=O)([O-])O,61778
ZHEHVZXPFVXKEY-RUAOOFDTSA-N,CCCCCCOC(=O)[C@]1(O)C[C@@H]2O[C@@]1(C)n1c3ccccc3c3c4c(c5c6ccccc6n2c5c31)C(=O)NC4,454202
CXDIKCDVBUPCCG-HCCKYKKOSA-N,CCCCC[C@@H](/C=C/C=C\C=C\[C@H](C/C=C\CCCC(=O)O)OO)OO,52921888
LXJXRIRHZLFYRP-VKHMYHEASA-N,O=C[C@H](O)COP(=O)(O)O,439168
HVGYHDAURCWJGF-VIFPVBQESA-N,N[C@@H](CC1=C[NH+]c2ccccc21)C(=O)O,5460849
FOCMUGWJSGFMRN-UHFFFAOYSA-N,O=P(O)(O)[Se],11240651
VWEDZTZAXHMZIL-UHFFFAOYSA-N,COc1cc(CCNCc2ccccc2O)c(OC)cc1C#N,90489020
TVIDDXQYHWJXFK-UHFFFAOYSA-L,O=C([O-])CCCCCCCCCCC(=O)[O-],6991984
AKHDQNNOJBGYAP-VVVCHXIZSA-N,COC1=CC(=O)C([C@@H](C)[C@@H](O)c2ccc(OC)c(O)c2)=CC1=O,53354911
BSLYZLYLUUIFGZ-JRUDBKCSSA-N,CC(C)CCC[C@@H](C)[C@H]1CC[C@@]2(C)[C@@H]3CC[C@H]4C(C)(C)CCC[C@@]45C[C@@]35CC[C@]12C,160497
DUUKOTRWWRPSNV-UHFFFAOYSA-N,O=C(O)CCCCCCCC(=O)OC1OC(CO)C(O)C(O)C1O,135563659
LJBSAUIFGPSHCN-UHFFFAOYSA-N,CN(Cc1ccc(C(C)(C)C)cc1)Cc1cccc2ccccc12.Cl,443867
ICBYOMZTPOFWIV-QJDRYTGRSA-N,CCCCCCCCCCCCCCCCCC/C=C\CCCCCCCC/C=C\CCCCCCCCCCCCCCCCCCC[C@@H](O)[C@@H](CCCCCCCC)C(=O)O,45480618
ZKLREJQHRKUJHD-JKSUJKDBSA-O,CCCCCCCCCCCCC[C@@H](O)[C@@H]([NH3+])CO,70679052
PCBKWKNYISJGPJ-BUHFOSPRSA-N,CCCCCCCCCCCC/C=C/CC(=O)O,5312418
DKGYTSKPMLWLEI-FIZOKRMRSA-M,C[C@H]1CC[C@@H]2C(C(=O)[O-])=CO[C@@H](O)[C@@H]21,25203532
UXNHAIRVTPGNPL-KVTDHHQDSA-I,CP(=O)([O-])O[C@H]1O[C@H](COP(=O)([O-])OP(=O)([O-])OP(=O)([O-])[O-])[C@@H](O)[C@H]1O,70678977
PGKKGBQMNNEIHV-PFONDFGASA-M,CCCCCCCC/C=C\CCCCCCCC(=O)OC(CCCCCCCCC)CCCCCCCC(=O)[O-],126456510
WXNXCEHXYPACJF-SSDOTTSWSA-N,CC(=O)N[C@H](CC(C)C)C(=O)O,1241420
GWUSZQUVEVMBPI-UHFFFAOYSA-N,CN1C(=O)CN=C(c2ccccc2)c2cc([N+](=O)[O-])ccc21,4496
BGVXBZXEFXMRGJ-DPOFWPLISA-N,CC(C)=CCC/C(C)=C/CC/C(C)=C/CC/C(C)=C/CC/C=C(\C)CC/C=C(\C)CC/C=C(\C)CCC=C(C)C,5365816
JFISYPWOVQNHLS-VJYDLUETSA-N,CCCCCCCC/C=C\CCCCCCCC(=O)OC[C@@H](COC(=O)CCCCCCCCCCCCCCC)OC(=O)CCCCCCC/C=C\CCCCCCCC,6442384
CQLRUIIRRZYHHS-VRUXIHJPSA-N,COc1cc(-c2oc3cc(O)cc(O)c3c(=O)c2O[C@H]2O[C@@H](CO)[C@@H](O)[C@@H](O)[C@@H]2O)ccc1O,42433476
IWDBEHWZGDSFHR-BTJKTKAUSA-N,CSc1ccc2c(c1)C(N1CCN(C)CC1)Cc1ccccc1S2.O=C(O)/C=C\C(=O)O,5358812
FASDKYOPVNHBLU-ZETCQYMHSA-P,CCC[NH2+][C@H]1CCc2[nH+]c(N)sc2C1,24848344
JZECOIINDLDHBV-BBRMVZONSA-N,Cc1ccc2c(c1)CC[C@H]1CC(=O)CC[C@]21C,6708561
HZDDMDAKGIRCPP-SNAWJCMRSA-N,COc1cc(/C=C/CO)cc(OC)c1OC,6436306
BTUAGFOIXNSRQC-ZCKJOQFBSA-N,Cc1cccnc1/C=C/C=C/[C@H](O)[C@@H](C)O,25154887
GQFJDWYHPRLNHR-UHFFFAOYSA-M,CCn1c(C)cc(=O)c(C(=O)[O-])c1-c1ccc(Cl)cc1,121596232
ALVRYIMWRLMAGB-DBXJBYPCSA-N,C/C(=C\CC/C(C)=C/CC/C(C)=C/CC/C(C)=C/C(=O)O)CO,86583469
CESZWWHNRSDDNY-ZZLPTCMGSA-N,C[C@@H]1O[C@@H](OCCCCCCCCCCCCCCCCC(=O)O)[C@H](O)C[C@H]1O,86289790
WHCJUIFHMJFEFZ-UIAUGNHASA-N,CC(=O)N[C@@H]1[C@@H](O)[C@@H](OS(=O)(=O)O)[C@@H](CO)O[C@H]1O,446101
VSLYDEOWNYWHNR-YIEJHWNISA-N,C=CCO[C@]1(C(=O)O)C[C@@H](O[C@]2(C(=O)O)C[C@@H](O)[C@@H](O)[C@@H]([C@H](O)CO)O2)C=C([C@H](O)CO)O1,70789001
KZNQNBZMBZJQJO-YFKPBYRVSA-N,NCC(=O)N1CCC[C@H]1C(=O)O,3013625
UCRMFRXIRGKEPT-NGVCODNXSA-N,C=C(C)[C@@H]1CC=C(C)[C@H](CC[C@H]2C(=C)CC[C@H]3C(C)(C)[C@@H](O)CC[C@]23C)[C@@]1(C)CCC(=O)OC,21635001
VAKFRAZWNDUNDE-UHFFFAOYSA-M,CC(=O)CC(=O)CC(=O)C(=O)[O-],9543053
SDWZWUUOXFFJSA-NSCUHMNNSA-N,C/C=C/c1ccc2oc(-c3ccc(O)cc3O)cc2c1,10355545
NOOCSNJCXJYGPE-UHFFFAOYSA-N,Cc1c(Nc2ncccc2C(=O)O)cccc1C(F)(F)F,38081
JOSXCARTDOQGLV-UHFFFAOYSA-N,O=C(O)CCCCCCCCCCCCCO,3084276
PGQGHRFGAAUNBD-FNORWQNLSA-N,C=CC(O)CC#CC(O)/C=C/CC,121232665
DKILHSLDAKXHHE-ASQNABRVSA-N,CN1C(=O)[C@@H]2[C@H](C1=O)[C@]1(Cl)C(Cl)=C(Cl)[C@@]2(Cl)C1(Cl)Cl,444707
OIUBYZLTFSLSBY-HMGRVEAOSA-N,O=c1c(O)c(-c2ccc(O[C@@H]3O[C@H](CO)[C@@H](O)[C@H](O)[C@H]3O)c(O)c2)oc2cc(O)cc(O)c12,5320844
WLHQSAYHIOPMMJ-UOQFGJKXSA-N,CC(C)CCC[C@@H](C)[C@H]1CC[C@H]2[C@@H]3C(N)C=C4C[C@@H](O)CC[C@]4(C)[C@H]3CC[C@]12C,133019
FZIWWMBARQNGJH-YEOGOCOXSA-M,O=C[C@H](O)[C@@H](O[C@@H]1O[C@H](CO)[C@@H](O)[C@H](O)[C@H]1O)[C@H](O)[C@H](O)C(=O)[O-],72715800
OIRDTQYFTABQOQ-UHTZMRCNSA-N,Nc1ncnc2c1ncn2[C@@H]1O[C@H](CO)[C@@H](O)[C@@H]1O,21704
JHEDABDMLBOYRG-RIGMPVOTSA-L,C[C@H]1OC(OP(=O)([O-])OP(=O)([O-])OC[C@H]2O[C@@H](n3ccc(N)nc3=O)[C@H](O)[C@@H]2O)[C@H](O)C[C@H]1O,46878413
VBENIJLFKRPAAF-UHFFFAOYSA-N,O=C(CCc1ccccc1)c1c(O)c(Cc2ccccc2O)c(O)c2c1Oc1ccccc1C2,10411554
IBTVIYOZSFOEBW-OWYOPICZSA-N,Cc1c2c(c(O)c3c(O)cccc13)C(=O)[C@]1(O)C(O)=C(C(N)=O)C(=O)[C@@H](N)[C@@H]1C2,54675782
OVBKVWSHXDCSTK-UHFFFAOYSA-M,O=C([O-])CCCCCCCCCCCCCCCCCCCCCCCO,26120008
FJZJTEHPYMIMST-CYBMUJFWSA-N,CC(C)=CCc1c(-c2ccc(O)cc2O)oc2c3c(cc(O)c2c1=O)O[C@H](C)C3(C)C,54583211
AOKQNZVJJXPUQA-KQYNXXCUSA-M,Cn1c[n+]([C@@H]2O[C@H](COP(=O)([O-])[O-])[C@@H](O)[C@H]2O)c2nc(N)[nH]c(=O)c21,135563646
TVIDDXQYHWJXFK-UHFFFAOYSA-N,O=C(O)CCCCCCCCCCC(=O)O,12736
SYVVJZLOTVDBCP-IIPHORNXSA-N,CCCC/C(=N/OS(=O)(=O)O)S[C@@H]1O[C@H](CO)[C@@H](O)[C@H](O)[C@H]1O,20843366
PPDRLQLKHRZIJC-UHFFFAOYSA-N,O=C(O)c1cc([N+](=O)[O-])ccc1O,7318
XRXJDLHDDHBJOJ-UHFFFAOYSA-N,CN1/C(=C/c2cc[n+](C)c3ccccc23)Sc2ccccc21,853679
UBYZUTJNKIGNJS-KQYNXXCUSA-O,Nc1ncnc2c1[nH]c[n+]2[C@@H]1O[C@H](COP(=O)(O)O)[C@@H](O)[C@H]1O,49866637
ZSKAJFSSXURRGL-PKNBQFBNSA-N,COC(/C=C(\C)CCC=C(C)C)OC,5352435
JGUNZIWGNMQSBM-UINYOVNOSA-N,CCCCC/C=C\C=C\[C@H](CCCCCCCC(=O)O)OO,9548877
LFNAJBFFWWMSEW-HNFKANRHSA-N,C[C@@H](CO)CCC[C@@H](C)[C@H]1CC[C@H]2[C@@H]3C(=O)C=C4C[C@@H](O)CC[C@]4(C)[C@H]3CC[C@]12C,52931520
VJPIDPQNAYWULC-UHFFFAOYSA-N,C[N+](C)(C)C(CCC(=O)[O-])OC(=O)CCCCCCCCCCC(=O)O,71728376
PYUYAAQFJLICNF-MXWIPWLSSA-N,COc1cc(/C=C/C(=O)OC[C@H]2OC(=O)[C@H](O)[C@@H](O)[C@@H]2O)cc(OC)c1O,5280602
FNTJVYCFNVUBOL-ZUGPOPFOSA-N,O=C(O)[C@H]1O[C@@H](Oc2c(-c3ccc(O)cc3)oc3cc(O)cc(O)c3c2=O)[C@H](O)[C@@H](O)[C@@H]1O,5318759
SAHHMCVYMGARBT-HEESEWQSSA-N,CN[C@@H]1Cc2c[nH]c3cccc(c23)[C@H]1/C=C(\C)CO,5281381
ZKKJRZDMLYQUNK-QIPWGTBCSA-N,O=C(O)CCCCCCC[C@H]1C[C@@H]2[C@H]3[C@@H]4[C@H]5CC[C@H]5[C@@H]4[C@H]3[C@H]12,11659465
IUNQJUIIJBHXDU-UHFFFAOYSA-N,COC(OC)C(=O)C(=O)c1ccccc1,15697909
MGNPEOZYWFYMNH-ORLNMRMGSA-M,CCCCC[C@@H](/C=C/C=C\C/C=C\C/C=C\CCCC(=O)NCCCC(=O)[O-])OO,119058214
JWGGSJFIGIGFSQ-UHFFFAOYSA-N,CCCCCCCCCCCC(=O)NCC(=O)O,346152
HYFWQORTIZQRLZ-OAHLLOKOSA-N,CCCCOC(C)(C)[C@H](O)COc1c2occc2c(OC)c2ccc(=O)oc12,70697917
PRXKHETUIWVNNB-MYSWHGEBSA-N,C[C@H](CCCCCCCCCCCCCC[C@@H](O)CC(=O)O)O[C@@H]1O[C@@H](C)[C@H](O)C[C@H]1O,86289826
AJWONNNXQUONDT-UAJHHUEASA-N,CC(C)C/C=C/[C@@H](C)[C@H]1CC[C@H]2[C@@H]3CCC4=CC(=O)C=C[C@]4(C)[C@H]3CC[C@]12C,11176468
SYSLNQMKLROGCL-BCYUYYMPSA-N,CC(C)=CCC/C(C)=C/CC/C(C)=C/CSC[C@H]([NH3+])C(=O)[O-],46926172
ADKXZIOQKHHDNQ-QMMMGPOBSA-N,CC(=O)C[C@@H]1CCCN1C,443144
JDAWPQNOYYGXEG-NTCAYCPXSA-N,COc1c(O)c(C(=O)/C=C/c2ccc(OCc3ccccc3)cc2)c(OC)c(OC)c1OC,5838784
WMUYJHSRMOORHK-PRJMDXOYSA-N,C[C@@H](O)[C@H](O)[C@@H](CC=O)N(C)C,5460917
OHGDJKUWKHBWFH-UHFFFAOYSA-N,O=c1c(OS(=O)(=O)O)c(-c2ccc(OS(=O)(=O)O)c(O)c2)oc2cc(OS(=O)(=O)O)cc(O)c12,5280632
YYLQUHNPNCGKJQ-JCYAYHJZSA-N,N[C@@H](C(=O)O)[C@@H](O)C(=O)O,11788378
OGQJUYXFIOFTMA-PBJLWWPKSA-N,CC(C)CCC[C@@H](C)[C@H]1CC=C2C3=C(CC[C@@]21C)[C@@]1(C)CC[C@H](O)C(C)(C)[C@@H]1CC3,167817
MBZYKEVPFYHDOH-BQNIITSRSA-N,CC(C)CCC[C@@H](C)[C@H]1CC[C@@]2(C)C3=C(CC[C@]12C)[C@@]1(C)CC[C@H](O)C(C)(C)[C@@H]1CC3,440560
SGTUOBURCVMACZ-JQGBYENFSA-M,CCCCC/C=C\C[C@@H]1O[C@H]1/C=C/[C@@H](O)C/C=C\CCCC(=O)[O-],121225549
LPLFLSUGEHBUTE-DOFZRALJSA-N,CCCCC/C=C\C/C=C\C/C=C\C/C=C\CCCCCCCCCCCC(=O)O,52921803
LXQOEJUMZZHKAH-UHFFFAOYSA-N,CC(=O)C1=C(O)C(Cc2c(O)c3c(c(C(C)=O)c2O)OC(C)(C)C=C3)=C(O)C(C)(CC=C(C)C)C1=O,132131
QVWAEZJXDYOKEH-UHFFFAOYSA-M,O=C([O-])CCc1cccc(O)c1,6931501
QKLVRDVIYGQGBC-UHFFFAOYSA-N,c1ccc2c(N3CCCC3)nc(-c3ccncc3)nc2c1,659763
MWZPENIJLUWBSY-VIFPVBQESA-N,COC(=O)[C@@H](N)Cc1ccc(O)cc1,70652
ZURZSBHWLYFFBR-FKBYEOEOSA-N,CC[C@]12CCCN3CC[C@]4(C(=C(C(=O)OC)C1)Nc1cc(OC)c(O)cc14)[C@@H]32,25058086
JXYLQEMXCAAMOL-UHFFFAOYSA-N,O=C(O)C(=O)CS(=O)O,110
FQQQKGAFQIIGLQ-SNZQZGEVSA-N,CCCCCCCC/C=C\CCCCCCCC(=O)OC[C@@H](O)COP(=O)(O)OC[C@@H](O)CO,9547135
FBWADIKARMIWNM-UHFFFAOYSA-N,O=C1C=CC(=Nc2cc(Cl)c(O)c(Cl)c2)C=C1,13726
VZOPVJNBOQOLPN-UHFFFAOYSA-N,O=C(O)CCc1ccc([N+](=O)[O-])cc1,85526
XOFYZVNMUHMLCC-ZPOLXVRWSA-N,C[C@]12C=CC(=O)C=C1CC[C@@H]1[C@@H]2C(=O)C[C@@]2(C)[C@H]1CC[C@]2(O)C(=O)CO,5865
NJESAXZANHETJV-UHFFFAOYSA-N,Cc1ccc(C(=O)O)c(O)c1,5788
BRYKYSQCLNCYQW-DUXPYHPUSA-N,COC(=O)/C(=C/C(=O)O)CC(=O)O,5281931
MEVFKTVEGJUHHI-UHFFFAOYSA-N,O=C(O)CCC(=O)N(c1ccccc1)C1CCN(CCc2ccccc2)CC1,23635044
PMILXINPEBVJKS-FCFBPKLPSA-N,CCCCC/C=C\C/C=C\C/C=C\CCCCC(=O)OC[C@H](COP(=O)(O)O)OC(=O)CCCCCCC/C=C\CCCCCCCC,52928969
SEUBYHFHBZVRCC-QGAIPKOMSA-N,CCC(O)CCCCCCC[C@@H]1CC[C@@H](O)[C@@H](CO)N1,42608371
WTQWDNIIFGEBSZ-WGBDABJCSA-N,C[C@H]1CCCC[C@H]2C(=O)C=C[C@H](O)[C@@H]2CC(=O)O1,637324
BDCFWIDZNLCTMF-UHFFFAOYSA-N,CC(C)(O)c1ccccc1,12053
VNQURRWYKFZKJZ-UHFFFAOYSA-N,O=C(O)Cc1cc(O)ccc1Nc1c(Cl)cccc1Cl,3052566
CSXQXWHAGLIFIH-VUARBJEWSA-N,CC/C=C\C=C\C(O)C/C=C\C/C=C\C/C=C\C/C=C\CCC(=O)O,11595378
BWYUKBCRHDFWFF-UHFFFAOYSA-N,CC(=O)OCCC(CO)c1c(O)cc2c(c1O)C(=O)c1c(O)cc(O)cc1C2=O,51221
NPKISZUVEBESJI-UHFFFAOYSA-N,O=C(NC(Cc1ccccc1)C(=O)O)c1ccccc1,273362
QSHLMQDRPXXYEE-UHFFFAOYSA-N,NC(Cc1c[nH]c2cccc(O)c12)C(=O)O,589768
FLWFHHFTIRLFPV-UHFFFAOYSA-M,CCCCC(C(=O)[O-])C(=O)N(Nc1ccccc1)c1ccccc1,71768125
XVQRZUFFKHYAPA-UHFFFAOYSA-N,N=CC(O)C(O)C(O)C(O)CO,19048121
ZULNQPCZALKHMF-LBZOJLJLSA-N,N[C@H]1[C@@H](O[C@@H]2[C@@H](O)[C@H](O)[C@@H](O)[C@H]3OP(=O)(O)O[C@H]32)O[C@H](CO)[C@@H](O)[C@@H]1O,5461149
HGVAHYJMDVROLE-UHFFFAOYSA-N,C=C(Oc1cccc(C(=O)O)c1)C(=O)O,23844017
YDCMWLQSPFTWCS-UHFFFAOYSA-O,CC1=CC(=C(c2ccc(N)cc2)c2ccc(N)cc2)C=CC1=[NH2+],4141003
BIFJNBXQXNWYOL-UHFFFAOYSA-N,CNCc1c[nH]c2ccccc12,96388
MZDGVRYVGYDNAO-KETLZHFASA-N,CCCCCC/C=C\CCCCCCCCOC[C@H](COP(=O)([O-])OCC[N+](C)(C)C)OC(=O)CCCCCCC/C=C\CCCCCC,53481705
LMBWSYZSUOEYSN-UHFFFAOYSA-N,CCN(CC)C(=S)S,8987
YJTNHDYMQPHXFO-UHFFFAOYSA-N,CP(=O)(O)CCC(=O)C(=O)O,2783936
RBWQERGGVBSKJY-BWFPRIDFSA-N,CCCCCCCC/C=C\CCCCCCCCCCCCCCCC(=O)N[C@@H](CO)[C@H](O)/C=C/CCCCCCCCCCCCC,5283569
DCICDMMXFIELDF-UHFFFAOYSA-M,CC(C)C(=O)NCC(=O)[O-],42254104
CUSDWPFQTXVFJL-UHFFFAOYSA-N,CCCCCCCCCCCCCCCCCCCCCCCC(O)C(=O)O,11406885
ALSUBMCOHAICPJ-UHFFFAOYSA-N,C=C1CC1C(C)=O,538520
HOFGLAYWQRGTKC-UHFFFAOYSA-N,CC(=O)c1ccc(OS(=O)(=O)O)cc1,4684006
XIQVNETUBQGFHX-UHFFFAOYSA-N,CCN(CC)CC#CCOC(=O)C(O)(c1ccccc1)C1CCCCC1,4634
SYAWGTIVOGUZMM-JHIAIUNDSA-N,CCCCC[C@@H](O)[C@H](O)C/C=C\C/C=C\C/C=C\CCCC(=O)O,11782733
OYONTEXKYJZFHA-SSHUPFPWSA-N,Cc1[nH]c(/C=C2\C(=O)Nc3ccc(S(=O)(=O)Cc4c(Cl)cccc4Cl)cc32)c(C)c1C(=O)N1CCC[C@@H]1CN1CCCC1,10461815
MUUFJLJGMRBUTO-UHFFFAOYSA-K,O=c1c(OS(=O)(=O)[O-])c(-c2ccc(OS(=O)(=O)[O-])c(O)c2)oc2cc(O)cc([O-])c12,25202871
MFZWMTSUNYWVBU-UHFFFAOYSA-N,CCN(CC)CCNc1ccc(CO)c2sc3ccccc3c(=O)c12,3634
FGIUAXJPYTZDNR-UHFFFAOYSA-N,O=[N+]([O-])[O-].[K+],24434
VMQBFYRBJKDACN-UHFFFAOYSA-N,O=C1Nc2ccccc2OC1O,322636
IRZQDMYEJPNDEN-CBAPKCEASA-N,C[C@@H](c1ccccc1)[C@H](N)C(=O)O,854352
RWAKIPFJHIOZAN-PJSUUKDQSA-N,COc1cc(C(=O)[C@H]2CO[C@H](c3ccc(O)c(OC)c3)[C@H]2CO)ccc1O,70698172
QOEUIJHOOHSYPA-UHFFFAOYSA-M,C[N+](C)(C)CCOP(=O)([O-])OCCCCCC(=O)[O-],29986450
BSJGASKRWFKGMV-UHFFFAOYSA-L,N.N.[Cl][Pt+2][Cl],441203
LRTFPLFDLJYEKT-UHFFFAOYSA-N,CC(C)c1ccc(N)cc1,7464
LYNBNVDYPNEWHG-UHFFFAOYSA-N,CCCSO,20514207
MKMRBXQLEMYZOY-AIHAYLRMSA-N,C[C@H]1O[C@H](O)[C@H](O)[C@@H]1O,49857438
FXUDPARCGRIVON-KTKRTIGZSA-N,CCCCCCCC/C=C\CCCCCCCCCCCCCC(N)=O,11963502
QTQBFRLXJHHRMD-UHFFFAOYSA-N,CCCCCCCCCCCCCCCCCC(=O)OCC(COC(=O)CCCCCCCCCCCCCCCCC)OCCCCCCCCCC,44140636
ZSKWZJYUVZYDQU-WESJWMGVSA-N,CCCCC/C=C\C/C=C\CCCCCCCC(=O)O[C@H](COC(=O)CCCCCCCCCCCCCCCC)COP(=O)([O-])OCC[N+](C)(C)C,52922491
ZDZVWVCNWRMGLA-ORIFUJLTSA-N,CCCCC/C=C\C/C=C\CCCCCCCC(=O)O[C@@H](COC(=O)CCCCCCC/C=C\CCCCCCCC)COC(=O)CCCCCCCCCCCCCCC,101623311
IJXQUCAFIAUOCV-CWNYAIHGSA-N,O=C(O)CCC/C=C\CC1OC1C/C=C\C/C=C\CCCCCO,129626661
DBXBTMSZEOQQDU-VKHMYHEASA-M,C[C@@H](CO)C(=O)[O-],18637352
ZDXPYRJPNDTMRX-GSVOUGTGSA-N,NC(=O)CC[C@@H]([NH3+])C(=O)[O-],6992096
DUAWRLXHCUAWMK-UHFFFAOYSA-N,CC(=N)C(=O)O,5288980
UFHLMYOGRXOCSL-UHFFFAOYSA-N,CC(C)OC(=O)C(C(=O)OC(C)C)=C1SCCS1,39681
OJGDCBLYJGHCIH-UHFFFAOYSA-O,C[NH+](Cc1cc(Br)cc(Br)c1N)C1CCCCC1,3731047
YYYARFHFWYKNLF-UHFFFAOYSA-L,Cc1ccc(N=Nc2c(O)c(S(=O)(=O)[O-])cc3cc(S(=O)(=O)[O-])ccc23)c(C)c1,3939846
JSWZEAMFRNKZNL-UHFFFAOYSA-N,Cc1[nH]cnc1CN1CCc2c(c3ccccc3n2C)C1=O,2099
YZKFNNQAEBNCEN-KTKRTIGZSA-L,CCCCCCCC/C=C\CCCCCCCC(=O)OCC(=O)COP(=O)([O-])[O-],86289257
HDMYXONNVAOHFR-UOLHMMFFSA-N,CC/C=C\C/C=C\C[C@@H](/C=C/C=C\C/C=C\CCCC(=O)O)OO,5283195
PQMCQNOVNFNPFJ-GORDUTHDSA-N,CC1=NC(C(=O)O)S/C1=C/COP(=O)(O)O,42626469
GGAXPLCKKANQED-BDAKNGLRSA-N,CC(C)[C@@H]1CC[C@@H](C)CC(=O)O1,11116489
OROAFUQRIXKEMV-LDADJPATSA-N,CCCCc1ncc(/C=C(\Cc2cccs2)C(=O)O)n1Cc1ccc(C(=O)O)cc1,5281037
GIHNTRQPEMKFKO-SKTNYSRSSA-N,C/C1=C\CC(C)(C)/C=C/C(=O)/C(C)=C/CC1,5470187
OVIPDYYHLHEFDF-YIXHJXPBSA-M,CC(=O)c1c(/C=C(/O)CC(=O)[O-])cc2c(c1O)C(=O)c1c(O)cc(O)cc1C2,72193681
RSIYSAVOBAUEIJ-UHFFFAOYSA-N,CCCCCCCCCCCCCCCCCOCC(=O)COP(=O)(O)O,86289251
CZDKQKOAHAICSF-JSAMMMMSSA-N,CC(C)CCC[C@@H](C)[C@H]1CC[C@H]2[C@@H]3CC=C4[C@@H](O)[C@@H](O)CC[C@]4(C)[C@H]3CC[C@]12C,3247060
RKDFGWAXBBGKMR-APPZFPTMSA-M,O=C([O-])CCC1=CC=C[C@@H](O)[C@H]1O,9543127
OUYCCCASQSFEME-UHFFFAOYSA-O,[NH3+]C(Cc1ccc(O)cc1)C(=O)O,5460804
ATZKAUGGNMSCCY-VYCBRMPGSA-N,CC(C)=CCC/C(C)=C/CC/C(C)=C/[C@H]1[C@H](COP(=O)(O)OP(=O)(O)O)[C@@]1(C)CC/C=C(\C)CCC=C(C)C,5280592
PJERCKGJJBCWEC-UHFFFAOYSA-N,CC(C)=CCC1=CC(=O)C=CC1=O,276202
SLQULBLJRHRPIS-UHFFFAOYSA-N,COc1cc(O)c(-c2oc3c(OC)c(OC)ccc3c(=O)c2OC)cc1O,54672084
QYTBBBAHNIWFOD-NRFANRHFSA-N,CC[C@H](NC(=O)c1c(NS(C)(=O)=O)c(-c2ccccc2)nc2ccccc12)c1ccccc1,23649245
MBDSUZSCJLRKPC-QGZVFWFLSA-K,CCCCCCCC(=O)OC[C@H](COP(=O)([O-])OP(=O)([O-])[O-])OC(=O)CCCCCCC,86289944
AVGYWQBCYZHHPN-CYJZLJNKSA-N,CC1=C(C(=O)O)N2C(=O)[C@@H](NC(=O)[C@H](N)c3ccccc3)[C@H]2SC1.O,62921
BGGYAYMMFYBWEX-PJEAHERNSA-N,CCCCC/C=C\C\C=C/C=C/C=C/[C@@H](SCC(NC(C)=O)C(=O)O)[C@@H](O)CCCC(=O)O,5281910
OOGJQPCLVADCPB-HXUWFJFHSA-N,Cc1ccc(O)c([C@H](CCN(C(C)C)C(C)C)c2ccccc2)c1,443879
GIOUOHDKHHZWIQ-SSDOTTSWSA-M,NC(=O)N[C@@H](C(=O)[O-])c1ccccc1,40454626
DVORYMAGXQGBQK-QCMFUGJUSA-N,C=C(CC[C@@H](C)[C@H]1CC[C@H]2C3=C(C(=O)C[C@]12C)[C@@]1(C)CCC(=O)[C@@H](C)[C@@H]1CC3=O)C(C)C(=O)O,10004842
OJXQLGQIDIPMTE-UHFFFAOYSA-N,CC(C)=CCc1c(O)c(CC=C(C)C)c2oc3c(O)ccc(O)c3c(=O)c2c1O,5281633
ZVMALUVLYJRPEZ-UHFFFAOYSA-N,COC(=O)c1cc(O)c(O)c(CC=C(C)C)c1,25058114
JPUKWEQWGBDDQB-DTGCRPNFSA-M,O=c1c(O[C@@H]2O[C@H](CO)[C@H](O)[C@H](O)[C@H]2O)c(-c2ccc(O)cc2)oc2cc(O)cc([O-])c12,25201364
KYXDNECMRLFQMZ-UHFFFAOYSA-N,COc1ccc(-c2c(Cl)ncn2-c2ccc(S(N)(=O)=O)cc2)cc1F,213053
IYYZUPMFVPLQIF-UHFFFAOYSA-N,c1ccc2c(c1)sc1ccccc12,3023
BGVLICAPBUTDKB-UHFFFAOYSA-N,O=C1C=CC2c3ccc(O)c4c3C(=C3C=CC(O)=C1C32)C=CC4=O,57339219
CXBGOBGJHGGWIE-ACSXSLCXSA-O,CC[C@]12C=CC[NH+]3CC[C@@]4(c5ccc(OC)cc5N(C)[C@H]4[C@@](O)(C(=O)OC)[C@@H]1OC(C)=O)[C@@H]32,40473139
FXADMRZICBQPQY-UHFFFAOYSA-L,[O-][Te]([O-])(O)(O)(O)O,9548781
XWXRVFUXLXYGHK-UHFFFAOYSA-M,O=C1CCC(O)(C(=O)[O-])N1,134692113
XMNMFMYKFRXRFH-UHFFFAOYSA-M,COc1cc(O)cc(C(=O)O)c1C(=O)c1c([O-])cc(C)cc1O,54740352
XHMJOUIAFHJHBW-GASJEMHNSA-M,[NH3+][C@H]1C(O)O[C@H](COP(=O)([O-])[O-])[C@H](O)[C@@H]1O,70698334
XIGSAGMEBXLVJJ-YFKPBYRVSA-N,NC(=O)NCCCC[C@H]([NH3+])C(=O)[O-],6991977
FYDAGLSVOSNEBV-HHHXNRCGSA-N,CCCCCCCCCCCCCCCCCCCCCCCCCC[C@@H](O)C(=O)O,71768167
CUXYLFPMQMFGPL-WPOADVJFSA-N,CCCC/C=C/C=C/C=C\CCCCCCCC(=O)O,5281115
KUIFHYPNNRVEKZ-VIJRYAKMSA-N,CC(=O)N[C@H]1[C@@H](O[C@H](C)[C@H](N)C(=O)O)O[C@H](CO)[C@H](O)[C@@H]1O,10914240
DYWODRJVMZCPDO-UHFFFAOYSA-N,CC[NH3+].O=C[O-],21903536
BOTWFXYSPFMFNR-PYDDKJGSSA-N,C/C(=C\CO)CCC[C@H](C)CCC[C@H](C)CCCC(C)C,5280435
XNRNNGPBEPRNAR-JQBLCGNGSA-N,CCCCC[C@H](O)/C=C/[C@H]1OC(O)C[C@H](O)[C@@H]1C/C=C\CCCC(=O)O,5283137
UKRJEVDCOVVSAB-ZLPBPMGLSA-N,O=C1c2c(O)cc(O)c([C@@H]3C(=O)c4c(O)cc(O)cc4O[C@H]3c3ccc(O)c(O)c3)c2O[C@H](c2ccc(O)c(O)c2)[C@H]1O,12831990
OHEYCHKLBCPRLZ-VHCZEJTMSA-M,O=C(O)/C=C/c1ccc(O[C@@H]2O[C@H](CO)[C@@H](O)[C@H](O)[C@H]2O)c([O-])c1,134716627
XMAYWYJOQHXEEK-JYFHCDHNSA-N,CC(=O)N1CCN(c2ccc(OC[C@H]3CO[C@@](Cn4ccnc4)(c4ccc(Cl)cc4Cl)O3)cc2)CC1,638701
WQZGKKKJIJFFOK-IMIAXGQVSA-N,OC[C@H]1O[13C@H](O)[13C@H](O)[C@@H](O)[C@@H]1O,11959770
XERJKGMBORTKEO-VZUCSPMQSA-N,CCNC(=O)NC(=O)/C(C#N)=N/OC,5364079
LVYLCBNXHHHPSB-UHFFFAOYSA-N,O=C(OCCO)c1ccccc1O,6880
FHLUNOXZZMCXBM-GFZIYMICSA-N,C=C1[C@H]2CC[C@@]3(C=CC(=O)[C@@](C)(CCC(=O)Nc4c(O)ccc(C(=O)O)c4O)[C@@H]3C2)[C@H]1O,46197718
IRLPACMLTUPBCL-KQYNXXCUSA-L,Nc1ncnc2c1ncn2[C@@H]1O[C@H](COP(=O)([O-])OS(=O)(=O)[O-])[C@@H](O)[C@H]1O,49852317
KDHHWXGBNUCREU-HOTGVXAUSA-N,CC(=O)N(O)CCCC[C@H](NC(=O)CC(O)(CC(=O)N[C@@H](CCCCN(O)C(C)=O)C(=O)O)C(=O)O)C(=O)O,123762
KEXNVBSLXJLOPR-XMSPSUPSSA-N,CCCCC[C@@H](/C=C/C=C\CCCCCCCCCC(=O)O)OO,5282869
JQSSYLDZHAPSJO-UHFFFAOYSA-N,O=Cc1ccc(C(=O)O)c(O)c1,656876
WMOPMQRJLLIEJV-IUODEOHRSA-N,CC1=C2C[C@H](C(C)(C)O)CC[C@@]2(C)CCC1,6432005
CZSSHKCZSDDOAH-UNQGMJICSA-N,C=C(CO)[C@@H]1CC[C@@H](C)[C@@H]2CCC(C)=C[C@@H]21,15983960
IMQSXGFUSQSPIM-IMLMFIFQSA-N,C[C@]12CC[C@H]3[C@@H](CC[C@@H]4C[C@@H](O)CC[C@@]43C=O)[C@@]1(O)C[C@H](O)[C@@H]2C1=CC(=O)OC1,15558376
TWXYZBYSOWJDEU-UHFFFAOYSA-N,Nc1c(N=Nc2ccc([N+](=O)[O-])cc2)c(S(=O)(=O)O)cc2cc(S(=O)(=O)O)c(N=Nc3ccc(S(=O)(=O)O)cc3)c(O)c12,135422373
HFXAFXVXPMUQCQ-BYPYZUCNSA-N,O=C1CN[C@H](C(=O)O)C1,107541
GPQLHGCIAUEJQK-UHFFFAOYSA-N,COc1ccc(-c2cc(=O)c3c(O)c(OC)c(O)cc3o2)cc1,5320438
RAQPOZGWANIDQT-UHFFFAOYSA-N,c1ccc(CCCN2CCN(CCOC(c3ccccc3)c3ccccc3)CC2)cc1,3456
POEYRUBMWIOMTB-LTQSKDJASA-N,C[C@@H]1N[C@H]2N(C1=O)c1ccccc1[C@@]21C[C@@H]2C(=O)N[C@@](C)(O1)c1nc3ccccc3c(=O)n12,11339719
JOYRKODLDBILNP-UHFFFAOYSA-N,CCOC(N)=O,5641
UZUFPBIDKMEQEQ-UHFFFAOYSA-N,O=C(O)C(F)(F)C(F)(F)C(F)(F)C(F)(F)C(F)(F)C(F)(F)C(F)(F)C(F)(F)F,67821
UVSRXDFMOZKKGE-WKYRUEGDSA-N,CC(C)CCC[C@@H](C)[C@H]1CC[C@H]2C3=C(CC[C@]12C)[C@@]1(C)CC[C@H](O)[C@@](C)(CO)[C@@H]1CC3,44263321
AHYRTHPOYQENFP-PSXMRANNSA-N,CCCCCCCCCCCCCCCCOC[C@H](COC(=O)CCCCCCCCCCCCCCC)OC(C)=O,86289325
JKXQBIZCQJLVOS-GSNLGQFWSA-N,COC(C(=O)N[C@@H]1C(=O)N2[C@@H]1SC(C)(C)[C@@H]2C(=O)O)c1ccc(Cl)c(Cl)c1,71807
QGDVKFLWAVKNAA-AATRIKPKSA-N,C=C(C)C(C)/C=C/C,5368910
INUNXTSAACVKJS-OAQYLSRUSA-N,C[C@H](CN1CCOCC1)C(C(=O)N1CCCC1)(c1ccccc1)c1ccccc1,92943
YXTBWGQKJDONPL-FNORWQNLSA-N,CO/N=C(/C(=O)O)C(C)C,13908931
CTNZOGJNVIFEBA-UPSUJEDGSA-M,[NH3+][C@H](CCOc1ccc(/C(=N/O)C(=O)N[C@H]2CN([C@@H](C(=O)[O-])c3ccc(O)cc3)C2=O)cc1)C(=O)[O-],46926266
CULGWEQEASHZHP-NINQLNBYSA-N,O=C(/C=C\C=C(\O)C(=O)O)Oc1ccccc1O,54675786
LKJPYSCBVHEWIU-KRWDZBQOSA-N,C[C@](O)(CS(=O)(=O)c1ccc(F)cc1)C(=O)Nc1ccc(C#N)c(C(F)(F)F)c1,56069
RGIBXDHONMXTLI-UHFFFAOYSA-N,C=CCc1ccc(O)cc1,68148
NILQLFBWTXNUOE-UHFFFAOYSA-N,NC1(C(=O)O)CCCC1,2901
YIMDSLZENLJYDM-PVCZSOGJSA-N,C=C[C@H](C1=CC(O)(CC(C)=O)C(OC)=CC1=O)c1ccc(OC)c(O)c1,53262824
KLGBTYNAYAZPFD-QOLULZROSA-N,CC(C)=CCC/C(C)=C/CC/C(C)=C/CC/C(C)=C\CCC(C)CCO,24892719
MTCFGRXMJLQNBG-REOHCLBHSA-N,N[C@@H](CO)C(=O)O,5951
WPYWMXNXEZFMAK-UHFFFAOYSA-N,O=C(O)CCCCN(CCc1ccccc1OCc1ccc(CCc2ccccc2)cc1)Cc1ccc(C(=O)O)cc1,9808022
MYKUKUCHPMASKF-VIFPVBQESA-N,c1cncc([C@@H]2CCCN2)c1,91462
SLVMESMUVMCQIY-UHFFFAOYSA-N,CN1CCCCC1CCN1c2ccccc2Sc2ccc(S(C)=O)cc21,4078
LZENOAGERLXZPK-RRVWWXAYSA-N,CC(=O)O[C@@H]1C[C@H]2C(C)(C)C(=O)C=C[C@]2(C)[C@H]2CC[C@]3(C)C(=C(O)C(=O)[C@H]3c3ccoc3)[C@@]21C,52951756
XONAGBHTCVDMMT-HGZOCMNVSA-N,C/C(=C\CCCCCCCCCCCCCCCCCCCC[C@@H](C)O[C@@H]1O[C@@H](C)[C@H](O)C[C@H]1O)C(=O)NCCO,118797961
MPIPASJGOJYODL-GOSISDBHSA-N,Clc1ccc([C@@H](Cn2ccnc2)OCc2c(Cl)cccc2Cl)c(Cl)c1,25273632
PFDUUKDQEHURQC-ZETCQYMHSA-N,COc1cc(C[C@H]([NH3+])C(=O)[O-])ccc1O,25273143
GPLIMIJPIZGPIF-UHFFFAOYSA-N,O=C1C=CC(=O)C(O)=C1,151011
QFNFRZHOXWNWAQ-UHFFFAOYSA-N,COC(=O)N(OC)c1ccccc1COc1nc(Cl)c(Cl)cc1Cl,57582386
PWJCIKPTDVJSCJ-UHFFFAOYSA-N,CCCCCCCCCCCCCCCC(=O)Cc1cc(O)cc(=O)o1,86583423
DCZDUZNVOVFUCD-HTXNQAPBSA-N,COc1cc(/C=C/C(=O)OCCCCCCCCCCCCCCCC(=O)O)ccc1O,14018343
YBWLIIDAKFNRBL-UHFFFAOYSA-O,CC(=O)SCC[NH3+],25202309
FYGZHQXBEOHSAS-WGAYFDSDSA-M,CCCCC/C=C\C/C=C\CCCCCCCC(=O)O[C@H](COC(=O)CCCCCCCCCCCCCCC)COP(=O)([O-])OCCNC(=O)CCCCCCCCCCCCCCC,91666367
WFTLFOBGVIIQCZ-JEFMMDONSA-N,C[C@H](CCCCCC(=O)O)O[C@@H]1O[C@@H](C)[C@H](OC(=O)c2c[nH]c3ccccc23)C[C@H]1O,86289743
HXILZQJJXHYUNO-JSUDGWJLSA-L,Nc1nc2c(c(=O)[nH]1)N[C@H]1C([S-])=C([S-])[C@@H](COP(=O)(O)O)O[C@H]1N2.[O]=[W]=[O],136262915
JVTAAEKCZFNVCJ-UHFFFAOYSA-N,CC(O)C(=O)O,612
QXPOWGXRDUFAQW-UHFFFAOYSA-M,CCC(C)C(=O)C1=C([O-])C(CC=C(C)C)=C(O)C(CC=C(C)C)(CC=C(C)C)C1=O,124079400
GHAFORRTMVIXHS-UHFFFAOYSA-L,O=C1OC(c2ccc(O)c(S(=O)(=O)[O-])c2)(c2ccc(O)c(S(=O)(=O)[O-])c2)c2c(Br)c(Br)c(Br)c(Br)c21.[Na+].[Na+],6282
XAIZWFVGVMCODQ-IJQLRHIVSA-N,C#C[C@H](O)/C=C/CCCCCCCCC/C=C\CCCC/C=C\CCCCCCCCC/C=C/[C@@H](O)C#C,53354924
VYBFILXLBMWOLI-UHFFFAOYSA-N,Brc1ccc(Oc2ccccc2Br)c(Br)c1,14274807
UXRKUKRXVWJFER-UHFFFAOYSA-N,Cc1[nH]c2ccccc2c1CCNC(=O)c1ccccc1F,589075
FIDUIAPDSKSUGO-UHFFFAOYSA-N,CC(C)=CCc1cc2ccc(=O)oc2cc1O,5316525
SFIHQZFZMWZOJV-HZJYTTRNSA-N,CCCCC/C=C\C/C=C\CCCCCCCC(N)=O,6435901
NBOCCPQHBPGYCX-NQXXGFSBSA-L,O=C(COP(=O)([O-])[O-])[C@H](O)[C@H](O)CO,20849008
CWVRPJSBNHNJSI-XQNSMLJCSA-N,CCCCc1c(C)c2ccc(OCc3ccccc3/C(=C\OC)C(=O)OC)cc2oc1=O,45380432
HLLZGYFHHYGOLN-BQIKQTRHSA-N,C[C@@H]1O[C@@H](O[C@@H]2[C@@H](O)[C@@H](O)O[C@H](CO)[C@@H]2O)[C@H](O)[C@H](O)[C@H]1O,51351764
IVURTNNWJAPOML-UHFFFAOYSA-N,c1ccc2c(c1)Nc1ccccc1N2,345330
GFRQGVULYBEAES-ZDUSSCGKSA-O,CCCCCCCCCCCC(=O)[C@@H]([NH3+])CO,70679050
UMEJBWOWZDRULR-UHFFFAOYSA-N,CC1=CCC(C(C)C=O)CC1,520440
OZJLEDRUBLSXFE-RPBSFSNWSA-N,CCCCCCCCCCCCCCCC/C=C\OC[C@@H](O)COP(=O)(O)O,52929771
QKVKOFVWUHNEBX-UHFFFAOYSA-N,CS(=O)(=O)O.O=C(NC1CCN(CCCCC2(C(=O)NCC(F)(F)F)c3ccccc3-c3ccccc32)CC1)c1ccccc1-c1ccc(C(F)(F)F)cc1,11274333
NUHCTOLBWMJMLX-UHFFFAOYSA-N,Cc1c(C2(c3cc(C(C)C)c(O)c(Br)c3C)OS(=O)(=O)c3ccccc32)cc(C(C)C)c(O)c1Br,6450
RNBGYGVWRKECFJ-ZXXMMSQZSA-N,O=P(O)(O)OC[C@H]1O[C@@](O)(COP(=O)(O)O)[C@@H](O)[C@@H]1O,445557
ZPTMKNVJQZMLNE-SSQYTKQRSA-N,C=CC(C)(C)[C@@]12Nc3c(ccc4c3C=CC(C)(C)O4)[C@]1(O)C[C@H]1C(=O)N3CCC[C@H]3C(=O)N12,16127841
NEICPYXCIYSWOH-UYCXAPQFSA-N,CCCCC/C=C\C\C=C/C=C/C=C/[C@@H](SC[C@H](NC(=O)CC[C@H](N)C(=O)O)C(=O)NCC(=O)O)[C@@H](O)CCCC(=O)OC,101070933
PXLPZQRJCCAXJV-DBIOUOCHSA-L,O=P([O-])([O-])OC[C@H]1O[C@@H](c2ccc(O)cc2)[C@H](O)[C@@H]1O,86289945
QWEGOCJRZOKSOE-ADUAKINBSA-N,Nc1ncnc2c1ncn2[C@@H]1O[C@H](COP(=O)(O)OC(=O)CCCC[C@@H]2CCSS2)[C@@H](O)[C@H]1O,5288705
SLGRAIAQIAUZAQ-UHFFFAOYSA-N,Cn1ncnc2c(=O)n(C)c(=O)nc1-2,66541
DBWPFHJYSTVBCZ-BYPYZUCNSA-N,N[C@@H](Cn1cc(F)c(=O)[nH]c1=O)C(=O)O,126569
PCIXSTFFMHVOMF-NFOIBEGASA-N,COc1ccc2c(c1OC)OC1c3ccc(O[C@@H]4O[C@H](CO)[C@@H](O)[C@H](O)[C@H]4O)cc3OCC21,86566448
XJMPAUZQVRGFRE-HPWCAOHFSA-N,COC(=O)C1=CO[C@H](O[C@@H]2O[C@H](CO)[C@@H](O)[C@H](O)[C@H]2O)[C@@H]2[C@H]1C=C[C@]2(O)CO,53297356
QADHLRWLCPCEKT-LOVVWNRFSA-N,C[C@]12CC[C@H]3[C@@H](CC=C4C[C@@H](O)CC[C@@]43C)[C@@H]1CC[C@@H]2O,10634
ZFPAFAWFRTWCSK-UHFFFAOYSA-N,CCCCCCCC(O)CC(=O)OC(CCCCCCC)CC(=O)O,52921681
KTVPXOYAKDPRHY-ZRMNMSDTSA-N,O=P(O)(O)OC[C@H]1OC(O)[C@@H](O)[C@@H]1O,11401949
TUAMRELNJMMDMT-UHFFFAOYSA-N,Cc1cc(C)cc(O)c1,7948
KSVCHPBKMOYADU-KDVWGDQKSA-N,CCCCC/C=C\C/C=C\CCCCCCCC(=O)O[C@H](COCCCCCCCCCCCCCCCCCCCC)COP(=O)([O-])OCC[N+](C)(C)C,52923832
CAAULPUQFIIOTL-UHFFFAOYSA-N,COP(=O)(O)O,13130
JFQLHYSXZPELNV-LNYIGJDBSA-N,C=C(C)[C@H]1CC[C@]2(C)[C@@H]1CC[C@]1(C)C/C=C(\C)CC/C=C(\C)CC[C@H]12,102515469
AGRTUYYPROFOFX-ZMUQRAOQSA-N,C1=C2CN3CC[C@]45c6ccccc6N6CC[C@H](OC1)[C@@H]([C@H]64)[C@H]2C[C@H]35,9548769
YWOCITMXHHTBAW-XSQXPFHXSA-N,CCCCC/C=C\C/C=C\C/C=C\C/C=C\CCCC(=O)O[C@H](CO)COP(=O)([O-])OCC[NH3+],71768151
FTODBIPDTXRIGS-ZDUSSCGKSA-N,COc1cc([C@@H]2CC(=O)c3c(O)cc(O)cc3O2)ccc1O,73635
FYOWWXMGDATDQY-UHFFFAOYSA-N,c1ccc(C2(N3CCCC3)CCCCC2)cc1,62436
LWTVBQZPIKYRNQ-CAQKAZPESA-N,CC(=O)N[C@H]1[C@H](O[C@H]2[C@H](O)[C@@H](NC(C)=O)C(O)O[C@@H]2COS(=O)(=O)O)O[C@H](CO)[C@H](O)[C@@H]1O,91825696
CBFBRENOWPXOON-GDHWZLSQSA-M,Nc1nc2c(ncn2[C@@H]2O[C@H](COP(=O)([O-])OC(=O)CCCC[C@@H]3CCSS3)[C@@H](O)[C@H]2O)c(=O)[nH]1,136666736
QVNXPWJNUKKMHP-JJGNIUBRSA-O,COC(=O)C1=C2Nc3ccccc3[C@@]23CC[NH+]2C[C@@H]4O[C@@H]4[C@@]([C@@H](C)O)(C1)[C@H]23,138911116
WVEJIBNZNZLFEF-SFDCQRBFSA-N,C=C(C)[C@@H]1CC[C@@](C)(OO)C2=CC[C@H](C)[C@@H]2C1,11736507
PFIADAMVCJPXSF-UHFFFAOYSA-N,COc1cc(Cl)c(OC)cc1Cl,17581
ZIOZYRSDNLNNNJ-ZYBDYUKJSA-M,CCCCC/C=C\C[C@H](/C=C/C=C\C/C=C\CCCC(=O)[O-])OO,71668299
HCRKCZRJWPKOAR-JTQLQIEISA-N,CCN[C@H]1CN(CCCOC)S(=O)(=O)c2sc(S(N)(=O)=O)cc21,68844
NDPLAKGOSZHTPH-SSDOTTSWSA-N,CCCCC[C@@H](O)CC(=O)O,5312861
YDJIHVUNYBLYLF-CNYNUZHASA-N,COc1cc(C)c2c(=O)cc(C[C@@H](C)O)oc2c1[C@@H]1O[C@H](CO)[C@@H](O)[C@H](O)[C@H]1OC(=O)/C=C/c1ccccc1,9958939
URJZIQLTPCJVMW-QNSCKLTRSA-N,O=C1CO[C@H](OP(=O)(O)OP(=O)(O)OC[C@H]2O[C@@H](n3ccc(=O)[nH]c3=O)[C@H](O)[C@@H]2O)[C@H](O)[C@H]1O,17756767
ZRHONLCTYUYMIQ-TZFCGSKZSA-M,N/C(=C\C=C\C(=O)O)C(=O)[O-],135398557
AGNFWIZBEATIAK-UHFFFAOYSA-N,NCCCCc1ccccc1,83242
QSFLDOXLZXPDOB-JHLTVLKVSA-N,C/C=C/COP(=O)(O)OP(=O)(O)OP(=O)(O)OC[C@H]1O[C@@H](n2ccc(=O)[nH]c2=O)[C@H](O)[C@@H]1O,53477661
CZAKJJUNKNPTTO-AJFJRRQVSA-N,Nc1nc2c(c(=O)[nH]1)N[C@@H]1[C@H](N2)O[C@@H]2COP(=O)(O)O[C@@H]2C1(O)O,135463437
LNRAHCYSFBURKI-LRDLFRDYSA-N,COC(=O)C1=C2Nc3c(O)cccc3[C@@]23CCN2C[C@@H](C(C)=O)[C@@H]1C[C@H]23,50900049
IBSNKSODLGJUMQ-SDNWHVSQSA-N,CO/C=C(/C(=O)OC)c1ccccc1COc1cccc(C(F)(F)F)n1,11285653
AWVYDATYHKYCOW-UHFFFAOYSA-L,O=S(=O)([O-])c1ccc(Nc2cc3c(nc4ccccc4[n+]3-c3ccccc3)c3ccc(S(=O)(=O)[O-])cc23)c(S(=O)(=O)[O-])c1,4614857
COLNVLDHVKWLRT-UHFFFAOYSA-O,[NH3+]C(Cc1ccccc1)C(=O)O,5460949
JSGVRMXIAILPPO-FWPWNEHFSA-N,C=CC(C)(O)CC[C@@]1(C)C2=C([C@H](OC(C)=O)[C@H](OC(C)=O)[C@H]1C)C(C)(C)CCC2,11015016
WJFKNYWRSNBZNX-UHFFFAOYSA-N,c1ccc2c(c1)Nc1ccccc1S2,7108
IWHCUIYQYFOMEF-FBERYXRISA-N,CC(=O)O[C@@H]1C=CC(C)(C)[C@H]2CC[C@@]34O[C@@H]3C3=C(C)C(=O)O[C@@H]3C[C@H]4[C@@]21C,24775057
RVHKMLVNOXVQRH-LURJTMIESA-L,CC(=O)N[C@@H](CCCC(=O)C(=O)[O-])C(=O)[O-],5460353
USZAGAREISWJDP-UHFFFAOYSA-N,N#Cc1ccc(Oc2ccc3c(c2)COB3O)cc1,44591583
LPSXGZAUAOMRNU-FZKQIMNGSA-N,C[C@@H](N[C@@H](NCC(O)O)Nc1ccc(CN)cc1)c1ccccc1,21158881
DXBZYDLDLSGUDB-UHFFFAOYSA-N,O=C(c1cc(COc2ccc(F)cc2Cl)on1)N1CCC(c2ccncc2)CC1,16189896
IYZWUWBAFUBNCH-UHFFFAOYSA-N,Clc1cccc(Cl)c1-c1ccccc1,36342
YTMNONATNXDQJF-QSLGVYCOSA-N,OC[C@H]1O[C@@H](Oc2cc3c(O)cc(O)cc3[o+]c2-c2ccc(O)c(O)c2)[C@H](O)[C@@H](O)[C@H]1O.[Cl-],176457
BWLXPDSCKRCNGX-UHFFFAOYSA-L,NNC(=O)N1C(=O)c2cc(S(=O)(=O)[O-])cc3c(N)c(S(=O)(=O)[O-])cc(c23)C1=O,44176421
QYNRIDLOTGRNML-DRWRGJIVSA-N,O[C@@H]1[C@@H](O)[C@H](O)O[C@H](CO[C@H]2OC[C@@H](O)[C@H](O)[C@H]2O)[C@H]1O,56625777
TVLSMEPJGATPGK-UEVOBBHASA-N,CC(=O)N[C@H]1C(O)O[C@H](CO)[C@@H](O[C@@H]2O[C@H](CO)[C@@H](O)[C@H](O)[C@H]2N)[C@@H]1O,10959909
JLERVPBPJHKRBJ-UHFFFAOYSA-N,O=C(c1ccc(OCCN2CCCC2)cc1)c1c(-c2ccc(O)cc2)sc2cc(O)ccc12,104946
FHWPHVIGZZAXIQ-UHFFFAOYSA-N,O=C(O)C(=O)CC(O)CCl,16750024
ZNMRDZZRAFJOKY-UHFFFAOYSA-N,CCS(=O)(=O)O.COC(=O)c1ccc2c(C(=Nc3ccc(N(C)C(=O)CN4CCN(C)CC4)cc3)c3ccccc3)c(O)[nH]c2c1,135476717
VFFTYSZNZJBRBG-DYXDMYNLSA-N,Nc1ncnc2c1ncn2[C@@H]1O[C@H](C[S+](CC[C@H]([NH3+])C(=O)[O-])CC(=O)[O-])[C@@H](O)[C@H]1O,90659115
IBOFVQJTBBUKMU-UHFFFAOYSA-N,Nc1ccc(Cc2ccc(N)c(Cl)c2)cc1Cl,7543
JMOHRMCZYHDLSW-UHFFFAOYSA-N,COc1ccc(-c2c3c4cc(OC)c(OS(=O)(=O)O)cc4oc(=O)c3n3ccc4cc(OC)c(OC)cc4c23)cc1O,476994
YYZNJWZRJUGQCW-UQZHZJRSSA-M,CC/C=C\C/C=C\C/C=C\CC1OC1C/C=C\C/C=C\CCC(=O)[O-],122391344
LNJNFVJKDJYTEU-UHFFFAOYSA-N,CCOc1ccc(NC(=O)OC(C)C)cc1OCC,91742
WUWFMDMBOJLQIV-SNVBAGLBSA-N,N[C@@H]1CCN(c2nc3c(cc2F)c(=O)c(C(=O)O)cn3-c2ccc(F)cc2F)C1,13652998
WHBMMWSBFZVSSR-VKHMYHEASA-M,C[C@H](O)CC(=O)[O-],6971271
LABTWGUMFABVFG-ONEGZZNKSA-N,C/C=C/C(C)=O,637920
ITIDLBCKKSNAPK-RRJHOXOUSA-N,CCCCC/C=C\C/C=C\C/C=C\C/C=C\CCCC(=O)O[C@H](CO)COP(=O)(O)OC[C@H](N)C(=O)O,86289377
BNNVVTQUWNGKPH-ZROIWOOFSA-M,O=C1O/C(=C\c2ccc(O)cc2)C([O-])=C1c1ccc(O)cc1,25245112
JXTHEWSKYLZVJC-UHFFFAOYSA-N,O=C(O)c1ccccc1C(=O)Nc1cccc2ccccc12,8594
KBUNOSOGGAARKZ-KRWDZBQOSA-N,CCCCCCCCCCCCCCCC(=O)[C@@H](N)CO,439853
JUDKOGFHZYMDMF-AWEZNQCLSA-O,Oc1cc2c(cc1O)[C@H](c1ccccc1)C[NH2+]CC2,86309012
WUOACPNHFRMFPN-UHFFFAOYSA-N,CC1=CCC(C(C)(C)O)CC1,17100
DKYWVDODHFEZIM-NSHDSACASA-N,C[C@H](C(=O)O)c1cccc(C(=O)c2ccccc2)c1,667550
SZHOJFHSIKHZHA-UHFFFAOYSA-N,CCCCCCCCCCCCC(=O)O,12530
PECYZEOJVXMISF-REOHCLBHSA-O,[NH3+]C[C@H]([NH3+])C(=O)[O-],6971093
CSIIZWITWCZNPT-KRWDZBQOSA-N,CC(=O)N[C@@H](Cc1ccc(O)c(N=Nc2ccc([As](=O)(O)O)cc2)c1)C(=O)NCC(=O)NCC(=O)O,135883864
ZDKZHVNKFOXMND-XVYDVKMFSA-N,CC1=COC(=O)[C@H]2[C@@H](C)CC[C@@H]12,6431022
UKZQEOHHLOYJLY-UHFFFAOYSA-M,CCOC(=O)c1ccccc1-c1c2cc(Br)c(=O)c(Br)c-2oc2c(Br)c([O-])c(Br)cc12.[K+],23670843
HVLMWCBEAXEKAD-UHFFFAOYSA-N,CN1CCC(OC(=O)C(c2ccccc2)c2ccccc2)CC1,16051
YRPQTVNCCVPGFA-FPLPWBNLSA-N,CCCCCC/C=C\CCCCCCCC(N)=O,56936054
PELZSPZCXGTUMR-MBEOBJKWSA-J,O=P([O-])([O-])OC1[C@@H](O)[C@@H](O)C(OP(=O)([O-])[O-])[C@H](O)[C@H]1O,25203530
JLGLQAWTXXGVEM-UHFFFAOYSA-N,COCCOCCOCCO,8178
ZQGOSPTVQVGUON-AWEZNQCLSA-L,CC(=O)NCCCC[C@H]([NH2+]Cc1c(COP(=O)([O-])[O-])cnc(C)c1O)C(=O)[O-],46878572
WXTMDXOMEHJXQO-UHFFFAOYSA-N,O=C(O)c1cc(O)ccc1O,3469
FIVSJYGQAIEMOC-ZGNKEGEESA-N,C[C@@H](OC[C@@]1(c2ccccc2)CC[C@]2(CCC(=O)N2)CN1)c1cc(C(F)(F)F)cc(C(F)(F)F)c1,10311306
XDDAORKBJWWYJS-UHFFFAOYSA-M,O=C([O-])C[NH2+]CP(=O)([O-])O,24848186
HXILZQJJXHYUNO-JSUDGWJLSA-J,Nc1nc2c(c(=O)[nH]1)N[C@H]1C([S-])=C([S-])[C@@H](COP(=O)([O-])[O-])O[C@H]1N2.[O]=[W]=[O],136262918
LOGQGKJLNOCUQM-XDFFKFLRSA-M,C[C@H](CCC(=O)[O-])[C@H]1CC[C@H]2[C@@H]3[C@@H](O)C[C@@H]4CC(=O)CC[C@]4(C)[C@H]3CC(=O)[C@]12C,129626823
JSSXHAMIXJGYCS-BYPYZUCNSA-N,O=C([O-])[C@@H]1CNCC[NH2+]1,46878480
ABSDACFLIMOXJY-MRXNPFEDSA-O,COc1ccc(C[C@@H]2c3cc(O)c(OC)cc3CC[N+]2(C)C)cc1O,826075
WCBOMWXMXNCTOM-ODAXIHTASA-L,CC(C)CCC[C@@H](C)CCC[C@@H](C)CCC[C@@H](C)CCOC[C@H](O)COP(=O)([O-])[O-],146672381
DSVGICPKBRQDDX-UHFFFAOYSA-N,CC(=O)OCCCOC(C)=O,69409
TXVHTIQJNYSSKO-UHFFFAOYSA-N,c1ccc2c(c1)c1cccc3ccc4cccc2c4c31,9128
UEMOSIMEJKJGBC-MBMJWOSHSA-N,C=C(C/C=C/C(C)(C)O)[C@H]1CC[C@]2(C)[C@@H]1CC[C@@H]1[C@@]3(C)CCC(=O)C(C)(C)[C@@H]3CC[C@]12C,50908449
IBZYPBGPOGJMBF-LVJZJYDISA-N,CC/C=C\CC1C(=O)CC[C@@H]1CC(=O)N[C@H](C(=O)O)[C@@H](C)CC,131708343
RADKZDMFGJYCBB-UHFFFAOYSA-N,Cc1ncc(CO)c(C=O)c1O,1050
PRFXRIUZNKLRHM-HKVRTXJWSA-N,CCCCC[C@H](O)/C=C/C1=C(C/C=C\CCCC(=O)O)C(=O)CC1,5280881
YVBYFIDGVMQYJN-GDNBJRDFSA-N,O=C1/C(=C/c2ccccc2)Oc2c1ccc1occc21,71728350
LOLJEILMPWPILA-AMFHKTBMSA-M,CCCCCC(=O)/C=C/[C@@H]1[C@@H](C/C=C\CCCC(=O)[O-])[C@@H](O)C[C@H]1O,122164842
HKAMKLBXTLTVCN-UHFFFAOYSA-N,CCNc1nc(NCC)nc(OC)n1,12654
IORSRBKNYXPSDO-NDEPHWFRSA-N,CC(C)=CCc1cc([C@@H]2CC(=O)c3ccc(O)c(CC=C(C)C)c3O2)cc(CC=C(C)C)c1O,441767
CETWDUZRCINIHU-ZETCQYMHSA-N,CCCCC[C@H](C)O,2724897
XXEWFEBMSGLYBY-ZETCQYMHSA-N,CN(C)CCCC[C@H](N)C(=O)O,193344
KPYSYYIEGFHWSV-UHFFFAOYSA-N,NCC(CC(=O)O)c1ccc(Cl)cc1,2284
DJLICGGNASJAQR-ZPOLXVRWSA-N,C[C@]12CCC(=O)C=C1CC[C@@H]1[C@@H]2C(=O)C[C@@]2(C)[C@H]1CC[C@]2(O)C(=O)C=O,331383
OUYCCCASQSFEME-MRVPVSSYSA-O,[NH3+][C@H](Cc1ccc(O)cc1)C(=O)O,5460811
ZGTMUACCHSMWAC-UHFFFAOYSA-L,O=C([O-])C[NH+](CC[NH+](CC(=O)[O-])CC(=O)[O-])CC(=O)[O-].[Na+].[Na+],57339238
POUKDTOWHPHYQU-HENOKILYSA-N,C[C@H](CCCC(C)(C)O)[C@H]1CC[C@H]2[C@@H]3[C@H](O)CC4=CC(=O)CC[C@]4(C)[C@H]3CC[C@]12C,5284267
FGXWKSZFVQUSTL-UHFFFAOYSA-N,O=c1[nH]c2ccccc2n1CCCN1CCC(n2c(=O)[nH]c3cc(Cl)ccc32)CC1,3151
CBPFOSMNDISZLV-UHFFFAOYSA-N,COc1c(CC=C(C)C)c(O)cc2c1-c1oc3cc(O)c(CC=C(C)C)cc3c1CO2,11546269
DHZBEENLJMYSHQ-XCVPVQRUSA-N,C[C@@]12C(=O)OC(=O)[C@]1(C)[C@H]1CC[C@@H]2O1,5944
SRRJCDUOSQWHGS-UHFFFAOYSA-M,CCN(Cc1cccc(S(=O)(=O)[O-])c1)c1ccc(C(=C2C=CC(=[N+](CC)Cc3cccc(S(=O)(=O)[O-])c3)C=C2)c2ccccc2)cc1,4306558
IJOJIVNDFQSGAB-SQOUGZDYSA-L,O=C1O[C@H](COP(=O)([O-])[O-])[C@@H](O)[C@H](O)[C@H]1O,46926335
HBDWQSHEVMSFGY-SCQFTWEKSA-L,N[C@@H](CC(O)C(=O)[O-])C(=O)[O-],5460078
KVEBLTAWTCBJNF-UJURSFKZSA-K,O=C([O-])CCC[C@H](C(=O)[O-])[C@@H](O)C(=O)[O-],71296187
JPTGQNMDWMSVSF-DUENCVSESA-N,CO[C@@H]1CC(c2ccc[nH]2)=N[C@]12O[C@@H](C)C[C@@H]1CCCCCCCc3ccc([nH]3)[C@H]12,135960042
WRHGORWNJGOVQY-ZNMIVQPWSA-N,C=C1CC[C@@H](C(C)C)[C@@H]2C=C(C)CC[C@H]12,12313020
BFSZJLBDHMMCAH-UHFFFAOYSA-N,CC(C)N(C(=O)CS(=O)(=O)O)c1ccccc1,16212221
LYGUXQMPYLCEGL-UHFFFAOYSA-M,COc1cc(C)c2ccc([O-])c(C(=O)O)c2c1,57466721
ZTMKADLOSYKWCA-UHFFFAOYSA-N,O=c1[nH]c2c(c(=O)n1C1CCCCC1)CCC2,16559
CNQDKAFKNBVKDW-RPKMEZRRSA-N,NC(=O)c1cn([C@@H]2O[C@H](CO)[C@@H](O)[C@H]2O)c2nc(N)[nH]c(=O)c12,135433549
NSZLNWDQQOHFKP-UHFFFAOYSA-N,COC(=O)C(Cc1ccc2nc(-c3c(Cl)cccc3Cl)ccc2c1)N(C)Cc1c(Cl)cccc1Cl,24755556
XIUMMQJDWWYGHD-UHFFFAOYSA-N,CC(C)=CCc1c(-c2coc3cc(O)cc(O)c3c2=O)ccc(O)c1O,11610052
LKOJGSWUMISDOF-UHFFFAOYSA-N,COc1c(O)cc2oc(-c3ccccc3)cc(=O)c2c1O,5320315
QAIPRVGONGVQAS-RQOWECAXSA-M,O=C(O)/C=C\c1ccc([O-])c(O)c1,54681167
RYYMJVGKZLQYPG-YYWONIAYSA-N,C[C@@H]1O[C@@H](OCCC(=O)O)[C@H](O)C[C@H]1O,44202063
LGEDTAQVQMEESC-UHFFFAOYSA-N,CC(C)(CC(Br)CC(Cl)(Cl)Cl)C1OCCO1,552086
UKSPRKDZNYSFRL-KFRRBZLCSA-N,O=C1c2c(O)cc(O)cc2O[C@@H](c2ccc(O)c(O)c2)[C@H]1O[C@H]1OC[C@@H](O)[C@@H](O)[C@@H]1O,72193666
IMRYETFJNLKUHK-UHFFFAOYSA-N,CC(=O)c1cc2c(cc1C)C(C)(C)C(C)C2C(C)C,91696
JBSCUHKPLGKXKH-KZTFMOQPSA-M,CCCCC[C@H]1O[C@H]1C/C=C\C/C=C\C/C=C\CCCC(=O)[O-],25320777
MQXNNWDXHFBFEB-UHFFFAOYSA-N,CC(C)(c1ccccc1O)c1ccccc1O,577157
NQYDFAGFKCSWGI-UHFFFAOYSA-N,C=C(C)C(CCC(C)O)CC(=O)O,4488499
CRHGSCXKJPJNAB-UHFFFAOYSA-M,CS(=O)(=O)/N=C(\[O-])c1cc(Oc2ccc(C(F)(F)F)cc2Cl)ccc1[N+](=O)[O-].[Na+],9570991
XQCGHIBXRBNZFL-GCJFSFLGSA-N,O=C1C(O)C(=O)[C@H](O)C(O)[C@@H]1O,90657650
CPJSUEIXXCENMM-UHFFFAOYSA-N,CCOc1ccc(NC(C)=O)cc1,4754
LEJWPWXRHHUDRH-UHFFFAOYSA-N,Cc1ccnc(-c2cc(C(=O)O)ccn2)c1,11127621
DDNKJFBQMQOIKI-UHFFFAOYSA-N,O=c1[nH]c2ccc(Br)cc2o1,29859
WRWGAVHZMRVAHC-CTUQLNGPSA-N,C=C(C)[C@H]1CC[C@]2(C)[C@H]3CC[C@@H]4[C@@]5(C)C[C@H](C)CC(C)(C)[C@@H]5CC[C@@]4(C)[C@]3(C)CC[C@@H]12,121232687
APTZNLHMIGJTEW-UHFFFAOYSA-N,CCOC(=O)COc1cc(-c2nn(C)c(OC(F)F)c2Cl)c(F)cc1Cl,182951
QDXTYNOQCQVNET-NUKVNZTCSA-N,CCCCCCCCCCCCC/C=C/[C@@H](O)[C@H](COP(=O)(O)O)NC(=O)CCCCCCCCCCCCCCCCCCC,5283584
QOUKBWWKBHWVNI-YVMONPNESA-N,O=C(O)CCCCCCC/C=C\CC1OC1CCCCCO,129626657
RTWVXIIKUFSDJB-UHFFFAOYSA-N,O=C1CC(O)Cc2cc(O)cc(O)c21,3477029
ZLULUXWJVBHEMS-SNAWJCMRSA-N,C/C=C/C1=CC2=CC(=O)C(C)(OC(=O)c3c(C)cc(O)cc3O)C(=O)C2=CO1,24867730
VSWDORGPIHIGNW-UHFFFAOYSA-N,S=C(S)N1CCCC1,65351
IGSYEZFZPOZFNC-LKIWRGPLSA-N,O=C(O)[C@H]1O[C@H](O[C@@H]2[C@H](O)[C@@H](O)C(O)O[C@@H]2C(=O)O)[C@H](O)[C@@H](O)[C@H]1O,439694
FRYULLIZUDQONW-IMJSIDKUSA-N,N[C@@H](CC(=O)O)C(=O)N[C@@H](CC(=O)O)C(=O)O,471583
HXHGULXINZUGJX-UHFFFAOYSA-N,OCCCCCl,13569
QAOFTFHHOWYCDI-WOKPNQEWSA-M,C[C@]12CC[C@@H]3c4ccc(O[C@@H]5O[C@H](C(=O)[O-])[C@@H](O)[C@H](O)[C@H]5O)c(O)c4CC[C@H]3[C@@H]1CCC2=O,129011095
WNDLJGVBWVLFKK-WCSIJFPASA-N,COc1ccc(CC2COc3cc(OC)c(OC)c(OC)c3C2=O)cc1OC(=O)[C@H](Cc1ccccc1)NC(=O)OC(C)(C)C,117704159
UMBVAPCONCILTL-MRHIQRDNSA-N,CC(=O)N[C@@H](CC(=O)O)C(=O)N[C@@H](CCC(=O)O)C(=O)N[C@H](C(=O)N[C@H](C=O)CC(=O)O)C(C)C,644345
DHMQDGOQFOQNFH-UHFFFAOYSA-N,NCC(=O)O,750
FEYHMSUYKIMUAL-UNYLCCJPSA-N,CC1CN([C@H]2C[C@H](O)[C@@H](CO)O2)C(=O)NC1=O,165328
ZDDQAAZBPZGPRB-SKNVOMKLSA-M,O=C([O-])[C@@H](O)[C@@H]1OC[C@H](O)[C@H]1O,86290074
LDECSGZEUCWTGS-XSMDNWERSA-N,CCCCC/C=C\C/C=C\C/C=C\C/C=C\CCCC(=O)O[C@H](COC(=O)CCCCCCC/C=C\CCCCCCCC)COP(=O)(O)O,52929471
UQJDHMKAJSKDGS-JJEJIETFSA-N,COc1cc(O)c(/C=C\C(C)(C)O)c2c1C(=O)C[C@@H](c1ccc(O)cc1)O2,70697920
AMBQHHVBBHTQBF-UOUCRYGSSA-N,COC(=O)C1=CO[C@@H](O[C@@H]2O[C@H](CO)[C@@H](O)[C@H](O)[C@H]2O)[C@@H]2[C@@H](C)[C@@H](O)C[C@H]12,87691
GODGZZGKTZQSAL-VXFFQEMOSA-N,CCCCCCCCCCCCCC(=O)O[C@H]1C=C[C@H]2[C@H]3Cc4ccc(OCc5ccccc5)c5c4[C@@]2(CCN3C)[C@H]1O5,5362457
VULXTAWRXFGMKL-UHFFFAOYSA-N,CCCCOC(C)OCC,552119
FJPAMFNRCFEGSD-UHFFFAOYSA-N,Cl.NCCCC(N)(C(=O)O)C(F)F.O,441361
WPLPEZUSILBTGP-CIQDQOFUSA-N,CCCCC/C=C\C[C@H](O)[C@H](O)/C=C/C(O)C/C=C\CCCC(=O)O,5283208
NEWKHUASLBMWRE-UHFFFAOYSA-O,Cc1cccc(C#Cc2ccccc2)[nH+]1,56927824
CJUMAFVKTCBCJK-UHFFFAOYSA-M,O=C([O-])CNC(=O)OCc1ccccc1,3143038
ZBDOVHVJWVWSPQ-UHFFFAOYSA-N,O=CCNC(=O)Cc1ccccc1,13751905
HKIXQBGDVZKKDK-NKRIFVGSSA-N,CCCCCCCCCCCCCCCCCCCCCCC(O)C(=O)N[C@@H](COP(=O)([O-])OCC[N+](C)(C)C)[C@H](O)[C@H](O)CCCCCCCCCCC(C)C,70679116
FBSMERQALIEGJT-UHFFFAOYSA-N,CN(C)CCCN1c2ccccc2Sc2ccc(Cl)cc21.[Cl-].[H+],657361
IACKKVBKKNJZGN-UHFFFAOYSA-N,CCCCCCCCCCCCCCCCCCCCCCCCCO,92247
VCLACNNZBMRRES-UHFFFAOYSA-N,O=C1c2c(O)cc(O)cc2OC1(O)Cc1ccc(O)c(O)c1,12305769
XUHLIQGRKRUKPH-DYEAUMGKSA-N,C=CC[S@](=O)C[C@H]([NH3+])C(=O)[O-],51380903
HZHXMXSXYQCAIG-KRWDZBQOSA-N,CC(C)=CCc1c(O)ccc([C@@H]2COc3c(ccc4c3C=CC(C)(C)O4)C2)c1O,442774
CCCNUHFRBBIFHO-WJWGPLDTSA-N,C=CC[S@](=O)C[C@H](NC(C)=O)C(=O)O,122164824
OEKWJQXRCDYSHL-FNOIDJSQSA-N,CCCSc1nc(N[C@@H]2C[C@H]2c2ccc(F)c(F)c2)c2nnn([C@@H]3C[C@H](OCCO)[C@@H](O)[C@H]3O)c2n1,9871419
PAHPUCKPYBHMBM-RURDTVAGSA-N,CCCCCCCC/C=C\CCCCCCCCCCCCCC(=O)O[C@H](COC(=O)CCCCCCCCCCCCCCCCC)COP(=O)([O-])OCC[N+](C)(C)C,24778881
HVABDZVINXGTFF-PSEFKOPQSA-N,C[C@@H]1O[C@@H](OCCCCCCCCCCCC[C@@H](O)CC(=O)O)[C@H](O)C[C@H]1OC(=O)c1c[nH]c2ccccc12,86289902
PHIQHXFUZVPYII-UHFFFAOYSA-N,C[N+](C)(C)CC(O)CC(=O)[O-],288
MSXHSNHNTORCAW-MPGIDXPLSA-M,O=C([O-])C1O[C@@H](O)[C@@H](O)[C@@H](O)[C@@H]1O.[Na+],91666323
OJAGQZQYWOJBHT-PKJHRQCFSA-N,CCC[C@@H](C)[C@H](OC(=O)/C=C/c1ccccc1)[C@H](C)[C@H](O)C/C=C/C=C\C(N)=O,10501120
MYWUZJCMWCOHBA-VIFPVBQESA-O,C[NH2+][C@@H](C)Cc1ccccc1,40578311
JBCLFWXMTIKCCB-VIFPVBQESA-N,NCC(=O)N[C@@H](Cc1ccccc1)C(=O)O,92953
CUHFIPBCFIPFJM-JXSBNBLESA-O,C/C=C1/C=[N+]2CCc3c([nH]c4ccccc34)[C@@H]2C[C@@H]1/C(=C/O)C(=O)OC,5280619
HSQHRRHRYJNSOC-VMNXYWKNSA-N,CCCCCC/C=C\CCCCCCCC(=O)OCC(CO)OC(=O)CCCCCCC/C=C\CCCCCC,14275348
WWYNJERNGUHSAO-XHCJJCCMSA-N,C#C[C@@]1(O)CC[C@@H]2[C@H]3CCC4=CC(=O)CC[C@H]4[C@@H]3CC[C@]21CC,62929
YSORAXGDTRAEMV-CGXGPNJMSA-N,O=C1C[C@@H](c2ccc(O)c(O)c2)Oc2cc(O[C@@H]3O[C@H](C(=O)O)[C@@H](O)[C@H](O)[C@H]3O)cc(O)c21,10412099
ZLWYEPMDOUQDBW-UHFFFAOYSA-N,NC(=O)c1ccc(N)nc1,9500
WQXXXVRAFAKQJM-UHNVWZDZSA-M,C[C@@H](NC(=O)CC[C@H]([NH3+])C(=O)[O-])C(=O)[O-],25200557
XOXKSLGPWZNSBO-SNVBAGLBSA-N,COc1ccc(C[C@@H](N)C(=O)O)c(C)c1C,92207221
CUXXAUBWEIJETF-AMVLLGRPSA-N,COc1ccc([C@@H](CNC(=O)/C=C/c2ccccc2)OC(=O)/C=C/c2ccccc2)cc1OC,11753871
GLYROUYLKGPVGY-FNORWQNLSA-N,CCCCCC(=O)/C=C/CO,87749152
CTYRPMDGLDAWRQ-UHFFFAOYSA-M,O=S(=O)([O-])Oc1ccccc1,18795569
OZEQMLIYSCBNBR-UHFFFAOYSA-N,Cc1cc(O)cc2oc(=O)cc(O)c12,54707775
STVVMTBJNDTZBF-VIFPVBQESA-N,N[C@H](CO)Cc1ccccc1,447213
UNFCTLFLKCGAOK-LOMQJKJHSA-O,COc1ccc2c(c1OC)C[N+]1(C)CCc3cc4c(c(O)c3[C@@H]1[C@H]2OC(C)=O)OCO4,86278052
QSIMLPCPCXVYDD-UHFFFAOYSA-N,CC1=C(O)C(=O)C(C(C)C)CC1,79023
QWBAFPFNGRFSFB-UHFFFAOYSA-N,O=CC(O)C(=O)O,1122
ZILMKERHGSKQBG-PNCFOYGISA-N,CC/C=C\C/C=C\C/C=C\C/C=C\C/C=C\C/C=C\CCC(=O)O[C@@H](CO)COC(=O)CCCCCCC/C=C\CCCCCCCC,9543890
KNYGWWDTPGSEPD-FUTKDDECSA-N,C[C@H](O)[C@H](O)[C@@H](O)C(=O)COP(=O)(O)O,6451998
GDTXICBNEOEPAZ-BQYQJAHWSA-M,CCCCCC/C=C/CCCCCCCCC(=O)[O-],57455226
JSRLJPSBLDHEIO-SHYZEUOFSA-L,O=c1ccn([C@H]2C[C@H](O)[C@@H](COP(=O)([O-])[O-])O2)c(=O)[nH]1,18601100
NGQGUOMJCQWUSR-UHFFFAOYSA-M,COc1cc(-c2oc3cc(=O)cc(O)c-3cc2O)ccc1[O-],25201457
UDPGUMQDCGORJQ-UHFFFAOYSA-N,O=P(O)(O)CCCl,27982
GBFLZEXEOZUWRN-VKHMYHEASA-N,N[C@@H](CSCC(=O)O)C(=O)O,193653
NSRJSISNDPOJOP-BBRMVZONSA-N,COc1ccc2c(c1)O[C@H]1c3ccc(O)cc3OC[C@@H]21,336327
DBXNUXBLKRLWFA-UHFFFAOYSA-N,NC(=O)CNCCS(=O)(=O)O,81832
JECYUBVRTQDVAT-UHFFFAOYSA-N,CC(=O)c1ccccc1O,8375
RFKHEEQSEZBUAP-KMPIVKRFSA-N,C=C(CC[C@@H](C)[C@H]1CC[C@H]2C3=CC[C@H]4[C@H](C=O)[C@@H](O)CC[C@]4(C)[C@H]3CC[C@]12C)C(C)C,102515184
KFEUJDWYNGMDBV-LNXQBFIRSA-N,CC(=O)N[C@@H]1[C@@H](O)[C@H](O[C@H]2O[C@H](CO)[C@@H](O)[C@H](O)[C@@H]2O)[C@@H](CO)O[C@@H]1O,91853797
CVSVTCORWBXHQV-UHFFFAOYSA-N,CN(CC(=O)O)C(=N)N,586
GEFJKNBTBQBFOH-WFASDCNBSA-N,Oc1ccc([C@@H]2COc3cc(O)ccc3[C@@H]2O)c(O)c1,129320481
GNJARWZWODMTDR-ZHACJKMWSA-N,CCCCCCC/C=C/C(=O)OCC,5463904
ZMSAGNFQKUNPME-UHFFFAOYSA-N,Cc1ccc2oc(-c3cccc(NC(=S)Nc4ccc(Cl)cc4)c3)nc2c1,138453915
QIGJYVCQYDKYDW-ORZFQWOTSA-N,OC[C@H]1O[C@H](O[C@@H]2[C@H](O)[C@H](O)O[C@H](CO)[C@H]2O)[C@@H](O)[C@@H](O)[C@@H]1O,91861827
JHQKUXXJPHSPOL-UHFFFAOYSA-N,CC(=O)Nc1c(I)c(NC(C)=O)c(I)c(C(=O)O)c1I.O.O,12598086
JAPHQRWPEGVNBT-UTUOFQBUSA-N,N[C@@H](C(=O)N[C@@H]1C(=O)N2C(C(=O)O)=C(Cl)CC[C@H]12)c1ccccc1,5284585
LXBFWPWKVZPNRA-NPZYAQMBSA-N,C[C@H]1CCC/C=C/[C@H]2C=C[C@H](O)[C@H](CC(=O)O1)O2,24766620
PLJAVYDLNJODGD-XIBIAKPJSA-L,O=P([O-])([O-])OC[C@@H](CO)O[C@H]1O[C@H](CO)[C@H](O)[C@H](O)[C@H]1O,49792005
NQYDFAGFKCSWGI-UHFFFAOYSA-M,C=C(C)C(CCC(C)O)CC(=O)[O-],4488498
JFBMSTWZURKQOC-UHFFFAOYSA-M,COc1c(C)c(C(=O)c2ccc(N)c(C(=O)[O-])c2)n2ccccc12.[Na+],68853159
JFBCSFJKETUREV-UHFFFAOYSA-N,CCCCCCCCCCCCCC(=O)OCC(CO)OC(=O)CCCCCCCCCCCCC,89298
LQZALQLZOQQFGM-MMLSCURJSA-N,CS(=O)CCCCCCCC(=NOS(=O)(=O)O)S[C@@H]1O[C@H](CO)[C@@H](O)[C@H](O)[C@H]1O,124079390
LJLCFQKDCDGSSK-QYAMTVPHSA-N,C[NH2+][C@@H]1C(=O)C(C(N)=O)=C([O-])[C@@]2(O)C(=O)c3c(c(C)c4cccc(O)c4c3O)C[C@@H]12,122198284
RAFGELQLHMBRHD-SLEZCNMESA-N,COC(=O)/C=C/C(C)=C\C=C\C(C)=C\C=C\C=C(C)\C=C\C=C(C)\C=C\C(=O)O,5281226
KATOYYZUTNAWSA-DLJQHUEDSA-N,CCCCC/C=C\C/C=C\CC(O)/C=C\C=C\CCCC(=O)O,5312978
YUFFSWGQGVEMMI-JLNKQSITSA-N,CC/C=C\C/C=C\C/C=C\C/C=C\C/C=C\CCCCCC(=O)O,5497182
ATGIHMSJAARJTF-CMDGGOBGSA-N,CCCCCC(O)/C=C/C(OC)OC,14159264
ROHFNLRQFUQHCH-UHFFFAOYSA-O,CC(C)CC([NH3+])C(=O)O,5460894
YNDYKPRNFWPPFU-UHFFFAOYSA-L,CCCCCCCCCCCCCCCC(=O)OCC(O)COP(=O)([O-])[O-],25201731
OKGOPKLFGPTQFQ-UHFFFAOYSA-N,COc1cc(O)c(C(CO)C(O)CO)c2oc(=O)c3c(c12)CCC3=O,53297445
CGMAOQLDNKCXGK-UHFFFAOYSA-N,N.N.N.N.N.N.[Ir+3],49867156
ULUIYCOUZXIMPX-XXMQOAAMSA-N,CC(=O)O[C@@H]1C(C)=CC(=O)[C@]2(C/C=C(\C)CC/C=C(\C)CC/C=C(\C)CO)O[C@H]12,121596207
BPRHUIZQVSMCRT-VEUZHWNKSA-M,CC(C)c1nc(N(C)S(C)(=O)=O)nc(-c2ccc(F)cc2)c1/C=C/[C@@H](O)C[C@@H](O)CC(=O)[O-],9869776
UYTPUPDQBNUYGX-UHFFFAOYSA-N,Nc1nc2nc[nH]c2c(=O)[nH]1,135398634
XJLSEXAGTJCILF-RXMQYKEDSA-N,O=C([O-])[C@@H]1CCC[NH2+]C1,1796509
VSRVRBXGIRFARR-CGVLQTJQSA-N,C[C@@H]1O[C@H](O[C@@H]2[C@@H](O)[C@@H](O)[C@@H](CO)O[C@@H]2O)[C@@H](O)[C@H](O)[C@@H]1O,91851260
OYFJQPXVCSSHAI-QFPUQLAESA-N,CCOC(=O)[C@H](CCc1ccccc1)N[C@@H](C)C(=O)N1CCC[C@H]1C(=O)O.O=C(O)/C=C\C(=O)O,5388961
UXVRTOKOJOMENI-WLPVFMORSA-N,CCCCC[C@H](O)[C@H](O)/C=C/C=C/C=C\C=C\[C@@H](O)CCCC(=O)O,5280915
NDNSIBYYUOEUSV-RSAXXLAASA-N,CCC[NH+]1CCCC[C@H]1C(=O)Nc1c(C)cccc1C.[Cl-],53262295
SSPYSWLZOPCOLO-UHFFFAOYSA-N,O=c1cn[nH]c(=O)[nH]1,68037
COBMRTSHZAUOCY-BVKYVCSXSA-L,CC(=O)N[C@H]1[C@@H](O[C@@H](CC(=O)[O-])C(=O)[O-])O[C@H](CO)[C@@H](O)[C@@H]1O,57339290
GZYKLSAPTLKGNM-WMPRHZDHSA-M,CCCCC/C=C\C/C=C\C/C=C\C/C=C\C/C=C\CCCCCCCCCC(O)C(=O)[O-],86583452
UKSPRKDZNYSFRL-BSTUIIAISA-N,O=C1c2c(O)cc(O)cc2O[C@H](c2ccc(O)c(O)c2)[C@H]1O[C@H]1OC[C@@H](O)[C@@H](O)[C@@H]1O,72551441
GDQMVMFTWPZPJD-MWLCHTKSSA-N,C=C(C)[C@@H]1CC[C@@H](C)C(=C)C1,45266815
WZUVPPKBWHMQCE-UHFFFAOYSA-N,Oc1cc2c(cc1O)C1c3ccc(O)c(O)c3OCC1(O)C2,10603
MRDBGMJEPGXQHJ-UHFFFAOYSA-N,C=CCNc1nc(NCC=C)nc(N2CCN(C(c3ccc(F)cc3)c3ccc(F)cc3)CC2)n1.CS(=O)(=O)O.CS(=O)(=O)O,6918543
WKOUXLOBNJWENY-UHFFFAOYSA-N,Cc1cc(=O)c2c(O)c3c(cc2o1)C(=O)c1cc(O)cc(O)c1C3=O,9797928
PECYZEOJVXMISF-UHFFFAOYSA-N,NC(C[NH3+])C(=O)[O-],25201556
UYPYRKYUKCHHIB-UHFFFAOYSA-N,C[N+](C)(C)[O-],1145
HQCBCYUEDZNVBO-UHFFFAOYSA-N,CCN1/C(=C/C=C/c2ccc3ccccc3[n+]2CC)C=Cc2ccccc21,1551050
LSRDCIRGVJBGRF-UHFFFAOYSA-N,COc1c(C)c(O)cc2c1Oc1ccc(CC=C(C)C)c(O)c1C=C2,3009552
NERNKRPBSOBEHC-ATPOGHATSA-N,C=C1CC[C@H]2C(C)(C)CCC[C@]2(C)[C@H]1CC/C(C)=C/CO,10401988
NALXHMIWEUPQCH-POMLREGLSA-N,C[C@@H]1O[C@@H](OCCCCCCCCCCCCCCCCCCCC(=O)O)[C@H](O)C[C@H]1O,86289796
PANXWZAUIGEXEK-UHFFFAOYSA-N,C1COCCCSC1,12163916
HERLDKJUMKGLEM-YPKPFQOOSA-N,CCCCCCCCCC/C=C\CCCCCCCCCC(=O)OCC,90659843
LYAOVDVXUUARTK-GTPINHCMSA-N,NCCCCNCCCNC(=O)[C@H](Cc1ccccc1)NC(=O)C1OC1C(=O)O,70678752
RZMKWKZIJJNSLQ-UHFFFAOYSA-M,COC(=O)CCC[N+](C)(C)C.[Cl-],25804
ASQCCFGXXGXGOZ-UHFFFAOYSA-N,CC(C)(C)C(=O)[O-].CC[NH3+],56927987
CYDYNVMCEGXBEM-JXOAFFINSA-N,Cc1cn([C@@H]2O[C@H](COP(=O)(O)OP(=O)(O)O)[C@@H](O)[C@H]2O)c(=O)[nH]c1=O,23379797
SMPUVWFQRGEBKE-UHFFFAOYSA-N,CCCCCCCCCCCCCCCC(=O)OC(CCCCCCC)CCCCCCCCCC(=O)O,86290200
FQFSPHHVEQZCED-OALUTQOASA-N,C=CC(C)(C)c1[nH]c2c3c(ccc2c1C[C@@H]1NC(=O)[C@@H]2CCCN2C1=O)OC(C)(C)C=C3,16127569
LYUQWQRTDLVQGA-UHFFFAOYSA-O,[NH3+]CCCc1ccccc1,448752
URMUEILYNQBSDZ-SUHMBNCMSA-N,CC(C)=CCCC1(C)C=Cc2c([C@@H]3CC(=O)c4c(cc(O)c(CC=C(C)C)c4O)O3)ccc(O)c2O1,11113726
LUJAXSNNYBCFEE-UHFFFAOYSA-N,COc1cc(O)c2c(=O)c(OC)c(-c3ccc(O)c(O)c3)oc2c1,5280417
MBDUKNCPOPMRJQ-UHFFFAOYSA-N,Nc1ccc(C(=O)O)c(Cl)c1,17154
IGSYEZFZPOZFNC-MMGXBETBSA-N,O=C(O)[C@H]1O[C@H](O[C@@H]2[C@H](O)[C@@H](O)[C@@H](O)O[C@@H]2C(=O)O)[C@H](O)[C@@H](O)[C@H]1O,6857565
WZHRZOAOWSWFFT-JBKILYGRSA-N,CC[C@@H]1CCCNC(=O)[C@H](C)[C@@H](O[C@@H]2O[C@@H](C)[C@@H](O)[C@@H](NC)[C@H]2O)CC[C@H](C)CCC1,70697746
XUYJLQHKOGNDPB-UHFFFAOYSA-L,O=C([O-])CP(=O)([O-])O,25244968
LDCRTTXIJACKKU-ARJAWSKDSA-N,COC(=O)/C=C\C(=O)OC,5271565
AEHUQHOABRTKBQ-CXUYTRDMSA-M,O=C([O-])CCC/C=C\CC(O)/C=C/C=C\C/C=C\CCCCCO,102571786
IGGUPRCHHJZPBS-UHFFFAOYSA-N,CCCCCCCCCCCCCCCCCCCCCCCCCCCCC,12409
UREBDLICKHMUKA-DVTGEIKXSA-N,C[C@H]1C[C@H]2[C@@H]3CCC4=CC(=O)C=C[C@]4(C)[C@@]3(F)[C@@H](O)C[C@]2(C)[C@@]1(O)C(=O)CO,9782
HKIMBCGCVPYUTJ-NTUHNPAUSA-M,CC(C)=CCC/C(C)=C/Cc1cc(C(=O)O)ccc1[O-],54730540
KDSNLYIMUZNERS-UHFFFAOYSA-N,CC(C)CN,6558
MGNPEOZYWFYMNH-ORLNMRMGSA-N,CCCCC[C@@H](/C=C/C=C\C/C=C\C/C=C\CCCC(=O)NCCCC(=O)O)OO,119058215
UQABYHGXWYXDTK-UUOKFMHZSA-J,Nc1nc2c(ncn2[C@@H]2O[C@H](COP(=O)([O-])OP(=O)([O-])NP(=O)([O-])[O-])[C@@H](O)[C@H]2O)c(=O)[nH]1,136351792
CYGSXDXRHXMAOV-UHFFFAOYSA-M,Cc1ccccc1OS(=O)(=O)[O-],22935151
AENXIAWIJGWYCP-UHFFFAOYSA-N,COc1ccc(C2CC(=O)c3c(cc(OC)c(OC)c3OC)O2)cc1,242486
QGQBCKHIRCELEH-QWHCGFSZSA-N,COc1cc(C[C@H](C)[C@H](C)Cc2cc(O)c(O)c(OC)c2)ccc1O,53344597
IAJOBQBIJHVGMQ-SCSAIBSYSA-N,CP(=O)(O)CC[C@@H]([NH3+])C(=O)[O-],6971306
GSABQSGIWIDCHM-UHFFFAOYSA-N,OC1C(Cl)=CC=C(C(c2ccc(Cl)cc2)C(Cl)(Cl)Cl)C1O,5120668
ZQDJSWUEGOYDGT-UHFFFAOYSA-N,C[NH+](C)CCOC(c1ccccc1)c1ccc(Br)cc1.[Cl-],15736
CKGPXFKOAGKQDN-QGZVFWFLSA-N,C[C@@H](O)CCCCCCCCCCCCCCCC(=O)O,76966397
FKONHDPZVQENQZ-UHFFFAOYSA-N,CC(C)C(=O)c1c(O)c2c(c3c(-c4ccccc4)cc(=O)oc13)OC(C(C)(C)O)C2,10250876
BJGNCJDXODQBOB-ZETCQYMHSA-M,O=C([O-])[C@@H]1CSC(c2nc3ccc(O)cc3s2)=N1,135886639
YIXJRHPUWRPCBB-UHFFFAOYSA-N,O=[N+]([O-])[O-].O=[N+]([O-])[O-].[Mg+2],25212
XBTXTLKLSHACSS-NTSWFWBYSA-N,N[C@@H]1C(C(=O)O)=CC=C[C@@H]1O,17754024
FCCDDURTIIUXBY-UHFFFAOYSA-N,NC(=O)CCCCC1CCSS1,863
AWOVNILLOBWMSZ-NFMPGMCNSA-N,C=C1C[C@]23C[C@H]1CC[C@H]2[C@@]12CC[C@H](F)[C@@](C)(C(=O)O1)[C@H]2[C@@H]3C(=O)O,14605574
FWPPTMJFWIEUPY-QMMMGPOBSA-N,N[C@@H](Cc1c[nH]c2c(Cl)c(Cl)ccc12)C(=O)O,91530202
NTIWNFLUZQSLDR-UHFFFAOYSA-N,CCCCCC(C)OC(=O)c1ccccc1C(=O)O,5156745
KEEQSWOXTDTQJV-BYPYZUCNSA-N,CC(C)(O)C[C@H](N)C(=O)O,21087467
CQQNNQTXUGLUEV-UHFFFAOYSA-N,Nc1nc2c(c(=O)[nH]1)N=C(CO)CN2,135398568
TWNIBLMWSKIRAT-VFUOTHLCSA-N,O[C@@H]1[C@@H](O)[C@@H]2OC[C@@H](O2)[C@H]1O,2724705
KFEUJDWYNGMDBV-XXMRRKKZSA-N,CC(=O)N[C@@H]1C(O)O[C@H](CO)[C@@H](O[C@@H]2O[C@H](CO)[C@H](O)[C@H](O)[C@H]2O)[C@@H]1O,11058078
CCYKXDPVYWRNMH-UHFFFAOYSA-N,COc1ccc(-c2c(O)c3c(OC)c4c(c(CC=C(C)C)c3oc2=O)OC(C)(C)C=C4)cc1,54699185
LJOOSFYJELZGMR-UHFFFAOYSA-N,O=c1ccc2ccc(OS(=O)(=O)O)cc2o1,129659
UEDZCHGCEKMYMD-LDLOPFEMSA-N,CCCCCCCCCCCCCCCCCCCC(=O)OC[C@H](COP(=O)(O)OCCN)OC(=O)CCCCCCCCCCCCCCC,52924880
XUFSGVREMRKLBR-UHFFFAOYSA-N,O=c1c2c(oc3cc(O)cc(O)c13)-c1ccc(O)c(O)c1CO2,11461162
VEAUNWQYYMXIRB-UHFFFAOYSA-N,C=CC(C=Cc1ccc(O)cc1)c1ccc(O)cc1,157288
CQQGIWJSICOUON-UWTATZPHSA-L,O=C([O-])[C@H](O)CS(=O)(=O)[O-],45479474
GSSOWCUOWLMMRJ-UHFFFAOYSA-N,O=c1c(-c2ccc(O)cc2O)coc2cc(O)cc(O)c12,5282074
RGMLRJHDNMCVGX-SDBHATRESA-N,NCCCCCCNc1nc(N)c2ncn([C@@H]3O[C@@H]4COP(=O)(O)O[C@H]4[C@H]3O)c2n1,44755017
ZGNBLKBZJBJFDG-SSDOTTSWSA-N,C[N+](C)(C)C[C@@H](CC(=O)[O-])OC(=O)CC(=O)O,91825606
PKPZITUQXLANSE-AEBMIEDASA-N,CO[C@@H]1O[C@H](CO)[C@@H](O[C@@H]2O[C@H](CO)[C@H](O)[C@H](O)[C@H]2O)[C@H](O)[C@H]1NC(C)=O,10992961
OAORYCZPERQARS-VIFPVBQESA-N,N[C@@H](Cc1c[nH]c2cc(Br)ccc12)C(=O)O,9856996
RYVNIFSIEDRLSJ-UHFFFAOYSA-N,Nc1[nH]c(=O)ncc1CO,70751
RONZAEMNMFQXRA-UHFFFAOYSA-N,CN1CCN2c3ncccc3Cc3ccccc3C2C1,4205
HNDVDQJCIGZPNO-YFKPBYRVSA-M,N[C@@H](Cc1cnc[nH]1)C(=O)[O-],5460948
FMRVHRPEVIVXKX-ZJIVTKJASA-M,CCCCC[C@@H]1O[C@H]1[C@H](O)/C=C\C/C=C\C/C=C\CCCC(=O)[O-],71728436
QPEJHSFTZVMSJH-UHFFFAOYSA-M,Nc1cc([O-])cc(C(=O)O)c1,54691709
OVIPDYYHLHEFDF-YIXHJXPBSA-L,CC(=O)c1c(/C=C(/O)CC(=O)[O-])cc2c(c1[O-])C(=O)c1c(O)cc(O)cc1C2,86289439
NIZKGBJVCMRDKO-KWQFWETISA-N,C[C@H](N)C(=O)NCC(=O)N[C@@H](Cc1ccc(O)cc1)C(=O)O,54113898
PSYVAIWGYVDYHN-FNORWQNLSA-N,O=C(/C=C/c1ccc(O)c(O)c1)c1ccccc1O,5709318
ZCXLTIZTHGOSFH-GLOHGQAKSA-N,C[C@]12CC[C@H]3[C@@H](CC[C@H]4CC(=O)CC[C@@]43CO)[C@@H]1CC[C@@H]2O,257409
VDWJABPVVAYLBS-BPYAMOTFSA-N,C=C1C(=O)OC[C@H]2C(C(=O)O)=C[C@@H]3CC(C)(C)C[C@@]132,11054473
XFTRTWQBIOMVPK-YFKPBYRVSA-L,C[C@](O)(CC(=O)[O-])C(=O)[O-],5460279
JYZJYKOZGGEXSX-ZDUSSCGKSA-M,CCCCCCCCCCCC[C@H](O)C(=O)[O-],22298950
QVGFDWPRYXYPGU-HAGHYFMRSA-N,CC(C)c1cc2c(cc1O)[C@]13CCC[C@](C)(CO[C@@H]1O)[C@@H]3CC2,50900509
UMOAAMQGRRCHPA-GJCOWUBNSA-M,CCCCCCCC/C=C\CCCCCCCC(=O)N[C@@H](CC(C)C)C(=O)[O-],122391302
IUKXMNDGTWTNTP-RHDCIPCHSA-N,CCCCCC(O)/C=C/C=C\C/C=C\CCCCCCC(=O)O,44322431
KIHBGTRZFAVZRV-QGZVFWFLSA-M,CCCCCCCCCCCCCCCC[C@@H](O)C(=O)[O-],21145040
LLEUXCDZPQOJMY-AAEUAGOBSA-N,N[C@@H](CCC(=O)O)C(=O)N[C@@H](Cc1c[nH]c2ccccc12)C(=O)O,100094
MUUFJLJGMRBUTO-UHFFFAOYSA-N,O=c1c(OS(=O)(=O)O)c(-c2ccc(OS(=O)(=O)O)c(O)c2)oc2cc(O)cc(O)c12,5280403
VBJCSMQHVABALD-QUJPKXGGSA-N,CC[C@H](OC(C)=O)c1cc(=O)oc2c3c(c(C(=O)[C@@H](C)CC)c(O)c12)OC(C(C)(C)O)C3,10388861
RXPRRQLKFXBCSJ-GIVPXCGWSA-N,CC[C@]12CCCN3CCc4c(n(c5ccccc45)[C@@](O)(C(=O)OC)C1)[C@@H]32,15376
NJIYMLLTXNGJHV-REZTVBANSA-N,CC(C)=CCC/C(C)=C/Cc1cc(CCC(=O)c2c(O)cc(O)cc2O)ccc1O,25016411
ZELUXPWDPVXUEI-ZWKOTPCHSA-N,C=C(C)[C@@H]1CCC(CO)=C[C@H]1c1c(O)cc(CCCCC)cc1O,11301963
HOGVTUZUJGHKPL-HTVVRFAVSA-N,CN1N=C(N)c2cn([C@@H]3O[C@H](CO)[C@@H](O)[C@H]3O)c3ncnc1c23,65399
AWMJEDMVXAOTQZ-QUQNHZJXSA-M,COC(=O)[C@@]12C(=O)C(C)=C([O-])[C@]1(C)C(C)=C[C@H]1[C@]3(C)CC[C@H](OC(C)=O)C(C)(C)[C@H]3CC[C@@]12C,135563722
VQLPLYSROCPWFF-QZTJIDSGSA-N,CN(C(=O)Cc1ccc(Cl)c(Cl)c1)[C@@H]1CCCC[C@H]1N1CCCC1,3036289
FDKWRPBBCBCIGA-UHFFFAOYSA-O,[NH3+]C(C[Se])C(=O)O,6398630
MABQGZCUZBRXEX-UHFFFAOYSA-M,CCCC[n+]1ccc2c3ccccc3n(Cc3ccccc3)c2c1-c1ccccc1Cl.[Br-],86289920
FJRBFGWVEWZBJD-HNNXBMFYSA-N,O=C1NC(Cc2c[nH]c3ccccc23)=CN2CCC[C@@H]12,145712526
YKIUQPPQZSVUED-OBYDOTQASA-M,O=C([O-])CCCC(O)/C=C/C=C\C/C=C\C/C=C\C/C=C\CCO,118796923
JHWXXJLDNKFDNH-SUFQWKDWSA-N,C/C=C1/CN2[C@H]3C[C@]45c6ccccc6N(C)[C@H]4[C@@H]2C[C@@H]1[C@H]3[C@H]5OC(=O)c1cc(OC)c(OC)c(OC)c1,134814708
AMFGTOFWMRQMEM-UHFFFAOYSA-N,CCOP(=S)(OCC)Oc1ncn(-c2ccccc2)n1,32184
BUXCUOWXTOKEMQ-UHFFFAOYSA-N,Cl.Cl.NCCc1ccn[nH]1,67412
WLAMNBDJUVNPJU-UHFFFAOYSA-N,CCC(C)C(=O)O,8314
UQJFAJZAVYKPEN-NYVOMTAGSA-M,CCCCCCCC/C=C\CCCCCCCC(=O)NCCOP(=O)([O-])OC[C@H](O)COC(=O)CCCCCCC/C=C\CCCCCCCC,91666396
RMOIHHAKNOFHOE-UHFFFAOYSA-N,CC(=O)NCCCCCN,189087
RCZMWVKBVFOCEE-ZDUSSCGKSA-N,COc1c(CC=C(C)C)c(O)cc2c1C[C@H](c1ccc(O)cc1O)CO2,480859
VVNCNSJFMMFHPL-VKHMYHEASA-N,CC(C)(S)[C@@H](N)C(=O)O,5852
QYXIJUZWSSQICT-UHFFFAOYSA-N,NC(Cc1cc(I)c(Oc2cc(I)c(OS(=O)(=O)O)c(I)c2)c(I)c1)C(=O)O,44237188
CIPFCGZLFXVXBG-FTSGZOCFSA-N,O=P(O)(O)OC1[C@H](O)[C@H](OP(=O)(O)O)C(OP(=O)(O)O)[C@H](OP(=O)(O)O)[C@H]1O,107758
MZZHKIPFYPOYKP-NYJULOOZSA-N,CCCCCCCC/C=C\CCCCCCCCCC(=O)O[C@H](COC(=O)CCCCCCCCCCCCCCC)COP(=O)([O-])OCC[N+](C)(C)C,52922418
VMDLXEJHKASDPJ-YGGHMXSPSA-N,COc1cc2c(c(OC)c1OC)-c1c(cc3c(c1OC)OCO3)[C@H](OC(C)=O)[C@H](C)[C@H](C)[C@@H]2O,53355341
SJSOFNCYXJUNBT-UHFFFAOYSA-N,COc1cc(C(=O)O)cc(OC)c1OC,8357
DKXQWQBYCTXRSN-UHFFFAOYSA-N,CCCCCCCCCCCCCCCCCCCCCCCCCCCCCC(O)C(CCCCCCCCCCCCCC)C(=O)O,21524386
VPFMEXRVUOPYRG-UHFFFAOYSA-N,C#CCCCC(=O)O,143036
CKGYHPCQZHSHKS-XMMPIXPASA-N,CCCCCCCCCCCCCCCC(=O)O[C@H](COC)COP(=O)([O-])OCC[N+](C)(C)C,24779267
WSMYVTOQOOLQHP-UHFFFAOYSA-N,O=CCC=O,10964
UGGAHNIITODSKB-ONERCXAPSA-N,Cc1cc(O)c([C@]2(C)CC[C@@H]3C[C@@]32C)cc1Br,11471955
BAEYWOSUJSUYFI-UHFFFAOYSA-N,CC(C)=CCc1c(O)ccc(C2COc3cc(O)cc(O)c3C2=O)c1O,10405960
AMSPWOYQQAWRRM-UHFFFAOYSA-N,COc1cc(C)c(C(=O)c2c(OC)ccc(Br)c2C)c(OC)c1OC,6451057
FSQQTNAZHBEJLS-UPHRSURJSA-N,NC(=O)/C=C\C(=O)O,5280451
CTERCLHSWSQHSD-UHFFFAOYSA-N,COc1cc(S(=O)(=O)O)c2ccc3c(S(=O)(=O)O)cc(S(=O)(=O)O)c4ccc1c2c43,2762662
CFONOJVUTZAMCB-UHFFFAOYSA-N,O=CCCC(=O)c1cccnc1,115084
AGPYWZSEQMBMKM-UHFFFAOYSA-N,CCCCCCCCC(C)CC(=O)Cc1cc(O)cc(=O)o1,91825628
KIQMCGMHGVXDFW-UHFFFAOYSA-N,Cn1cnc2nc[nH]c2c1=O,70765
NBSCHQHZLSJFNQ-VFUOTHLCSA-N,O=P(O)(O)OC[C@H]1O[C@@H](O)[C@H](O)[C@@H](O)[C@@H]1O,439427
KBBKHMIEEMSXSM-JVXZTZIISA-N,Cc1c(C[C@@]2(C)C(=O)NC(=O)N[C@H]2CO)[nH]c(=O)[nH]c1=O,445213
XMZFUVYOYPLVOA-VLHUWQDUSA-N,CCCCCCCC/C=C\C/C=C\C/C=C\CCCC(=O)O[C@H](COC(=O)CCCCCCCCCCCCCCC)COP(=O)([O-])OCC[N+](C)(C)C,24778715
QXNWZXMBUKUYMD-QQGJMDNJSA-N,CC1=C(/C=C/C(C)=C/C=C/C(C)=C/C=C/C=C(C)/C=C/C=C(C)/C=C/C2=C(C)C(=O)CCC2(C)C)C(C)(C)CCC1,5281236
ODGRMKHYFIFZML-UHFFFAOYSA-N,CCc1[nH]nc(-c2ccc(OC)cc2)c1-c1ccccc1O,257428
NACNPFXTZNCJJY-UHFFFAOYSA-N,CCCCCCCCCCCCC(C)(O)C(O)CC(=O)O,17862689
LVRFTAZAXQPQHI-RXMQYKEDSA-N,CC(C)C[C@@H](O)C(=O)O,439960
SNDPXSYFESPGGJ-BYPYZUCNSA-N,CCC[C@H]([NH3+])C(=O)[O-],6950514
JMOXSQYGVIXBBZ-UHFFFAOYSA-N,CN(C)CCC(=O)O,239828
VCUVETGKTILCLC-UHFFFAOYSA-N,CC1(C)CCC=[N+]1[O-],1774
JAMQFDQVIRENDO-NQLNTKRDSA-N,CCCCC/C=C\C/C=C\CCCCCCCc1cc(O)cc(O)c1OC(C)=O,11741856
YCCGSWHBNBAHIT-UHFFFAOYSA-N,CC(Nc1nc2nc[nH]c2c(=O)[nH]1)C(=O)O,136177057
FMZRBSGCMFABIX-UHFFFAOYSA-N,Cc1cc(O)c(C=O)c2c1C(=O)Oc1c(O)c3c(c(C)c1O2)C(=O)CC(C)(C)O3,44254336
PRYIJAGAEJZDBO-DTLXENBRSA-N,CC(C)CCC[C@@H](C)[C@H]1CC[C@H]2[C@@H]3C[C@H]4O[C@]45C[C@@H](O)CC[C@]5(C)[C@H]3CC[C@]12C,108109
IKNYNBVDLOWJFN-AKGWNBJDSA-N,CCC[C@@H](O)CCCCCCCc1cc(O)cc(O)c1C(=O)O[C@H](CCC)CCCCCCCc1cc(O)cc(O)c1,70678748
LSQMWRYAYJLQRL-QSYYFJFSSA-N,CCCCCCCCCCCCCCCCCCCCCCCCCC(=O)N[C@@H](COP(=O)([O-])OCC[N+](C)(C)C)[C@H](O)[C@H](O)CCCCCCCCCCC(C)C,70679163
XANCOYIVTNZKOE-UHFFFAOYSA-N,Oc1ccc2nc(Cl)ccc2c1,22132577
AYQPVPFZWIQERS-VOTSOKGWSA-N,CCCCC/C=C/CO,5318599
MXNKUBJIXVVNPY-UNYLCCJPSA-N,CC(Nc1nc2c(ncn2[C@H]2C[C@H](O)[C@@H](CO)O2)c(=O)[nH]1)C(=O)O,135970739
VPNYRYCIDCJBOM-UHFFFAOYSA-M,C[N+]1(C)CCC(OC(=O)C(O)(c2ccccc2)C2CCCC2)C1.[Br-],11693
GPQVVJQEBXAKBJ-YQLHGUCYSA-N,CC[C@H]1O[C@H]1C/C=C\C/C=C\C/C=C\C/C=C\CCCC(=O)O,27076755
YWFPGFJLYRKYJZ-UHFFFAOYSA-N,Oc1ccc(C2(c3ccc(O)cc3)c3ccccc3-c3ccccc32)cc1,76716
MGJLNRAMOCXZAS-BPVVGZHASA-N,CCCCC[C@@H](/C=C/C=C\C/C=C\C/C=C\CCCC(=O)NCCS(=O)(=O)O)OO,119058192
FDKWRPBBCBCIGA-REOHCLBHSA-N,[NH3+][C@@H](C[Se])C(=O)[O-],25245418
RIVKDDXPCFBMOV-PTDQARIVSA-N,C/C1=C\[C@H](O)C[C@](C)(O)/C=C/[C@H](C(C)C)CC/C(C)=C/CC1,11109567
GSZQTIFGANBTNF-UHFFFAOYSA-N,[NH3+]CCCP(=O)([O-])O,4868255
MVLVMROFTAUDAG-UHFFFAOYSA-N,CCCCCCCCCCCCCCCCCC(=O)OCC,8122
WQSDYZZEIBAPIN-VBQORRLJSA-N,O=C(/C=C/c1ccc(O)c(O)c1)O[C@@H]1O[C@H](CO)[C@@H](O)[C@H](O)[C@H]1O,5281761
JVXZRQGOGOXCEC-UHFFFAOYSA-M,O=c1cc(-c2ccc(O)cc2)oc2cc(O)c(O)c([O-])c12,86289526
GBAFNXLIBBSENQ-UHFFFAOYSA-N,CCCCCCCCCCCCCCCCCC(=O)Cc1cc(O)cc(=O)o1,86583424
JLFAUQJLFMCCHI-UHFFFAOYSA-N,CC(C)CCCCCCCCCCCCCCCCCCCCCCCCCCCO,14452912
OWZBCUNEIOMYKW-SNPVRQPZSA-N,CCCCC/C=C\C/C=C\C/C=C\C/C=C\CC(O)CC(=O)OC(CC(=O)[O-])C[N+](C)(C)C,71464596
SHZGCJCMOBCMKK-AIECOIEWSA-N,C[C@H]1O[C@@H](O)[C@H](O)[C@H](O)[C@H]1O,7567127
IGUYEXXAGBDLLX-UHFFFAOYSA-N,CCOC(=O)C1(C)OC(=O)N(c2cc(Cl)cc(Cl)c2)C1=O,51574
CDZVJFRXJAUXPP-AREMUKBSSA-M,CCCCCCCCCCCCCCCC(=O)OC[C@H](COP(=O)([O-])OCC[N+](C)(C)C)OC(=O)CCCC(=O)[O-],86289345
JCEZJHOHMHDSJO-UHFFFAOYSA-N,C=C=CC(N)CCCNC(=N)N,135760586
CMNKQZLRPGSYAM-OMTGHCCBSA-N,NCCCCCCOP(=O)(O)O[C@H]1[C@@H](O)[C@H](n2ccc(=O)[nH]c2=O)O[C@@H]1COP(=O)(O)Oc1ccc(C[C@H](N)C(=O)O)cc1,49852446
HMCYXRFNNOPPPR-AXTSPUMRSA-N,C[C@@H](C=O)[C@H]1CC[C@H](C)[C@H]1C=O,442426
MQMWPBBDMIYYMI-UHFFFAOYSA-N,Nc1ccccc1C(=O)C(=O)O,3782988
ZCGOJWAIXQAUMW-KSFYIVLOSA-N,COc1cc2c(c(OC)c1CC=C(C)C)[C@@H]1Oc3cc(O)ccc3[C@@H]1CO2,70698146
AGPKZVBTJJNPAG-CRCLSJGQSA-N,CC[C@H](C)[C@@H]([NH3+])C(=O)[O-],6950184
FONIWJIDLJEJTL-UHFFFAOYSA-N,CC(=O)NCCCCNCCCN,123689
ZYUSTWOCCKABCY-JSYAWONVSA-M,O=C(/C=C/c1ccc(O)cc1)c1c([O-])cc(O[C@@H]2O[C@H](CO)[C@@H](O)[C@H](O)[C@H]2O)cc1O,86289435
VNYSSYRCGWBHLG-CTOJTRLNSA-M,CCCCC/C=C\C[C@H](O)/C=C/C=C/C=C/[C@@H](O)CCCC(=O)[O-],122391285
NSHPHXHGRHSMIK-JRIKCGFMSA-N,C/C1=C/C(=O)O[C@@H]2C[C@@H](CC[C@H](C)/C=C\CC1)O[C@@](O)([C@@H]1CSC(=O)N1)C2,6436219
AGUIVNYEYSCPNI-UHFFFAOYSA-N,CN(c1c([N+](=O)[O-])cc([N+](=O)[O-])cc1[N+](=O)[O-])[N+](=O)[O-],10178
OGNKZWAQLJPNLL-STQMWFEESA-N,CC(=O)N[C@@H](Cc1ccc([N+](=O)[O-])cc1)C(=O)N[C@@H](CCC(N)=O)C(=O)O,70788999
NUPJIGQFXCQJBK-UHFFFAOYSA-N,COCc1cnc(C2=NC(C)(C(C)C)C(=O)N2)c(C(=O)O)c1,86137
DUHQIGLHYXLKAE-UHFFFAOYSA-N,CC(C)(CC(=O)O)CC(=O)O,20984
UOORRWUZONOOLO-OWOJBTEDSA-N,Cl/C=C/CCl,24726
UJFAUIPJOQKLMK-RNCFNFMXSA-N,C[C@@H](O)[C@H](N)C(=O)Nc1ccc2ccccc2c1,7021442
XXJWXESWEXIICW-UHFFFAOYSA-N,CCOCCOCCO,8146
BMLIIPOXVWESJG-LMBCONBSSA-N,COc1cc([C@@H]2Oc3c(O)cc([C@H]4Oc5cc(O)cc(O)c5C(=O)[C@@H]4O)cc3[C@H]2CO)ccc1O,441764
VYDWQPKRHOGLPA-UHFFFAOYSA-N,O=[N+]([O-])c1cnc[nH]1,18208
FXDNYOANAXWZHG-UHFFFAOYSA-N,NC(CCOP(=O)(O)O)C(=O)O,953
PYXFVCFISTUSOO-BKYULYPYSA-N,CC(C)=CCCC(C)(O)[C@H]1CC[C@]2(C)[C@@H]1[C@H](O)C[C@@H]1[C@@]3(C)CC[C@H](O)C(C)(C)[C@@H]3CC[C@]12C,9890474
QKVYEHVFHQOMSA-UHFFFAOYSA-N,CCC(C)CCCCCCCCCCCCCCCCCCCCCCC(=O)O,5282609
YHNWVIARBYOXLM-UHFFFAOYSA-N,CCN1\C(=C/C=C/C=C/C=C/C2=[N+](CC)c3ccccc3C2(C)C)C(C)(C)c2ccccc21,22982220
SPBROLJVHYTNGF-BSNNDZOISA-N,CCCCCC/C=C\CCCCCCCC(=O)OC[C@H](CO)OC(=O)CCCCCCCCCCCCCCCCC,9543691
LMTGTTLGDUACSJ-ZUHYCWGWSA-J,O=P([O-])([O-])OC[C@@H](O)[C@H]1O[C@H](OP(=O)([O-])[O-])[C@@H](O)[C@@H](O)[C@@H]1O,46906054
JHEDABDMLBOYRG-WRAWDCBKSA-N,C[C@H]1OC(OP(=O)(O)OP(=O)(O)OC[C@H]2O[C@@H](n3ccc(N)nc3=O)[C@H](O)[C@@H]2O)[C@H](O)C[C@@H]1O,440058
KBPHJBAIARWVSC-RGZFRNHPSA-N,CC1=C[C@H](O)CC(C)(C)[C@H]1/C=C/C(C)=C/C=C/C(C)=C/C=C/C=C(C)/C=C/C=C(C)/C=C/C1=C(C)C[C@@H](O)CC1(C)C,5281243
BSKQISPKMLYNTK-UHFFFAOYSA-N,Cc1ccc2c(c1O)C(=O)c1ccc(O)cc1C2=O,124063
LPQZKKCYTLCDGQ-WEDXCCLWSA-M,C[C@]1(Cn2ccnn2)[C@H](C(=O)[O-])N2C(=O)C[C@H]2S1(=O)=O,7048533
AEFNZGGBWOQYID-KQPZCCJBSA-N,C/C(=C\Cc1cc(O)c2ccccc2c1O)CCC[C@H](C)CCC[C@H](C)CCCC(C)C,91820032
GKJZMAHZJGSBKD-JPDBVBESSA-M,CCCCC/C=C\C=C/CCCCCCCCC(=O)[O-],25789733
LSHVYAFMTMFKBA-FPOVZHCZSA-N,O=C(O[C@H]1Cc2c(O)cc(O)cc2O[C@H]1c1ccc(O)c(O)c1)c1cc(O)c(O)c(O)c1,65056
DVPQPQUTSYCKEZ-ZDUSSCGKSA-N,CC(C)=CCOc1ccc(C[C@H]([NH3+])C(=O)[O-])cc1,86289519
DYAHQFWOVKZOOW-MRVPVSSYSA-N,CC(C)O[P@@](C)(=O)F,12315316
MWPLVEDNUUSJAV-UHFFFAOYSA-N,c1ccc2cc3ccccc3cc2c1,8418
TUZCJNZERFWZAS-YDBSYXHISA-O,CC[C@H]1C[C@H]2C[NH+]3CCc4c([nH]c5ccc(O)cc45)[C@](C(=O)OC)(C2)[C@H]13,146014735
HRYLQFBHBWLLLL-AHNJNIBGSA-N,C=C1C(=O)O[C@@H]2/C=C(\C)CC/C=C(\C)CC[C@@H]12,5281437
XGOUJSICOGRIKX-UHFFFAOYSA-N,CCCC(=O)c1c(O)c(C)c(O)c(CC2=C(O)C(C)(C)C(=O)C(C(=O)CC)=C2O)c1O,25096978
CQTZJAKSNDFPOB-UHFFFAOYSA-N,O=P(O)(O)Oc1ccc2ccccc2c1,83133
MYTTWBLCPBFMFR-BENRWUELSA-N,C=CCCCCCCCCCCC/C=C\CCCC,57339197
YKYONYBAUNKHLG-UHFFFAOYSA-N,CCCOC(C)=O,7997
DRHKJLXJIQTDTD-UHFFFAOYSA-N,CCOc1ccccc1OCCNC(C)Cc1ccc(OC)c(S(N)(=O)=O)c1,121829
XIUXKAZJZFLLDQ-UHFFFAOYSA-N,CCCCCCCCCCCCCCC(=O)OC,23518
JFCQEDHGNNZCLN-UHFFFAOYSA-N,O=C(O)CCCC(=O)O,743
WWXWRWHYGBFEST-UHFFFAOYSA-N,O=C(OCC1CO1)c1ccccc1-c1c2ccc(=O)cc-2oc2cc(OCC3CO3)ccc12,15366546
WVQBLGZPHOPPFO-UHFFFAOYSA-N,CCc1cccc(C)c1N(C(=O)CCl)C(C)COC,4169
FNDGDKSOMNMMLY-UHFFFAOYSA-N,CCCCn1c(C=O)ccc1CO,46878530
SBFPHBDUKAKWJL-OGQVOSTCSA-M,CCCCCCCC\C=C/C=C/C=C/[C@@H](SC[C@H]([NH3+])C(=O)NCC(=O)[O-])[C@@H](O)CCCC(=O)[O-],122198281
OULAJFUGPPVRBK-UHFFFAOYSA-N,CCCCCCCCCCCCCCCCCCCCCCCCCCCCCCCCCCO,185639
HORDMJSRMPFAQP-JNDNVOJLSA-N,Cc1cc2nc3c(=O)[nH]c(=O)nc-3n(C[C@H](O)[C@H](O)[C@H](O)COP(=O)(O)O[C@H](C)[C@H](N)C(=O)O)c2cc1C,71627253
CEQFOVLGLXCDCX-UHFFFAOYSA-M,CN(C)c1ccc(N=Nc2ccccc2C(=O)[O-])cc1,5235308
ILQLNMYYQUJEBU-UHFFFAOYSA-N,O=C(O)CCCCCCCCCCC(O)CCCCCCO,58271398
YOYBPHLYMUAKGZ-LURJTMIESA-N,NCC(=O)NCCCC[C@H](N)C(=O)O,7000162
ROHFNLRQFUQHCH-UHFFFAOYSA-M,CC(C)CC(N)C(=O)[O-],5460895
VHOCUJPBKOZGJD-UHFFFAOYSA-N,CCCCCCCCCCCCCCCCCCCCCCCCCCCCCC(=O)O,10471
SNIKUAHTCDOHBZ-UHFFFAOYSA-N,COc1cc2[nH]c(C(=O)n3cc(C)c4c5cc(C(=O)N6CCc7c6c(O)c(OC)c6[nH]c(C(=O)SC)cc76)[nH]c5c(O)cc43)cc2cc1O,91828265
JJSZXCSTFDBBBZ-HUESYALOSA-N,CCCCCCCCCCCCCCCCCCCC(=O)OC[C@H](COP(=O)([O-])OCC[N+](C)(C)C)OC(=O)CCCCCCCCCCCCCCC,24779030
GRSZFWQUAKGDAV-KQYNXXCUSA-L,O=c1[nH]cnc2c1ncn2[C@@H]1O[C@H](COP(=O)([O-])[O-])[C@@H](O)[C@H]1O,135398639
OAPNFEMIOBGOHM-UHFFFAOYSA-P,COc1ccc2nc3cc(Cl)ccc3c([NH2+]CCC[NH2+]CCCl)c2c1,121596200
UUYGJEDLSUBYHW-CHWWFWEZSA-N,C=C(C)CC(NC(=O)[C@H](CO)NC(=O)CCCCC(C)(C)O)C(=O)C1(CO)CO1,10001844
FDJDTDDUDZAAFP-NPZYAQMBSA-N,C[C@H]1CCC/C=C/[C@H]2CC[C@H](O)[C@H](CC(=O)O1)O2,24766619
AHDRBWCUVQGBTR-DNEUNLEDSA-N,COc1ccc(O)c2c1C[C@]1(C)[C@@H](C)CC[C@H]3C(C)(C)CCC[C@]31O2,9928112
GKUSDFCBGXFHIL-QVLXMGEUSA-N,O=C(/C=C/c1ccc(O)cc1)OC[C@H]1O[C@H](O)[C@H](O)[C@@H](O)[C@@H]1O,13915665
RPKAMUABMATLMM-KHPPLWFESA-M,CCCCCCCCC/C=C(\[O-])C(=O)O,135563651
IAJOBQBIJHVGMQ-SCSAIBSYSA-N,CP(=O)(O)CC[C@@H](N)C(=O)O,6971307
AXJKOPKPNZMCIN-GSEBOFAUSA-L,CCCCC/C=C\C/C=C\C/C=C\C/C=C\CCCC(=O)O[C@H](COC(=O)CCCCCCCCCCCCCCCCC)COP(=O)([O-])[O-],72715821
RZMOCWAVIGQAOB-DIRLFQLBSA-N,Cc1cn([C@H]2C[C@H](O)[C@@H](COP(=O)(O)OP(=O)(O)O[C@H]3O[C@H](C)CC(=O)[C@H]3O)O2)c(=O)[nH]c1=O,441097
JOLJIIDDOBNFHW-UHFFFAOYSA-N,CCCCCCOc1nsnc1C1=CCCN(C)C1,60809
WQEPLUUGTLDZJY-UHFFFAOYSA-M,CCCCCCCCCCCCCCC(=O)[O-],22169126
JCTRJRHLGOKMCF-ZSOIEALJSA-N,COc1cc(/C=N\O)nc(-c2ccccn2)c1,135478684
QPJPDAWUDLZIDJ-MGMUYRNOSA-N,C=CCC1=C[C@@]2(OC)C(=O)[C@@H](C1=O)[C@H](c1ccc(O)c(OC)c1)[C@H]2C,3083438
MCSINKKTEDDPNK-UHFFFAOYSA-N,CCCOC(=O)CC,7803
ZGSDGGRVFIYKKE-OXQOHEQNSA-N,C[N@+]12CCCC[C@@H]1CCC(=C(c1cccs1)c1cccs1)C2,72160
OALBJWDVDNROSF-VMZHVLLKSA-N,C/C=C/c1oc2c(c(=O)c1O)C(=O)N[C@@H]2O,16756786
HESCAJZNRMSMJG-KKQRBIROSA-N,C/C(=C\c1csc(C)n1)[C@@H]1C[C@@H]2O[C@@H]2CCC[C@H](C)[C@H](O)[C@@H](C)C(=O)C(C)(C)[C@@H](O)CC(=O)O1,448799
VWVYILCFSYNJHF-UHFFFAOYSA-N,Cn1c2ccccc2c2c3c(c4c5ccccc5n(CCC#N)c4c21)CNC3=O,3501
OGKYMFFYOWUTKV-UHFFFAOYSA-N,NCCNS(=O)(=O)c1ccc(Cl)c2ccncc12,129236
OSFWJKYWJMZKSM-SCSAIBSYSA-N,C[C@@H]1Cc2c(Cl)cc(C(=O)O)c(O)c2C(=O)O1,107911
VVAVKBBTPWYADW-UHFFFAOYSA-L,O=S(=O)([O-])c1ccc(N=Nc2ccc(N=Nc3c(O)ccc4ccccc34)c(S(=O)(=O)[O-])c2)cc1.[Na+].[Na+],20170
DSSYKIVIOFKYAU-UHFFFAOYSA-N,CC12CCC(CC1=O)C2(C)C,2537
DSCFFEYYQKSRSV-FEPQRWDDSA-N,COC1[C@@H](O)[C@@H](O)C(O)[C@H](O)[C@H]1O,164619
MUVSVZOWXAYLSD-YWZLYKJASA-N,CC(C)c1cc2c(c(O)c1O)[C@@]1(C)CCCC(C)(C)[C@@H]1CC2,46832173
CQRYARSYNCAZFO-UHFFFAOYSA-N,OCc1ccccc1O,5146
LPQZKKCYTLCDGQ-WEDXCCLWSA-N,C[C@]1(Cn2ccnn2)[C@H](C(=O)O)N2C(=O)C[C@H]2S1(=O)=O,123630
BFYIZQONLCFLEV-DAELLWKTSA-N,C=C1C[C@@H]2[C@H](CC[C@]3(C)C(=O)CC[C@@H]23)[C@@]2(C)C=CC(=O)C=C12,60198
PMOWTIHVNWZYFI-WAYWQWQTSA-M,O=C(O)/C=C\c1ccccc1[O-],54714352
IQPNAANSBPBGFQ-UHFFFAOYSA-M,O=c1cc(-c2ccc([O-])c(O)c2)oc2cc(O)cc(O)c12,25201972
GVPWHKZIJBODOX-UHFFFAOYSA-N,c1ccc(CSSCc2ccccc2)cc1,9012
NNNPTHYQKQZIDE-FOBKTAAQSA-M,COC(=O)[C@@]12C(=O)C(C)=C([O-])[C@]1(C)C(C)=C[C@H]1[C@]3(C)CC[C@@H](O)C(C)(C)[C@H]3CC[C@@]12C,135563717
PCCFNLPWOFTZPJ-RVBZMBCESA-N,C[C@]12CCC(=O)[C@@H](CCC(=O)O)[C@@H]1CCC2=O,11770512
SBFWLWZYSNLQGC-MUUNZHRXSA-N,CCCCCCCCCCCCCCCCOC[C@H](COC(=O)CCCCCCC)OC(C)=O,86289327
CGZKSPLDUIRCIO-RPCRKUJJSA-N,O=C1C(C2=C3C(=Nc4ccccc43)/C(=C\c3ccc(O)cc3)C2=O)=C2C(=Nc3ccccc32)/C1=C\c1ccc(O)cc1,135473381
VSABNZFZVFUZGA-JTQLQIEISA-M,CC(C)=CCN=c1ncn(CC[C@H](N)C(=O)[O-])c2nc[nH]c12,136084724
JBJGOHHQQSPYTO-BLMVKCSQSA-N,C=C1C[C@]23C[C@H]1CC[C@H]2C1=CC(=O)C[C@@](C)(C(=O)O)[C@H]1[C@@H]3C(=O)O,443447
OSJPPGNTCRNQQC-UWTATZPHSA-N,O=C(O)[C@H](O)COP(=O)(O)O,439183
RZLZHCIMBPNTHP-UHFFFAOYSA-N,N=C(Cc1c[nH]c2c(Cl)cccc12)C(=O)O,45266852
ZMLAXRVFMBEJIF-GCTGHDABSA-N,C[C@@H]1OC(=O)C[C@H]2C(C(=O)O)=C[C@@H]3CC(C)(C)C[C@]312,70679127
VEYZCVBECUYIJZ-AWEZNQCLSA-N,CCCCCCCCCC(=O)CC(=O)N[C@H]1CCNC1=O,16122585
CRUILBNAQILVHZ-UHFFFAOYSA-N,COc1cccc(OC)c1OC,12462
FXEKRIDRIFBJOR-UHFFFAOYSA-N,Cc1ccc2c(c1)sc(-c1ccc(N(C)C)cc1)[n+]2C,16954
HFJUQSUBZOKELZ-FITDYDNJSA-N,C[C@@H]1O[C@@H](Oc2ccc3ccccc3c2)[C@@H](O)[C@H](O)[C@@H]1O,6454626
HDWIHXWEUNVBIY-UHFFFAOYSA-N,NS(=O)(=O)c1cc2c(cc1C(F)(F)F)NC(Cc1ccccc1)NS2(=O)=O,2315
BKMGDPNQILJWLI-ODVVLEEXSA-O,COC(=O)C1=C2Nc3ccccc3[C@]23CC[NH+]2CCC[C@]([C@H](C)O)(C1)[C@@H]23,138911111
UNCDMWKTFLUPHZ-UHFFFAOYSA-N,CC(C)=CCC1=C(O)C(CC=C(C)C)(CC=C(C)C)C(=O)C(C(=O)C(C)C)=C1O,373677
BFZHCUBIASXHPK-QJSKAATBSA-N,CC(=O)[C@H]1CC[C@H]2[C@@H]3CCC4=CC(=O)CC[C@]4(C)[C@H]3[C@H](O)C[C@]12C,92730
ACGBFWCBVIXTPZ-UHFFFAOYSA-N,COC1CCC(C(=O)Nc2cc(-c3ccnc(Nc4ccc(F)cc4)c3)ccn2)CC1,10364826
NBHLHVQEXIPLAI-NHRFXGAXSA-M,CCCCC/C=C\C[C@H](/C=C/C=C\CCCCC(=O)[O-])OO,86289458
OMOKWYAQVYBHMG-TVWVXWENSA-N,CC(=O)[C@@]1(O)CC[C@H]2[C@@H]3CC=C4C[C@@H](OS(=O)(=O)O)CC[C@]4(C)[C@H]3CC[C@@]21C,644042
NNYBQONXHNTVIJ-QGZVFWFLSA-N,CCc1cccc2c3c([nH]c12)[C@@](CC)(CC(=O)O)OCC3,667528
AWSZRJQNBMEZOI-UHFFFAOYSA-N,COCCOC(=O)C(C#N)(C(=O)c1ccccc1C(F)(F)F)c1ccc(C(C)(C)C)cc1,11496052
OGBUMNBNEWYMNJ-NRFANRHFSA-N,CCCCCCCCCCCCCCCCCCOC[C@@H](O)CO,10860876
ICGKEQXHPZUYSF-OWOJBTEDSA-N,O=C(O)C/C=C/CC(=O)C(=O)O,15386024
XIUIRSLBMMTDSK-UHFFFAOYSA-M,Nc1nc2[nH]cc(C(=O)[O-])c2c(=O)[nH]1,136041714
OWYNLPMPYBYKJP-UHFFFAOYSA-N,CCCCCCCCC#CCC#CCC#CCCCC(=O)O,1781
FPLMIPQZHHQWHN-UHFFFAOYSA-N,COc1ccc(-c2oc3cc(O)cc(O)c3c(=O)c2O)cc1O,5281699
YNOXCRMFGMSKIJ-NFNCENRGSA-K,C[C@H](C(=O)[O-])[C@@](O)(CC(=O)[O-])C(=O)[O-],46878460
QMRSJQVUNCCUCI-WTSVBCDHSA-N,C[N+](C)(C)C[C@@H](CC(=O)[O-])OC(=O)/C=C/C(=O)O,91666346
JRDNBWVMEFUNCQ-UHFFFAOYSA-N,Brc1ccc(C2CC2)cc1,12221355
UKAUYVFTDYCKQA-UHFFFAOYSA-M,NC(CCO)C(=O)[O-],20849038
RCAWOWBPYYYZPZ-UHFFFAOYSA-N,CC(C)=CCc1cc(O)c2ccccc2c1O,44602460
MTOBWJUHQXQURZ-TZFCGSKZSA-M,O=C(O)C(=O)/C=C/C=C\[O-],70678568
QRMKTNANRJCRCY-UHFFFAOYSA-N,CC(=O)[O-].CC[NH3+],21903368
CZEMYYICWZPENF-VOLTXKGXSA-L,C=C1C[C@]23C[C@@]1(O)CC[C@H]2[C@]1(C)CCC[C@@](C)(C(=O)[O-])[C@H]1[C@@H]3C(=O)[O-],25203620
DZQLQEYLEYWJIB-UHFFFAOYSA-O,[NH3+]CCCC=O,25245200
SGUAFYQXFOLMHL-UHFFFAOYSA-N,CC(CCc1ccccc1)NCC(O)c1ccc(O)c(C(N)=O)c1,3869
YORLNOBDSZJFQQ-UHFFFAOYSA-N,CS(=O)(=O)N1CCC(NC(=O)Nc2ccc(OC(F)(F)F)cc2)CC1,25093353
HDTRYLNUVZCQOY-BTLHAWITSA-N,OC[C@H]1O[C@@H](O[C@H]2O[C@H](CO)[C@@H](O)[C@H](O)[C@H]2O)[C@H](O)[C@@H](O)[C@@H]1O,10871590
NGPCLOGFGKJCBP-HOTGVXAUSA-N,O=C1N[C@@H](Cc2ccc(O)cc2)C(=O)N[C@H]1Cc1ccc(O)cc1,11267350
CVHZOJJKTDOEJC-UHFFFAOYSA-N,O=C1NS(=O)(=O)c2ccccc21,5143
IMYZYCNQZDBZBQ-DLBZAZTESA-M,CCCCCCCC[C@@H]1O[C@@H]1CCCCCCCC(=O)[O-],25202651
PELYUHWUVHDSSU-OAHLLOKOSA-N,CCCCCC(=O)OC[C@H](COP(=O)(O)OCCN)OC(=O)CCCCC,9546806
QMKYBPDZANOJGF-UHFFFAOYSA-M,O=C([O-])c1cc(C(=O)O)cc(C(=O)O)c1,5460728
YDTFRJLNMPSCFM-YDALLXLXSA-M,N[C@@H](Cc1cc(I)c(Oc2cc(I)c(O)c(I)c2)c(I)c1)C(=O)[O-].[Na+],23666112
KHWCHTKSEGGWEX-RRKCRQDMSA-L,Nc1ncnc2c1ncn2[C@H]1C[C@H](O)[C@@H](COP(=O)([O-])[O-])O1,22848660
OVPRPPOVAXRCED-WVZVXSGGSA-K,O=C([O-])C(=O)C[C@H](O)[C@H](O)COP(=O)([O-])[O-],44229082
DSLZVSRJTYRBFB-MMPJQOAZSA-N,O=C(O)[C@@H](O)[C@H](O)[C@@H](O)[C@H](O)C(=O)O,6857455
PHMHHVKFXZNTKU-UHFFFAOYSA-N,Cc1cccc(C)c1N(Cn1cccn1)C(=O)C(=O)O,86290103
HDTIRSDZUHKVQB-HTXNQAPBSA-N,COc1c(O)c(C)c(C/C=C(\C)CCCCCCCCc2ccccc2)oc1=O,54733285
HLNOXCRCYMOMLA-UHFFFAOYSA-N,C=CCN1CCc2c(cc(O)c(O)c2Cl)C(c2cccc(C)c2)C1,10020353
KWILGNNWGSNMPA-UHFFFAOYSA-N,CC1Cc2cccc(O)c2C(=O)O1,28516
QTJOSAPWTKBFKW-YDUFECBISA-N,CC(=O)[C@H]1CC[C@H]2[C@@H]3CCC4=C(SCCC(=O)O)C(=O)CC[C@]4(C)[C@H]3CC[C@]12C,14445665
SJDJRWBCNPRKRW-IFADSCNNSA-N,C=CC1=C(C)C(=O)N/C1=C\c1[nH]c(Cc2[nH]c(/C=C3\NC(=O)C(C)=C3C=C)c(C)c2CCC(=O)O)c(CCC(=O)O)c1C,6508737
AHNUBWYOIHCGFN-FQEVSTJZSA-N,COc1cc2c(cc1O)[C@]1(Cc3ccc4c(c3C1=O)OCO4)N(C)CC2,185623
SNGREZUHAYWORS-UHFFFAOYSA-N,O=C(O)C(F)(F)C(F)(F)C(F)(F)C(F)(F)C(F)(F)C(F)(F)C(F)(F)F,9554
JGHZJRVDZXSNKQ-UHFFFAOYSA-N,CCCCCCCC(=O)OC,8091
NTRBNFOLBJWRAO-INIZCTEOSA-M,O=C(NCCC[C@H](NC(=O)c1ccccc1)C(=O)[O-])c1ccccc1,25201266
UVSYURUCZPPUQD-MACXSXHHSA-N,Nc1ncnc2c1ncn2[C@@H]1O[C@H](COP(=O)(O)OC(=O)[C@@H](N)CO)[C@@H](O)[C@H]1O,5289403
YGSDEFSMJLZEOE-UHFFFAOYSA-M,O=C(O)c1ccccc1[O-],54675850
VBMIRSPJYVMQOI-YFKPBYRVSA-N,C[NH2+][C@@H](Cc1c(S)ncn1C)C(=O)[O-],86289935
CMUHFUGDYMFHEI-UHFFFAOYSA-N,Nc1ccc(CC(N)C(=O)O)cc1,95174
CDKIEBFIMCSCBB-CALJPSDSSA-N,COc1cc2c(cc1OC)CN(C(=O)/C=C/c1c(-c3ccccc3)n(C)c3ncccc13)CC2.Cl,16079005
AFBZBYQKIMBONK-RNXAVOFCSA-N,CCC(=O)O[C@H]1[C@@H](F)C[C@H]2[C@@H]3CCC4=CC(=O)CC[C@]4(C)[C@H]3CC[C@@]21C,11954138
OZESBBVMFLIODA-WAMTXRNCSA-N,C[C@H](C(=O)O)[C@H]1CC[C@H]2[C@@H]3CCC4=CC(=O)C=C[C@]4(C)[C@H]3CC[C@]12C,167889
PSNKGVAXBSAHCH-UHFFFAOYSA-N,Cl.Cl.Nc1nccc(-c2c(-c3ccc(F)cc3)ncn2C2CCCCC2)n1,51049607
KPRHYAOSTOHNQA-SFHVADPASA-N,CC[C@H](O)/C=C/C=C\C/C=C\C/C=C\C=C\[C@@H](O)CCCC(=O)O,52921891
AUTJOUWLKSMLFP-NWDGAFQWSA-N,O[C@@H]1C(c2ccc(Cl)cc2)=CC=C[C@@H]1O,441090
ZNEBXONKCYFJAF-MBRSJONVSA-M,CC/C=C\C/C=C\C[C@@H](O)/C=C/C=C\C/C=C\C/C=C\CCC(=O)[O-],126456466
XABYPRBWQNEUHH-IIPJSQIGSA-N,C=CC1=CC[C@@H]2[C@H](CC[C@@H]3C(C)(C)C[C@H](O)C[C@@]23C)[C@@H]1C,131801249
ZFRKQXVRDFCRJG-UHFFFAOYSA-N,Cc1c[nH]c2ccccc12,6736
WPLPEZUSILBTGP-CIQDQOFUSA-M,CCCCC/C=C\C[C@H](O)[C@H](O)/C=C/C(O)C/C=C\CCCC(=O)[O-],86289466
QXJKBPAVAHBARF-BETUJISGSA-N,C[C@@]12C[C@]1(C)C(=O)N(c1cc(Cl)cc(Cl)c1)C2=O,1549061
OFLIDIBZDKQXPD-UKFMZXQISA-N,CCCCC/C=C\C/C=C\C/C=C\CCCCCCC(=O)O[C@H](CO/C=C\CCCCCCCCCCCCCC)COP(=O)(O)OCCN,52925060
PEFNSGRTCBGNAN-QNDFHXLGSA-N,O=c1cc(-c2ccc(O)c(O)c2)oc2cc(O[C@@H]3O[C@H](CO)[C@@H](O)[C@H](O)[C@H]3O)cc(O)c12,5280637
PAFLSMZLRSPALU-UHFFFAOYSA-N,O=C(O)C(O)Cc1ccc(O)c(O)c1,439435
DKGZKTPJOSAWFA-UHFFFAOYSA-N,O=C(CCCN1CCC2(CC1)C(=O)NCN2c1ccccc1)c1ccc(F)cc1,5265
ITJJIMKGOLMIJY-BNFZFUHLSA-N,C=C1c2oc(/C=C/C=C/CCCCC)c(O)c(=O)c2C(=O)N1C,102128928
RJLTUQKBCWHJFJ-ACCWSZCWSA-N,COC(=O)/C=C1\C(C(C)=O)=CC=C2[C@@]1(C)CC[C@@]1(C)[C@@H]3C[C@](C)(C(=O)OC)CC[C@]3(C)CC[C@]21C,70697753
STOSPPMGXZPHKP-UHFFFAOYSA-L,[O-]c1c(Cl)c(Cl)c([O-])c(Cl)c1Cl,10911805
PHMBVCPLDPDESM-FKSUSPILSA-N,CN1[C@H]2CC[C@@H]1[C@@H](C(=O)O)[C@@H](O)C2,91460
QQAHQUBHRBQWBL-UHFFFAOYSA-N,Oc1cc(Cl)c(O)c(Cl)c1,88366
DDTDJDZHDFMZED-UHFFFAOYSA-N,CC(C)CCCC(C)CCC(=O)OC(CC(=O)[O-])C[N+](C)(C)C,53477801
HWFSIYKVSPYQJX-AHMUMSBHSA-M,CCCCC/C(=N/OS(=O)(=O)[O-])S[C@@H]1O[C@H](CO)[C@@H](O)[C@H](O)[C@H]1O,20843361
JCNBNOQGFSXOML-YFKPBYRVSA-N,O=C(O)CCC(=O)N[C@@H](CCC(=O)O)C(=O)O,440847
XWCIEJNXKGXQCZ-YZTGKPPRSA-N,C/C(=C\[C@H](C)C[C@H](C)O)C[C@H](C)C(=O)N[C@@H](C)C(=O)N(C)[C@H](Cc1c(Br)[nH]c2ccccc12)C(N)=O,52937782
XRPCSJFRSGTAEO-PBBWHBDVSA-N,CC1(N)C(=O)NC(=O)N([C@H]2C[C@H](O)[C@@H](CO)O2)C1C1C=C2N1C(=O)N2[C@H]1C[C@H](O)[C@@H](CO)O1,121225509
PWZSYWZSTDXLFL-SCRDCRAPSA-M,CNc1cc2c(cc1C)nc1c(=O)nc([O-])nc-1n2C[C@H](O)[C@H](O)[C@H](O)CO,126456461
WCNMEQDMUYVWMJ-JPZHCBQBSA-N,COC(=O)N[C@H](C(=O)OC)C(Cc1c(C)nc2n(C)c3c(ncn3[C@@H]3O[C@H](CO)[C@@H](O)[C@H]3O)c(=O)n12)OO,56955911
KLBSRSYHIIAQTG-PZICIZFRSA-N,CC[C@H](C)[C@@H]1NC(=O)C(C(C)=O)C1=O,441580
NXXSEGVRTTVEEI-QPKMWZFCSA-N,CC/C=C\C/C=C\C/C=C\C/C=C\C/C=C\C/C=C\CCC(=O)O[C@H](COC(=O)CCCCCCCCCCCCCCC)COP(=O)(O)O,24779561
UXLMHNXEKOQLBQ-DCAFODOZSA-N,CC1=C[C@H](c2cc(-c3coc4cc(O)cc(O)c4c3=O)ccc2O)[C@](C)(/C=C/c2cc(-c3coc4cc(O)cc(O)c4c3=O)ccc2O)CC1,53344646
BUTHMSUEBYPMKJ-UHFFFAOYSA-L,O=C([O-])C(=O)CS(=O)(=O)[O-],25245217
NMDWGEGFJUBKLB-YFKPBYRVSA-N,CC(=O)[C@](C)(O)C(=O)O,440878
OQCPQFVKIYWGRP-GWQJGLRPSA-N,CCCCCCCCCCC/C=C/[C@@H](O)[C@H](COP(=O)([O-])OCC[N+](C)(C)C)NC(=O)CCCCCCCCCCCCCCCCC,52931147
YEHCICAEULNIGD-MZMPZRCHSA-O,CCC[NH+]1C[C@H](CSC)C[C@@H]2c3cccc4[nH]cc(c34)C[C@H]21,11865405
DPWLWTOLQTUIJL-VIFPVBQESA-M,CSCCCCCCC[C@H](NO)C(=O)[O-],124202388
PTYXOLTZOUXIKI-ZLXVQWIVSA-M,CC/C=C\C/C=C\C[C@@H](/C=C/CCCCCCC(=O)[O-])OO,71728427
RRVPPYNAZJRZFR-VYOBOKEXSA-N,CCCCCCCC/C=C\CCCCCCCC(=O)OC[C@H](COP(=O)([O-])OCC[N+](C)(C)C)OC(=O)CCCCCCCCCCCCCCC,24778933
ZKOKHYPUQUATDA-CQSZACIVSA-N,C[C@@H](O)CCCCCCCCCCCCC(=O)O,13111892
VIROVYVQCGLCII-UHFFFAOYSA-N,CCC1(CCC(C)C)C(=O)NC(=O)NC1=O,2164
SNDPXSYFESPGGJ-SCSAIBSYSA-N,CCC[C@@H](N)C(=O)O,439575
WJEOLQLKVOPQFV-UHFFFAOYSA-N,Cc1ccc(NC(=O)c2ccc(CN3CCN(C)CC3)cc2)cc1Nc1nc(-c2cccnc2)cs1,10074640
VGMNWQOPSFBBBG-XUXIUFHCSA-N,CC(C)C[C@H](NC(=O)[C@H](C)N)C(=O)N[C@@H](CC(C)C)C(=O)N[C@@H](CC(=O)O)C(=O)O,71464517
DUGOZIWVEXMGBE-STQMWFEESA-N,COC(=O)[C@@H](c1ccccc1)[C@@H]1CCCCN1,10657292
KOLOHTSFJKVHEP-UHFFFAOYSA-L,O=C([O-])C[NH+](CC[NH+](CC(=O)[O-])CC(=O)[O-])CC(=O)[O-].[Mg+2],16058032
IFQJDGWNQBNKBU-KBRGEABDSA-N,CCCCCCCCCCCCCCCCCCCCCCCCCCCCCC(=O)N[C@@H](CO)[C@H](O)CCCCCCCCCCCCCCC,70789064
SXZYCXMUPBBULW-SKNVOMKLSA-N,O=C1O[C@H]([C@@H](O)CO)[C@H](O)[C@@H]1O,439373
KBOJOGQFRVVWBH-ZETCQYMHSA-N,CC(=O)N[C@@H](Cc1cnc[nH]1)C(=O)O,75619
RWIVSVMMGFFZIJ-VWDRLOGHSA-N,Cc1c(C(=O)Nc2ccc(N3C[C@@H](C)O[C@@H](C)C3)nc2)cccc1-c1ccc(OC(F)(F)F)cc1.O=P(O)(O)O.O=P(O)(O)O,45138699
VWFWNXQAMGDPGG-UHFFFAOYSA-N,O=C(O)CCC1NC(=O)NC1=O,782
GSEVZLBSIOIEFK-NMYQGLQJSA-N,CCCCCC/C=C\CCCCCCCCCC(=O)OC[C@H](CO)OC(=O)CCCCCCCCCCCCCCC,53478060
ZUAQRTYBJMLPLN-HZPDHXFCSA-N,C[C@@H](O)CCCCCCCCCCCC[C@@H](O)CC(=O)O,86289837
AONILRCSLAIOQE-LSUSWQKBSA-N,Cc1cn([C@H]2C[C@H](O)[C@@H](COP(=O)(O)OP(=O)(O)O[C@@H]3C[C@@H](O)C(=O)[C@H](C)O3)O2)c(=O)[nH]c1=O,441101
SIOLDWZBFABPJU-UHFFFAOYSA-M,CC(C)CCCCCCCCCC(=O)[O-],19006607
KPFZKOVGENAVRB-UHFFFAOYSA-N,Cc1ccc(S(=O)(=O)OCC2CC(C)(C)OC2=O)cc1,45266877
JPMANLDTTFCEPQ-XYHOUYMGSA-N,C[C@@H]1O[C@@H](OCCCCCCC(=O)O)[C@H](O)C[C@H]1OC(=O)c1c[nH]c2ccccc12,86289757
MJPKMDAPFRGJGV-FBFNWGNUSA-N,CC(C)C[C@H](NC(=O)[C@@H](N)CNC(=O)/C=C/C(N)=O)C(=O)O,45379389
KMAQZIILEGKYQZ-UHFFFAOYSA-N,O=[N+]([O-])c1cccc(Cl)c1,8489
VEZPAKWJFJTJJA-UHFFFAOYSA-M,COc1cc(N=Nc2ccc(OC)c(S(=O)(=O)[O-])c2)c(C)cc1N.[Na+],23696733
BIRYTQFFNQPJBQ-UXWDVIHESA-N,C[C@@H]1CC[C@@]2(C)C(C(=O)O)=CCC[C@@H]2[C@@]1(C)CCC(CO)CCO,10315101
JEGYHIKVYHOKQY-PNDCXJIESA-N,CC(C)[C@H]1CC[C@]2(C)C[C@@H]3[C@H](C)CC[C@H]3[C@@](C)(O)C/C=C/12,132282046
QBYUNVOYXHFVKC-GBURMNQMSA-M,C[C@H](CCC(=O)NCCS(=O)(=O)[O-])[C@H]1CC[C@H]2[C@@H]3CC[C@@H]4C[C@H](O)CC[C@]4(C)[C@H]3CC[C@]12C,9548567
QFMUFGODOPBMTI-QQDIRIDRSA-N,OC[C@H]1OC(O[C@@H]2C(OC[C@H]3OC(O)[C@@H](O)[C@@H]3O)O[C@H](CO)[C@H]2O)[C@@H](O)[C@@H](O)[C@@H]1O,91850374
VBIRCRCPHNUJAS-AFHBHXEDSA-N,COc1cc([C@H]2OC[C@H]3[C@@H]2CO[C@@H]3c2ccc3c(c2)OCO3)ccc1O,10247670
YJDAOHJWLUNFLX-UHFFFAOYSA-N,Cc1nc2c(O)cccc2c(=O)[nH]1,135398517
KXOWVZNVTQLQPD-RGEXLXHISA-K,CC1=C/C(=C(\c2cc(C)c([O-])c(C(=O)[O-])c2)c2ccccc2S(=O)(=O)[O-])C=C(C(=O)O)C1=O,54676528
NSMXQKNUPPXBRG-SECBINFHSA-N,C[C@@H](O)CCCCn1c(=O)c2c(ncn2C)n(C)c1=O,501254
GICKXGZWALFYHZ-UHFFFAOYSA-N,O=c1[nH]ccc2nccn12,135476780
YKTJCZCEEMQPMI-UHFFFAOYSA-N,COc1ccc(C2=C(c3ccc(OC)cc3)C(C)(C)Oc3cc(OC(C)=O)ccc32)cc1,255270
BDERIBJTVYFANV-UHFFFAOYSA-M,O=S(=O)([O-])Oc1cccnc1,22642042
DRIBCYZSKHETPK-JRTVQGFMSA-N,CO[C@@H]1O[C@H](C)[C@@H](O)C[C@@H]1O,22887267
BDXAHSJUDUZLDU-UHFFFAOYSA-N,CCCCCCCCCCCCCCCCCCC(=O)OC,15610
FLMSQRUGSHIKCT-DDZQJACLSA-N,C[C@]12CC[C@H](O)C[C@H]1CC[C@@H]1[C@@H]2[C@H](O)C[C@]2(C)[C@@H](C3=CC(=O)OC3)CC[C@]12O,6437
FSQKKJIBNQATIX-UHFFFAOYSA-N,C=C(C)C(O)Cc1c(O)c(CC=C(C)C)c2occ(-c3ccc(O)c(O)c3)c(=O)c2c1O,11662094
UAELIRBOLQZEAT-UHFFFAOYSA-N,COc1cc(-c2cc(=O)c3c(OC)c(OC)c(OC)c(OC)c3o2)cc(OC)c1OC,72815
YNPKOQYWJZNZGP-SECBINFHSA-K,O=C([O-])CCCC[C@@](O)(CC(=O)[O-])C(=O)[O-],44123319
JEJLGIQLPYYGEE-XIFFEERXSA-N,CCCCCCCCCCCCCCCC(=O)OC[C@H](CO)OC(=O)CCCCCCCCCCCCCCC,644078
QMPHZIPNNJOWQI-GDDAOPKQSA-N,O=C(/C=C/c1ccc(O)c(O)c1)O[C@@H]1CC(C(=O)O)=C[C@@H](O)[C@H]1O,5281762
YMLXTGCTHGQQKS-TXXZRHAASA-N,N[C@@H](C[C@@H]1CC[C@@H](O)[C@@H]2O[C@H]12)C(=O)O,86583396
SNPQGCDJHZAVOB-SOMABOLJSA-N,CCCCCCCCCCCCCCCCCCCCCCCC(=O)N[C@@H](COC1O[C@H](CO)[C@@H](O)[C@H](O)[C@H]1O)[C@H](O)CCCCCCCCCCCCCCC,56951727
BLHCMGRVFXRYRN-UHFFFAOYSA-N,O=C(O)c1ccc(=O)[nH]c1,72924
ONQNHFFIXHEQPK-PGVSLFDPSA-N,CC(C)C1=C2CC[C@]3(C)[C@H](CC[C@@H]4[C@@]5(C)C[C@H](C)CC(C)(C)[C@@H]5CC[C@]43C)[C@@]2(C)CC1,122391244
MSZPBSMTOOJTEX-MRXNPFEDSA-M,CCCCCCCCCCCCCC(=O)OC[C@@H]1COP(=O)([O-])O1,138453941
CFBYEGUGFPZCNF-UHFFFAOYSA-N,COc1ccccc1[N+](=O)[O-],7048
DGORBCXEWSENPF-MOKHYRRWSA-N,CCCCCCCCCCCCCCCCCCCCCCC(O)C(=O)N[C@@H](CO)[C@H](O)CCCCCCCCCCCCCCC,53262287
OCDRLZFZBHZTKQ-NMUBGGKPSA-N,C[C@@H]1C[C@](O)([C@@H](C)O)C(=O)O[C@@H]2CCN(C)C/C=C(/COC(=O)[C@]1(C)O)C2=O,132282057
WZRYXYRWFAPPBJ-PNHWDRBUSA-N,COC(=O)COc1cn([C@@H]2O[C@H](CO)[C@@H](O)[C@H]2O)c(=O)[nH]c1=O,191808
IEOXNDOOKTVJRQ-DRBGTSAUSA-N,C[C@@H]1O[C@@H](CC2Cc3cc(O)cc(O)c3C(=O)O2)CCC1O,71768073
HLHYXXBCQOUTGK-FHCQLJOMSA-N,CC/C=C\C/C=C\C[C@H](O)\C=C/C=C/C=C/[C@H](O)C/C=C\CCC(=O)O,60201795
FUBFEZXQVKEAMQ-NRFANRHFSA-N,COc1ccc([C@@H]2CC(=O)c3c(O)c(CC=C(C)C)c4c(c3O2)C=CC(C)(C)O4)cc1OC,44559036
KEDYTOTWMPBSLG-HILJTLORSA-N,C[C@H](N[C@@H](CCc1ccccc1)C(=O)O)C(=O)N1[C@H](C(=O)O)C[C@@H]2CCC[C@@H]21,5464096
UQPYXHJTHPHOMM-NIBOIBLTSA-N,CC(C)CCC[C@@H](C)[C@H]1CC[C@H]2[C@@H]3[C@H](O)CC4=CC(=O)CC[C@]4(C)[C@H]3C[C@H](O)[C@]12C,3081958
PORQOHRXAJJKGK-UHFFFAOYSA-N,CCCCCCCCn1sc(Cl)c(Cl)c1=O,91688
CWLQUGTUXBXTLF-YFKPBYRVSA-N,CN1CCC[C@H]1C(=O)O,643474
MJHZJODQLYCXHE-WXZCCWHXSA-N,CC[C@H](C)[C@H]1NC(=O)[C@H]2CSSCC/C=C/[C@H](CC(=O)N[C@H](C)C(=O)N2)OC(=O)C[C@@H]1O,24854391
VCMGMSHEPQENPE-ZOWNYOTGSA-N,C[NH2+][C@]1(c2ccccc2Cl)CCCCC1=O.[Cl-],49852367
VENRYLMOFDSSDJ-WMPRHZDHSA-N,CCCCC/C=C\C/C=C\C/C=C\C/C=C\C/C=C\CCCCC(=O)O,14505435
XVOYSCVBGLVSOL-REOHCLBHSA-M,[NH3+][C@@H](CS(=O)(=O)[O-])C(=O)[O-],7140381
GTFMAONWNTUZEW-UHFFFAOYSA-N,NC(=O)CCCC(=O)O,168356
YJVOWRAWFXRESP-ZCFIWIBFSA-M,CC[C@@](C)(O)C(=O)C(=O)[O-],20846131
MLPFCOJXAGAUJR-GBLUZQOCSA-N,C[C@]12C[C@@H](O)[C@H]3[C@@H](CC[C@]4(O)C[C@@H](O)CC[C@]34CO)[C@@]1(O)CC[C@@H]2C1=CC(=O)OC1,13307233
BQXYAHWVQOZPTF-KUBAVDMBSA-M,CC/C=C\C/C=C\C/C=C\C/C=C\C/C=C\C/C=C\CCCCCCCCC(=O)[O-],86289165
QSJXEFYPDANLFS-UHFFFAOYSA-N,CC(=O)C(C)=O,650
QJTZZBJSNNHONP-LYJZGNKWSA-M,CCCCC/C=C\C/C=C\CCCCCCCC(=O)O[C@H](COC(=O)CCCCCCCCCCCCCCC)COP(=O)([O-])OCCNC(=O)CCC,91666437
HAIHGFWQOPJMPV-ZDUSSCGKSA-N,Cc1c(O)c(C)c2c(c1O)C(=O)C[C@@H](c1ccccc1)O2,180550
OKXODNDIHCQYNF-UHFFFAOYSA-N,COc1ccc(OC)c(-c2cc(C(=O)Nc3ccccc3C(N)=O)c3ccccc3n2)c1,1225718
FONQTPPQNMLDTP-ZETCQYMHSA-N,C[N+](C)(C)[C@@H](Cc1cnc([Se])[nH]1)C(=O)[O-],86289064
OUSYWCQYMPDAEO-UHFFFAOYSA-N,Cc1nnc(-c2ccccc2)c(=O)[nH]1,135413636
NISGMKNSSUMSSN-IBWRYCSWSA-N,CN[C@@H](C)[C@H]1CC[C@H]2[C@@H]3CC[C@H]4C[C@@H](N(C)C(=O)c5ccccc5)CC[C@]4(C)[C@H]3CC[C@]12C,44587245
UXJFDYIHRJGPFS-UHFFFAOYSA-N,CC(NC(=O)c1ccccc1N=Cc1c(O)ccc2ccccc12)c1ccccc1,2827646
WUBBRNOQWQTFEX-UHFFFAOYSA-M,Nc1ccc(C(=O)O)c([O-])c1,54690315
ONXPZLFXDMAPRO-UHFFFAOYSA-N,Clc1c(Cl)c(Cl)c(-c2c(Cl)c(Cl)c(Cl)c(Cl)c2Cl)c(Cl)c1Cl,16318
PFIUINHQUIEFCH-XJTZBENFSA-N,COC(=O)C1=CO[C@@H](C)[C@H]2C[N+]3=CCc4c([nH]c5ccccc45)[C@@H]3C[C@H]12,135563782
YDNWVTUIFJBROE-CYXONCDGSA-N,COc1cc(/C=C/C(C)=C/C(C)=C/c2ccccc2)oc(=O)c1C,53483955
OIGWAXDAPKFNCQ-UHFFFAOYSA-N,CC(C)c1ccc(CO)cc1,325
HJTBDPQCVMXWMZ-FESMDYCJSA-N,C=C(C=O)[C@H]1C[C@H](OC(=O)/C=C\c2ccc(O)cc2)[C@@]2(O)CO[C@H](O)[C@@H]12,9548910
DMJWGQPYNRPLGA-KQYNXXCUSA-N,O=c1[nH]cnc2c1ncn2[C@@H]1O[C@@H]2COP(=O)(O)O[C@H]2[C@H]1O,135398663
MVSYTBQOJXSHFZ-SFOFOFCKSA-N,CCCCCCCCCC(CCCCCCCCCCCC(=O)O)O[C@@H]1O[C@H](CO)[C@@H](O)[C@H](O)[C@H]1O,440222
PYBWSGBQPKXKOQ-UHFFFAOYSA-M,O=CCCCCCCCCCCCCCCCCCCCCC(=O)[O-],52940144
KRZHNRULRHECRF-UHFFFAOYSA-L,O=C([O-])C1CC2(C(=O)[O-])C=CC(O)C(C2)O1,46906091
PFDOAXXOABJINJ-USYZEHPZSA-N,CCCCCCCCCCCCCCCCCCCC(=O)OC[C@H](COP(=O)([O-])OCC[N+](C)(C)C)OC(=O)CCCCCCCCCCCCCCCCC,24779032
AEUBLTTWYCDTGM-HZMPTLLJSA-N,O=C(O)/C=C/C1=CC=C[C@@H](O)[C@H]1O,24771785
ABOOPXYCKNFDNJ-SNVBAGLBSA-N,C[C@@H](Oc1ccc(Oc2cnc3cc(Cl)ccc3n2)cc1)C(=O)O,5484172
QOVCLNNAYZUHEK-VUXNLZLLSA-N,C[C@@H]1O[C@@H](O)[C@H](O)[C@H](O[C@H]2O[C@H](CO)[C@@H](O)[C@H](O)[C@H]2O)[C@H]1O,51351817
HDAJUGGARUFROU-JSUDGWJLSA-L,Nc1nc2c(c(=O)[nH]1)N[C@H]1C([S-])=C([S-])[C@@H](COP(=O)(O)O)O[C@H]1N2.[O]=[Mo+2]=[O],136033744
WTDRDQBEARUVNC-ZCFIWIBFSA-N,N[C@H](Cc1ccc(O)c(O)c1)C(=O)O,92222
QTHJXLFFFTVYJC-OWOJBTEDSA-N,O=C(O)C/C=C/C(=O)C(=O)O,25245157
ZCFUAGVJMSGCHS-FYGMKCHKSA-N,C[C@]12CC[C@H]3[C@@H](CCC4=CC(=O)CC[C@@]43C)[C@@H]1CC[C@@H]2C(O)CO,11987811
GVKYFODEMNCLGS-ONEGZZNKSA-N,CCC(=O)/C=C/C=O,6365145
COESHZUDRKCEPA-ZETCQYMHSA-N,N[C@@H](Cc1cc(Br)c(O)c(Br)c1)C(=O)O,67532
RAGFPHFDFVNLCG-INYQBOQCSA-N,C/C=C/C1=CN2C(=O)c3cc(O[C@@H]4O[C@@H](C)[C@H](NC)[C@@](C)(O)[C@H]4O)c(C)c(O)c3N[C@H](O)[C@@H]2C1,6437361
AIXAANGOTKPUOY-UHFFFAOYSA-N,C[N+](C)(C)CCOC(N)=O.[Cl-],5831
WSMQKESQZFQMFW-UHFFFAOYSA-N,Cc1cc(C(=O)O)n[nH]1,9822
DDIWZQGTNVZJGO-GXHWQPOYSA-N,C=C1/C(=C\C=C2/CCC[C@]3(C)[C@@H]([C@H](C)[C@@H]4CC[C@@H](C(C)(C)O)O4)CC[C@@H]23)C[C@@H](O)C[C@H]1O,132274118
DYLMFCCYOUSRTK-UHFFFAOYSA-N,N.N.N.N.N.N.[Co+3],453369
ZONJATNKKGGVSU-UHFFFAOYSA-N,CC(C)CCCCCCCCCCCCC(=O)O,36247
MVSICBRQHSIVQP-UHFFFAOYSA-O,CCCCCCCCCCCCCCCC(=O)C[NH3+],70678831
DZGWFCGJZKJUFP-UHFFFAOYSA-N,NCCc1ccc(O)cc1,5610
LSQRJOWUMYWNHV-BQYQJAHWSA-N,CCC/C=C/CC(C)CCC,5363240
LNVBATHWLFVZRW-HURMGZDQSA-N,COC(=O)c1ccc(O)c(NC(=O)CC[C@]2(C)C(=O)C=CC34CC(CCC32)C(O)(CO)C4)c1O,54586932
KFDHKOFCRYUXLA-UHFFFAOYSA-N,C=CCc1ccc(OS(=O)(=O)O)cc1,66633409
RKKBPPTYPGTSEA-FNVCAUGXSA-N,CCC(=O)c1csc(NC(=O)[C@H]([C@@H](C)c2ccccc2)N2C(=O)N[C@H](c3ccc(OCCO)cc3)C2=O)n1,11526671
NGFMICBWJRZIBI-UJPOAAIJSA-N,OCc1ccccc1O[C@@H]1O[C@H](CO)[C@@H](O)[C@H](O)[C@H]1O,439503
CMVHVKHUWLAUNF-PWNYCUMCSA-N,O=C(O)[C@H](O)[C@@H](CO)OP(=O)(O)O,439988
OFBANDBMHLEMFA-UHFFFAOYSA-N,CCCCCCCCCCCCCCCC(=O)NC(CN1CCOCC1)C(O)c1ccccc1,3130
FEDJEJQAGQWOHV-UHFFFAOYSA-N,COc1cc(C2OCC3C(c4cc(OC)c(OC(C)=O)c(OC)c4)OCC23)cc(OC)c1OC(C)=O,50909244
GNXFOGHNGIVQEH-MRVPVSSYSA-N,COc1ccccc1OC[C@@H](O)COC(N)=O,688484
PYJNAPOPMIJKJZ-UHFFFAOYSA-N,C[N+](C)(C)CCOP(=O)(O)O.[Cl-],7886
RWZVPVOZTJJMNU-UHFFFAOYSA-N,CN(CCCCCCCCCCN(C)C(=O)Oc1cccc([N+](C)(C)C)c1)C(=O)Oc1cccc([N+](C)(C)C)c1,5966
RJHKUGKYEOVVKD-HTWGBIMLSA-M,CC/C=C\C[C@H](O)/C=C/C=C\C=CC=C[C@H](SC[C@H]([NH3+])C(=O)NCC(=O)[O-])[C@H](O)C/C=C\CCC(=O)[O-],132472354
XEEVLJKYYUVTRC-UHFFFAOYSA-M,O=C([O-])C(=O)C(=O)O,5461064
SULIDBRAXVDKBU-PTGWMXDISA-N,CCCCCCCC/C=C\CCCCCCCC(=O)O[C@H](CO)COP(=O)([O-])OCC[N+](C)(C)C,24779494
WMMOMSNMMDMSRB-JNHRPPPUSA-N,Cc1cc(O)c2c(c1)C(=O)c1cccc(O[C@@H]3O[C@H](CO)[C@@H](O)[C@H](O)[C@H]3O)c1C2=O,442731
XZARHVHXYGIXLB-UHFFFAOYSA-N,CCCCCCCC(O)CC(=O)OC(CCC(=O)[O-])[N+](C)(C)C,71464503
YFBPRJGDJKVWAH-UHFFFAOYSA-N,CNC(=O)Oc1cc(C)c(SC)c(C)c1,16248
FMNMEQSRDWIBFO-UHFFFAOYSA-N,CCC(=O)OP(=O)(O)O,1034
CDOJPCSDOXYJJF-DFIFCAMYSA-N,CC(=O)N[C@H]1C(O[C@H]2[C@H](O)[C@@H](NC(C)=O)C(O)O[C@@H]2CO)O[C@H](CO)[C@@H](O)[C@@H]1O,56969449
CVENNDDRCHLONB-UHFFFAOYSA-N,O=c1c(OS(=O)(=O)O)c(-c2ccc(O)c(OS(=O)(=O)O)c2)oc2cc(O)cc(O)c12,5280402
GPKJTRJOBQGKQK-UHFFFAOYSA-N,CCN(CC)CCCC(C)Nc1c2ccc(Cl)cc2nc2ccc(OC)cc12,237
WETVNPRPZIYMAC-IOSLPCCCSA-L,CNc1ncnc2c1ncn2[C@@H]1O[C@H](COP(=O)([O-])[O-])[C@@H](O)[C@H]1O,139036274
KLJFYXOVGVXZKT-CCEZHUSRSA-N,CCCCCCCCCCCCC/C=C/C=O,5280541
FVOLNXKBISLPQY-IBGZPJMESA-O,CCCCCCCCCCCCCCCCCC(=O)[C@@H]([NH3+])CO,70678614
KYOKAWLLGVBQKM-UHFFFAOYSA-N,Nc1[nH]c2cc(NC(=O)CCCC(=O)[O-])ccc2[nH+]1,56927884
WWKGVZASJYXZKN-UHFFFAOYSA-N,CN(C)c1ccc(C(=C2C=CC(=N)C=C2)c2ccc(N(C)C)cc2)cc1.Cl,91997555
IBPVZXPSTLXWCG-UHFFFAOYSA-M,O=C([O-])CCCCCCCCCCCCCCCCCCCCCO,17802799
NHRGNEKFTRCLID-IHWYPQMZSA-N,COc1cc(C/C=C\Cc2cc(O)c(Br)c(O)c2)c(O)cc1Br,21592366
FQZBGGYKEFIGPO-MSUUIHNZSA-N,CCCCCCCC/C=C\CCCCCCCC(=O)OC(CCCCCCCCCCCCC)CCCC(=O)O,126456528
NUKZAGXMHTUAFE-UHFFFAOYSA-N,CCCCCC(=O)OC,7824
RNBGYGVWRKECFJ-ARQDHWQXSA-N,O=P(O)(O)OC[C@H]1O[C@](O)(COP(=O)(O)O)[C@@H](O)[C@@H]1O,10267
IEEJAAUSLQCGJH-UHFFFAOYSA-N,Cc1c(N)cc([N+](=O)[O-])cc1[N+](=O)[O-],37182
QCGTZPZKJPTAEP-REDYYMJGSA-N,N/C(=C/C=C\C=O)C(=O)O,5280625
PKYGGJJSPHKEPX-SOSDAJRSSA-N,C=CC1=C(C)C(=O)N/C1=C\c1[nH]c(C(=O)c2[nH]c(/C=C3\NC(=O)C(C)=C3CCC(=O)O)c(CCC(=O)O)c2C)c(C=C)c1C,71627228
FDPHNMKJMRWIBY-UHFFFAOYSA-N,COc1cc(-c2coc3cc4c(c(OC)c3c2=O)C=CC(C)(C)O4)ccc1OCC=C(C)C,52951515
CHVXQERRIUDGMW-FNORWQNLSA-N,O=C(O)/C=C/CCCCCCO,5854255
TVRUNVZRBXNONE-UHFFFAOYSA-N,CCN1C=C/C(=C\C=C\c2cc[n+](CC)c3ccccc23)c2ccccc21,5351157
LSGRZENCFIIHNV-UHFFFAOYSA-N,CC(C)c1cnn2c(NCc3ccccc3-n3cccn3)nc(OC3CCCNC3)nc12,78161839
SKDIDWRQDBIQBS-MCJVGQIASA-N,COc1cc2nc(N3CCN(C(=O)c4ccco4)[C@H]4CCCC[C@H]43)nc(N)c2cc1OC.Cl,9869475
BXRLWGXPSRYJDZ-VKHMYHEASA-M,N#CC[C@H](N)C(=O)[O-],25203495
OGJPXUAPXNRGGI-UHFFFAOYSA-N,CCn1cc(C(=O)O)c(=O)c2cc(F)c(N3CCNCC3)cc21,4539
QIOIOJNMBXOYMA-HJWRWDBZSA-N,CCCCCC/C=C\CCCCCCCc1cc(O)cc(O)c1OC(C)=O,10248975
VZPIUNDOWLDCTC-UHFFFAOYSA-N,CC(C)CCCC(C)CCC(=O)O,13628864
MEGSLTSTJWWUAI-OCDRQSPJSA-M,COC1=C(C)C([O-])=C2C(=C(COC(N)=O)[C@@]3(OC)[C@H]4N[C@H]4CN23)C1=O,86583508
QIGJYVCQYDKYDW-KTAPNNDRSA-N,OC[C@H]1O[C@H](O)[C@H](O)[C@@H](O[C@@H]2O[C@H](CO)[C@@H](O)[C@H](O)[C@H]2O)[C@H]1O,91849191
WGWGXVOAFMLMJZ-UHFFFAOYSA-N,COc1cc2oc(-c3ccc(O)c(O)c3)c(OC)c(=O)c2c(O)c1O,148856
BXJSOEWOQDVGJW-JTQLQIEISA-N,Cc1[nH]c2ccccc2c1C[C@H](N)C(=O)O,12991541
AMVYAIXPAGBXOM-AATRIKPKSA-N,O=C(O)/C=C/c1ccccc1C(F)(F)F,719625
DNYWTMVKWUGHCB-UHFFFAOYSA-N,CSCCCC=NO,25200725
JBSCUHKPLGKXKH-ILYOTBPNSA-M,CCCCCC1OC1C/C=C\C/C=C\C/C=C\CCCC(=O)[O-],86583478
LRJUHOBITQUXIO-UHFFFAOYSA-N,Cl.O=C(O)c1ccc2[nH]cc(CCCCN3CC=C(c4ccccc4)CC3)c2c1,9822866
JZKUXZQOULZTIJ-GZQVFMGISA-N,CC(C)C(O)CC[C@@H](C)[C@H]1CC[C@H]2[C@@H]3[C@H](O)CC4=CC(=O)CC[C@]4(C)[C@H]3C[C@H](O)[C@]12C,24755588
PHZOWSSBXJXFOR-GLVDENFASA-N,C=CC/C(=N/OS(=O)(=O)O)S[C@@H]1O[C@H](CO)[C@@H](O)[C@H](O)[C@H]1O,5486549
ZCZXOHUILRHRQJ-GBXIJSLDSA-K,O=C([O-])[C@@H](O)[C@H](O)COP(=O)([O-])[O-],126456488
LIESJAYIOKBLIL-RITPCOANSA-N,CCC[C@@H]1O[C@@H]1C,10931377
NYPYHUZRZVSYKL-ZETCQYMHSA-N,N[C@@H](Cc1cc(I)c(O)c(I)c1)C(=O)O,9305
VXSPWGWNHZICJF-UHFFFAOYSA-N,COc1cc(-c2ccc(O)c(O)c2)c(OC)c(O)c1-c1ccc(O)c(O)c1,10429220
GUBGYTABKSRVRQ-PIRXJBDWSA-N,OC[C@H]1O[C@H](O[C@H]2[C@H](O)[C@@H](O)[C@@H](O)O[C@@H]2CO)[C@H](O)[C@@H](O)[C@H]1O,67810472
KFKWRHQBZQICHA-STQMWFEESA-N,CC(C)C[C@H](N)C(=O)N[C@@H](Cc1ccccc1)C(=O)O,6992310
PJVWKTKQMONHTI-HNNXBMFYSA-N,CC(=O)C[C@@H](c1ccccc1)c1c(O)c2ccccc2oc1=O,54688261
OIUJHGOLFKDBSU-HTQZYQBOSA-N,C=C(O[C@@H]1C=C(C(=O)O)C=C[C@H]1N)C(=O)O,443142
VDYDCVUWILIYQF-CSMHCCOUSA-N,C[C@@H](O)C(=O)SC[C@H](NC(=O)CC[C@H](N)C(=O)O)C(=O)NCC(=O)O,440018
FXUKWLSZZHVEJD-UHFFFAOYSA-N,CCC(C)CCCCCCCCCCCCC(=O)O,22207
AXFYFNCPONWUHW-UHFFFAOYSA-N,CC(C)(O)CC(=O)O,69362
QCCDLTOVEPVEJK-UHFFFAOYSA-N,CC(=O)Cc1ccccc1,7678
GUBGYTABKSRVRQ-KWCWEWCRSA-N,OC[C@H]1O[C@@H](O[C@H]2[C@H](O)[C@H](O)C(O)O[C@@H]2CO)[C@@H](O)[C@@H](O)[C@@H]1O,152109
OETBDAZRINTQAP-LIGXWKRTSA-N,C[C@H](CCCC(C)(C)O)[C@H]1CC[C@H]2/C(=C/C=C3C[C@@H](O)C(CCCO)[C@H](O)C3)CCC[C@]12C,24779632
HXLWDALZXJIPSY-LPIRWUFSSA-N,C=C[C@H]1[C@H](O)OC=C(C(=O)OC)[C@H]1C[C@@H]1NCCc2c1[nH]c1ccccc21,439972
ISYFCRWDMNBLTM-VQPBACBFSA-N,C[C@@H]([NH3+])C(=O)OP(=O)([O-])OC[C@H]1O[C@@H](n2cnc3c(N)ncnc32)[C@H](O)[C@@H]1O,122706245
VXIXUWQIVKSKSA-UHFFFAOYSA-N,O=c1cc(O)c2ccccc2o1,54682930
OWBFCJROIKNMGD-BQYQJAHWSA-M,COc1cc(OC)c(/C=C/S(=O)(=O)Cc2ccc(OC)c(NCC(=O)[O-])c2)c(OC)c1,59603054
OPIFSICVWOWJMJ-YGEXGZRRSA-N,OC[C@H]1O[C@H](Oc2c[nH]c3ccc(Br)c(Cl)c23)[C@H](O)[C@@H](O)[C@H]1O,10173103
BZXZFDKIRZBJEP-GTOOTHNYSA-N,CC/C=C\C[C@H]1C(=O)CC[C@H]1CCCCCCCC(=O)O,5716902
PZIQDUSGQUZEBS-ZDUSSCGKSA-L,CCCC(=O)SCCNC(=O)CCNC(=O)[C@H](O)C(C)(C)COP(=O)([O-])[O-],119058163
SIQZJFKTROUNPI-UHFFFAOYSA-N,CC1(C)C(=O)NC(=O)N1CO,67000
FTTGAAZKBNZDCZ-LURJTMIESA-L,CC(=O)N[C@@H](CCCC(=O)[O-])C(=O)[O-],25244914
HZBJGDKEAJESLM-YEFHWUCQSA-N,CC(C)=CCC/C(C)=C/CC/C(C)=C/CC1(O)C(=O)c2ccccc2[N+]([O-])=C1C,118796925
MDMWHKZANMNXTF-UHFFFAOYSA-N,COC(=O)c1c(C)[nH]c(C)c1C(=O)c1ccccc1Cc1ccccc1,3423
KABSNIWLJXCBGG-OQSIWNGOSA-N,C/C(=C\CC/C=C(\C)CC/C=C(\C)CC[C@@H]1OC1(C)C)CC/C=C(\C)CC[C@@H]1OC1(C)C,92449689
KVBGVZZKJNLNJU-UHFFFAOYSA-N,O=S(=O)(O)c1ccc2ccccc2c1,8420
DWRXFEITVBNRMK-JXOAFFINSA-N,Cc1cn([C@@H]2O[C@H](CO)[C@@H](O)[C@H]2O)c(=O)[nH]c1=O,445408
WTNXJYOYGPGIJK-UHFFFAOYSA-N,CC1(C)C=Cc2cc(-c3coc4cc(O)cc(O)c4c3=O)ccc2O1,14237660
BISQPGCQOHLHQK-HDNPQISLSA-N,CC/C=C\C/C=C\C[C@@H](O)/C=C/C=C/C=C\[C@@H](O)CCCC(=O)O,5283125
WIXFIQKTHUVFDI-UHFFFAOYSA-M,CC1(S(=O)(=O)[O-])CC(=O)c2ccccc2C1=O,3768578
GADGMZDHLQLZRI-VIFPVBQESA-L,Nc1ccc(C(=O)N[C@@H](CCC(=O)[O-])C(=O)[O-])cc1,25202539
WWUZIQQURGPMPG-MCXRAWCPSA-N,CCCCCCCCCCCCC/C=C/[C@H](O)[C@H](N)CO,5496506
NMONGVDUESEHOK-MPOZZNMKSA-M,CCCCC/C=C\C/C=C\[C@H](O)[C@@H](O)CCCCCC(=O)[O-],46878375
WCVOGSZTONGSQY-UHFFFAOYSA-N,COc1c(Cl)cc(Cl)cc1Cl,6884
JDOFZOKGCYYUER-ZFORQUDYSA-N,O=C(O)[C@H]1O[C@@H](Oc2cc(-c3cc(=O)c4c(O)cc(O)cc4o3)ccc2O)[C@H](O)[C@@H](O)[C@@H]1O,10253785
RLXRCZIALRMBJR-VRMMQTGXSA-N,C=C1[C@H]2CC[C@]3([C@@H]1O)[C@H]1C[C@@H]4[C@@]5(C)CCC[C@@]4(C(O1)N(CCO)C5)[C@@H]3C2,441706
HCAJEUSONLESMK-UHFFFAOYSA-N,O=S(=O)(O)NC1CCCCC1,7533
RFMMMVDNIPUKGG-YFKPBYRVSA-L,CC(=O)N[C@@H](CCC(=O)[O-])C(=O)[O-],1549099
IIZCCQJEPBWGJU-YXLKDIQASA-N,CC1(C)S[C@H](C2NC(=O)C(c3ccc(O)cc3)NC2=O)N[C@H]1C(=O)O,12087378
BPQMZQHENRZFOK-GXZANXLRSA-N,COc1ccc2c(O)c(C(C)/C(C)=C/C/C=C(\C)Cc3cc(C)co3)c(=O)oc2c1,54717251
XDPFHGWVCTXHDX-UHFFFAOYSA-M,CC1(S(=O)(=O)[O-])CC(=O)c2ccccc2C1=O.[Na+],23665888
HDHFXEPVMQZSFA-UHFFFAOYSA-N,O=C(O)C(=O)CC1=CCC(O)C=C1,57339280
GLEIIPZRQAMQLG-KUBAVDMBSA-N,CC/C=C\C/C=C\C/C=C\C/C=C\C/C=C\C/C=C\CCCCCCC(=O)O,52921813
PXLGNXWMKNZOAA-UHFFFAOYSA-N,O=P1(O)OCC(CO)O1,440171
YHSSHPWVFALMBA-IARQOZKNSA-N,CC/C=C\C/C=C\C/C=C\C/C=C\C/C=C\CCCC(=O)O[C@H](COCCCCCCCCCCCCCCCC)COP(=O)([O-])OCC[N+](C)(C)C,10485310
KGANAERDZBAECK-UHFFFAOYSA-N,OCc1cccc(Oc2ccccc2)c1,26295
WRPIRSINYZBGPK-UHFFFAOYSA-N,Fc1ccc(Oc2ccnc3cc(Cl)cc(Cl)c23)cc1,3391107
DTRUULZFBQUZPD-OAKYPOHLSA-M,O=C([O-])CC/C=C\C/C=C\C/C=C\C/C=C\C/C=C\C/C=C\CCO,72715841
SSULTCPIIYRGFQ-UHFFFAOYSA-N,Cc1ccc(S(=O)(=O)O)cc1.NC1CCN(c2nc3c(cc2F)c(=O)c(C(=O)O)cn3-c2ccc(F)cc2F)C1.O,5282468
OJDCBRZJXYBPFZ-UIEKCWFXSA-N,C[C@@]12C(=O)O[C@]3(CC[C@@H]1O)[C@@H]1CC[C@@H]4C[C@]1(C[C@@]4(C)O)[C@@H](C(=O)O)[C@@H]32,12310130
MBEPFGPQVBIIES-WDSKDSINSA-N,N[C@@H](CCSCC[C@H](N)C(=O)O)C(=O)O,53477567
UDFDXTXZIMXARD-IRXDYDNUSA-N,COc1cc([C@H](O)[C@H](CO)Oc2ccc(C(=O)O)cc2OC)ccc1O,70698038
FHRSHSOEWXUORL-UHFFFAOYSA-N,[NH3+]CC1CCC(C(=O)Oc2ccc(CCC(=O)[O-])cc2)CC1,25201854
HTKFORQRBXIQHD-UHFFFAOYSA-N,C=CCNC(N)=S,1549517
ITFHGBKXKUVKBW-RGURZIINSA-N,N[C@H](C(=O)O)C(O)c1c[nH]c2ccccc12,53934168
SILURWCVERGITL-JGCGQSQUSA-L,CCCCCCCCCCCCCCCCC(=O)OC[C@H](COP(=O)([O-])[O-])OC(=O)CCCCCCCCCCCCC,86583405
VDTYHTVHFIIEIL-LURJTMIESA-N,O=C(N[C@@H](CO)C(=O)O)c1cccc(O)c1O,151483
IUOKJNROJISWRO-BMIGLBTASA-N,CC(C)[C@](C)(C#N)NC(=O)[C@@H](C)Oc1ccc(Cl)cc1Cl,76965276
ZSWHHKKYMMYPPD-MSZSINMWSA-N,CCCCC/C=C\C/C=C\C/C=C\C/C=C\CCCC(=O)O[C@H](COC(=O)CCCCCCCCCCCCCC)COP(=O)([O-])OCC[N+](C)(C)C,52922330
COVOPZQGJGUPEY-UHFFFAOYSA-N,O=C1C(O)Oc2ccccc2N1O,28495
IMYZYCNQZDBZBQ-DLBZAZTESA-N,CCCCCCCC[C@@H]1O[C@@H]1CCCCCCCC(=O)O,12235227
ASJSAQIRZKANQN-UHFFFAOYSA-N,O=CCC(O)C(O)CO,10786
HNDVDQJCIGZPNO-UHFFFAOYSA-M,NC(Cc1cnc[nH]1)C(=O)[O-],5460934
BHQJNSKSHBXZQJ-UUIIXSECSA-N,C=C(/C=C/[C@@H](C)[C@H]1CC[C@H]2C3=CC=C4C[C@@H](OC(C)=O)CC[C@]4(C)[C@H]3CC[C@]12C)C(C)C,57339329
CVZKYDYRJQYYDJ-SCRDCRAPSA-L,Cc1cc2nc3c(=O)nc([O-])nc-3n(C[C@H](O)[C@H](O)[C@H]3COP(=O)([O-])O3)c2cc1C,72193741
LLAWHKBFIBTIBH-UHFFFAOYSA-N,O=C(O)c1cc(=O)c2c([nH]1)C(O)C(O)C=C2,439458
WOMRPCAFQVCGCI-QHOAOGIMSA-N,COC(=O)N[C@@H](CCc1c(C)nc2n(C)c3c(ncn3[C@@H]3O[C@H](COP(=O)(O)O)[C@@H](O)[C@H]3O)c(=O)n12)C(=O)OC,49867889
ODBRNZZJSYPIDI-VJXVFPJBSA-M,O=c1cc(-c2ccc(O)c(O)c2)oc2cc(O)c([C@@H]3O[C@H](CO)[C@@H](O)[C@H](O)[C@H]3O)c([O-])c12,49852298
LTHCSWBWNVGEFE-UHFFFAOYSA-N,CCCCCCCC(N)=O,69414
QZDSXQJWBGMRLU-UHFFFAOYSA-N,O=C(O)CCc1cccc(O)c1O,20
AXIPUIQLQUNOCF-UHFFFAOYSA-L,COC(=O)c1cc(O)cc(OC)c1C(=O)c1c([O-])c(Cl)c(C)c(Cl)c1[O-],90658377
KZOBOICRKKYGAQ-GOUGDUPLSA-N,C/C(C=O)=C\CC[C@@H](C)[C@H]1CC[C@@]2(C)C3=C(CC[C@]12C)[C@@]1(C)CCC(=O)C(C)(C)[C@@H]1CC3=O,10343868
VZPAJODTZAAANV-QXFUBDJGSA-K,CC1(C)[C@H]2CC[C@]1(C)[C@H](OP(=O)([O-])OP(=O)([O-])[O-])C2,56927882
RWOAVOYBVRQNIZ-BFHYXJOUSA-N,Cc1cn([C@H]2C[C@H](O)[C@@H](COP(=O)(O)Oc3ccc([N+](=O)[O-])cc3)O2)c(=O)[nH]c1=O,164953
MQLZLIYPFDIDMZ-HAFWLYHUSA-N,CC[C@H](C)[C@H](NC(=O)[C@@H](N)CC(N)=O)C(=O)O,56991460
XOXYHGOIRWABTC-UHFFFAOYSA-N,COc1cc(O)c2c(=O)c3cc(O)ccc3oc2c1,5281636
MJRURUDEESYVHI-UJZFCZBUSA-N,C=C(CC[C@@H](C)[C@H]1C[C@H](O)[C@@]2(C)C3=CC[C@H]4C(C)(C)[C@@H](O)CC[C@]4(C)C3=CC[C@]12C)C(C)C,21592340
XHPZRQBHFOVLEJ-UNUIOPIBSA-N,CCCCCCCC/C=C\CCCCCCCC(=O)OC[C@H](COP(=O)([O-])OCC[NH+](C)C)OC(=O)CCCCCCC/C=C\CCCCCCCC,91746151
QKQLSQLKXBHUSO-CMDGGOBGSA-N,COc1cc(O)c(C(=O)/C=C/c2ccccc2)c(OC)c1,5356121
RKEYKDXXZCICFZ-UHFFFAOYSA-N,O=C(O)C1CCC(O)CN1,151730
ZFVPUXOTXTUDQH-UHFFFAOYSA-N,C1=Cc2cc3cc4c([nH]3)c(c3nc(cc5ccc(cc1n2)[nH]5)CC3)CC4,16070029
MLZJFLKEKVDNAZ-XPKTZJOPSA-N,CCCCC/C=C\C[C@H](O)/C=C/C=C\C=C\C(=O)CCCC(=O)O,10568747
HWGJWXQWJQVPRP-WMPRHZDHSA-M,CCCCC/C=C\C/C=C\C/C=C\C/C=C\C/C=C\CCCCCCCCCCCCCCCCC(=O)[O-],91828208
BXFMNNVJFIGVDJ-FNORWQNLSA-N,CC(C)C/C(=N\O)C(=O)O,22846589
IZSBTQUUESEKPV-GOMYMHFFSA-N,C=C(C)C(O)CC/C(C)=C/CC/C(C)=C/C[C@@]12Oc3cc(O)cc(O)c3C(=O)[C@]1(O)Oc1cc(O)ccc12,52950917
XJWPISBUKWZALE-UHFFFAOYSA-N,CC(=O)NCCc1cnc[nH]1,69602
JCZFNXYQGNLHDQ-JWXFUTCRSA-N,O=C1C[C@](O)(CO)[C@@H](O)[C@H](O)[C@@H]1O,102290074
UJPPXNXOEVDSRW-UHFFFAOYSA-N,CCCCCCCCCCCC(=O)OC(C)C,25068
LTKVFMLMEYCWMK-UHFFFAOYSA-N,Cl.NC(N)=NC(=O)c1nc(Cl)c(N)nc1N.O.O,68540
ROUDCKODIMKLNO-CTBSXBMHSA-M,CCCCC[C@H](O)/C=C/[C@H]1[C@H](O)CC(=O)[C@@H]1CC(=O)CCCCC(=O)[O-],40473160
XMAYWYJOQHXEEK-BVAGGSTKSA-N,CC(=O)N1CCN(c2ccc(OC[C@@H]3CO[C@](Cn4ccnc4)(c4ccc(Cl)cc4Cl)O3)cc2)CC1,12854713
UOPRBHLVKJBASE-XVSBCJMYSA-N,C/C=C/C=C/C1=C2C3=CC(=O)C(C)(OC(=O)CC(C)O)C(=O)C3=CN3CC[C@H](O)[C@H](O1)[C@@H]23,10575150
SOYCMDCMZDHQFP-UHFFFAOYSA-M,Nc1c(CC(=O)[O-])cccc1C(=O)c1ccccc1,21786118
ZTHMWDSJKLNDTE-UHFFFAOYSA-M,O=C([O-])c1cc(=O)[nH]c(=O)[nH]1.[Na+],23683036
OZOMQRBLCMDCEG-UHFFFAOYSA-M,O=C1N=C([O-])CN1N=Cc1ccc(-c2ccc([N+](=O)[O-])cc2)o1,2951
XYHIVQHSXGOAQP-UHFFFAOYSA-N,COc1ccc(-c2cc(=O)c3c(OC)c(O)c(OC)cc3o2)cc1,243760
CRBYNQCDRNZCNX-DUXPYHPUSA-N,O=C(/C=C/c1ccc(O)c(O)c1)c1c(O)cc(O)cc1O,5461154
QKCKCXFWENOGER-UHFFFAOYSA-N,O=C1CN=C(c2ccccc2)O1,65073
NRXIKWMTVXPVEF-BYPYZUCNSA-M,NC=[NH+][C@@H](CCC(=O)[O-])C(=O)[O-],25246274
RQXCLMGKHJWMOA-UHFFFAOYSA-N,OC(CCN1CCCCC1)(c1ccccc1)c1ccccc1,4904
SGTUOBURCVMACZ-CIQDQOFUSA-N,CCCCC/C=C\C[C@@H]1O[C@@H]1/C=C/C(O)C/C=C\CCCC(=O)O,5460414
YKDYCKHEKOEVJM-UHFFFAOYSA-N,COc1cccc2[nH]cc(CN)c12,10931962
QBOLVLBSUGJHGB-WDSKDSINSA-M,[NH3+][C@@H](CCC(=O)N[C@@H](CSS)C(=O)NCC(=O)[O-])C(=O)[O-],46878477
GPQVVJQEBXAKBJ-YQLHGUCYSA-M,CC[C@H]1O[C@H]1C/C=C\C/C=C\C/C=C\C/C=C\CCCC(=O)[O-],27076754
OYMAGMAEFPAAGU-HKYLTJPLSA-N,CC(C)=CCc1c(O)cc(/C=C/c2cc(O)c3c(c2)C[C@@H]2C(C)(C)[C@H](O)[C@H](O)C[C@@]2(C)O3)cc1O,643539
MPMDLNLJFJLITQ-XPPMVYLVSA-M,O=C([O-])C(=O)/C=C1\C=C[C@H](O)CC1,126843505
VWQNTRNACRFUCQ-DUXPYHPUSA-N,O=C(O)/C=C/c1ccc(O)c(OS(=O)(=O)O)c1,102261219
HOSWPDPVFBCLSY-VKHMYHEASA-N,[NH3+][C@@H](CC=O)C(=O)[O-],5287708
BCQTVJKBTWGHCX-UHFFFAOYSA-N,Cc1cccc(C)c1NC(=O)CC12CCCN1CCC2,4820
HTUIWRWYYVBCFT-UHFFFAOYSA-N,CCCCCC(=O)OCCC,12293
INYJZRKTYXTZHP-ZZXKWVIFSA-N,O=C(/C=C/c1ccc(O)cc1)OC(C(=O)O)C(O)C(=O)O,10108584
VRPNGDJYUJPTQH-UHFFFAOYSA-N,CN(O)C(=O)Nc1ccc(Cl)c(Cl)c1,11954136
VABCILAOYCMVPS-UHFFFAOYSA-N,CC(=O)CC(c1ccc([N+](=O)[O-])cc1)c1c(O)c2ccccc2oc1=O,54676537
OCDGBSUVYYVKQZ-UHFFFAOYSA-O,C[NH+](C)Cc1c[nH]c2ccccc12,3480616
BOEGTKLJZSQCCD-UEKVPHQBSA-M,CC1=C(C(=O)[O-])N2C(=O)[C@@H](NC(=O)[C@H](N)c3ccc(O)cc3)[C@H]2SC1,28230144
MJKUGGUMXIPHOW-UHFFFAOYSA-N,C=CC(=C)C1CC=C(C)C1(C)C,24771786
DMKSVUSAATWOCU-HROMYWEYSA-N,CCOC(=O)O[C@]1(C(=O)OCCl)CC[C@H]2[C@@H]3CCC4=CC(=O)C=C[C@]4(C)[C@H]3[C@@H](O)C[C@@]21C,444025
OEQPWGGFCAQFGJ-BTQIBKBOSA-N,C[C@@H]1O[C@@H](OCCCCCC(=O)O)[C@H](O)C[C@H]1O,86289773
BNLTUQWJGCSQHG-UHFFFAOYSA-N,COc1c(-c2ccc(O)c(CC=C(C)C)c2)cc(OC)c2c1oc1cc(O)c(O)cc12,53354806
ZSDSQXJSNMTJDA-UHFFFAOYSA-N,CCCN(CCC)c1c([N+](=O)[O-])cc(C(F)(F)F)cc1[N+](=O)[O-],5569
MWGXQVSTMXPXIW-WEYXYWBQSA-N,CC1=CC(O)CC(C)(C)C1(O)/C=C/C(C)=C/C(=O)O,13629011
OJLOPKGSLYJEMD-ZRDIBKRKSA-N,CCCCC(C)(O)C/C=C/C1C(O)CC(=O)C1CCCCCCC(=O)OC,6030697
DEFAKPKFXYITPZ-UHFFFAOYSA-N,NC(N)=NCCCC(NC(=O)c1ccccc1)C(=O)Nc1ccc2ccccc2c1,9365
AWLILQARPMWUHA-UHFFFAOYSA-M,CCCC(C)C1(CC)C(=O)N=C([S-])NC1=O.[Na+],23665410
ROTDGSCRRKYCRZ-FFWSUHOLSA-N,NC[C@@]1(O)CC[C@@H](C(=O)O)NC1=O,92042783
VJNPDLZENXBRLB-MQEDXBOASA-N,CCCCC/C=C\C/C=C\C/C=C\C/C=C\CCCC(=O)O[C@H](COCCCCCCCC/C=C\CCCCCCCC)COP(=O)([O-])OCC[N+](C)(C)C,24779379
HMEDEBAJARCKCT-UHFFFAOYSA-N,NS(=O)(=O)c1cc(-c2nn[nH]n2)c(NCc2cccs2)cc1Cl,2273
OCSMNHMMTKMVCP-APPZFPTMSA-N,Nc1nc(NC2CC2)c2ncn([C@H]3C=C[C@@H](C(=O)O)C3)c2n1,56927907
VPDBTIFHPUYJJJ-HGUAOMBGSA-N,COc1cc(C[C@@H](CO)[C@H](CO)C(O)c2ccc(O)c(OC)c2)ccc1O,44566585
YNXICDMQCQPQEW-UHFFFAOYSA-N,O=P(O)(O)Oc1cccc2ccccc12,2115
XEEVLJKYYUVTRC-UHFFFAOYSA-N,O=C(O)C(=O)C(=O)O,10132
OBWILOKKNDYPLX-HBMCJLEFSA-N,O=C(O)CCCNC(=O)c1ccc([C@H]2CC[C@H](c3ccccc3)C[C@@H]2O)cc1,444394
DOUMFZQKYFQNTF-ZZXKWVIFSA-M,O=C(/C=C/c1ccc(O)c(O)c1)OC(Cc1ccc(O)c(O)c1)C(=O)[O-],5315614
GLFMZGODSSXZRK-NVSXQWMQSA-N,CC(=O)OC[C@@]12[C@@H](OC(C)=O)C[C@@H](C)[C@](C)([C@@H]3C[C@H]4CCO[C@H]4O3)[C@H]1CCC[C@]21CO1,11812163
BBGJKASZUCGLAG-FXKDJHKMSA-N,CCCCCCCCCCCCCCCCCCCC(O)C(=O)N[C@@H](CO)[C@H](O)[C@H](O)CCCCCCCCCCC(C)C,71581217
QAYICIQNSGETAS-UHFFFAOYSA-N,CN1CSC(=S)N(C)C1,10788
MQCYTQLWRHLCHW-UWVGGRQHSA-N,CCCCCC[C@H](C)[C@@H](O)CC(=O)O,70679119
KKTYYONKWVCNJI-UHFFFAOYSA-N,C[NH2+]C.O=C([O-])Cn1c(=O)sc2cccc(Cl)c21,121596199
SOTOQKINJMPSIE-CWIFOLKKSA-N,C[C@@H]1O[C@@H](OCCCCCCCCC[C@@H](O)CC(=O)O)[C@H](O)C[C@H]1O,86289848
IBJAIIFAWKZKKV-IVZWLZJFSA-N,CCOP(=O)(O)OP(=O)(O)OC[C@H]1O[C@@H](n2cc(C)c(=O)[nH]c2=O)C[C@@H]1O,53477665
WSNTYBYSGWMCKU-IOSLPCCCSA-N,CCOP(=O)(O)OP(=O)(O)OP(=O)(O)OC[C@H]1O[C@@H](n2cnc3c(=O)[nH]c(=O)[nH]c32)[C@H](O)[C@@H]1O,22873461
WHGRXJGDURXZBN-UHFFFAOYSA-N,COC(=O)C(Cc1ccc2nc(-c3c(Cl)cccc3Cl)ccc2c1)NC(=O)OC(C)(C)C,11248518
XUYXCIAFJRLHMN-GWSMOWMWSA-N,COC(C)(C)C/C=C/C(C)=C/C=C/C(C)=C/C=C/C(C)=C/C=C/C=C(C)/C=C/C=C(C)/C=C/C=C(C)/C=C/C(O)(O)C(C)(C)OC,90659206
ASTAFWNFKJWCLV-UHFFFAOYSA-N,CC(=O)C1CCCCNC1=O,21862984
PNDOLKLHAXMWLU-UHFFFAOYSA-M,Cc1cc(C(=C2C=CC(=Nc3ccccc3S(=O)(=O)[O-])C=C2)c2ccc(Nc3ccccc3)cc2)ccc1N.[Na+],23696814
SRQSAJRUMDQMMS-NLDJLLEISA-N,CCCCC/C=C\C/C=C\C/C=C\C/C=C\CCCC(=O)O[C@H](COC(=O)CCCCCCCCCCCCC)COP(=O)([O-])OCC[N+](C)(C)C,24778634
HQDBMDGXEZLSNK-VUHVRTRXSA-N,C/C=C/C(=O)O[C@H](CC(=O)[O-])C[N+](C)(C)C,90659893
WDPVYGCEBGDANZ-CXLBDHTJSA-N,CCCCC(C)/C=C(C)/C=C/C(=O)NC1=C[C@@](O)(/C=C/C=C/C=C/C(=O)NC2=C(O)CCC2=O)[C@H](O)CC1=O,10030158
CLPRBVIHHFLWQY-SGXNCSQFSA-N,C=C1C(=O)O[C@@H]2[C@H]1CC[C@H](CO)[C@]1(O)CC[C@H](OC(C)=O)[C@@]21C,442306
DPPANEFZFQYGIG-UHFFFAOYSA-N,C[Te](=O)(=O)O,70679028
BEHLQMQPYDCEFC-QVDCKBILSA-N,CCCCCCCCCCCC/C=C/[C@@H](O)[C@H](COP(=O)([O-])OCC[N+](C)(C)C)NC(=O)CCCCCCCCCCCCCCCCCCCCC,52931191
AQCHWTWZEMGIFD-UHFFFAOYSA-N,Cc1ccccc1N1C(=O)c2cc(S(N)(=O)=O)c(Cl)cc2NC1C,4170
KVVSCMOUFCNCGX-UHFFFAOYSA-N,CCCCCCCCCCCCCCCc1cc(O)cc(O)c1,76617
SBXXSUDPJJJJLC-YDALLXLXSA-M,N[C@@H](Cc1cc(I)c(Oc2ccc(O)c(I)c2)c(I)c1)C(=O)[O-].[Na+],23666110
PRMWQIVYOYCJQC-LTCHCNGXSA-N,CCCCCC(O)/C=C/C(O)C(O)C/C=C\C/C=C\CCCC(=O)O,100927890
LTTLIRHGLXHJJP-CNMDJWEVSA-N,COC(=O)[C@H](CCCC(C)C)[C@H]1CC[C@H]2[C@@H]3CC[C@H]4CC(=O)C=C[C@]4(C)[C@H]3CC[C@]12C,46179749
AULKDLUOQCUNOK-UHFFFAOYSA-M,O=C(O)c1cc(Cl)c([O-])c(Cl)c1,54694265
QRNKJWHRZHFTSK-VSSGKYIQSA-M,CN(C)[C@@H]1C(=O)C(O)(C(N)=O)C2(O)C(=O)C3=C([O-])c4c(O)ccc(Cl)c4[C@@](C)(O)[C@H]3CC12,138911164
SMBMFDANVRZQJV-GOSISDBHSA-N,O=C(O)C[C@H](O)CCCCCCCCCCCCCCCCO,86289870
ALRHLSYJTWAHJZ-UHFFFAOYSA-N,O=C(O)CCO,68152
RAKQPZMEYJZGPI-LJWNYQGCSA-N,CC(C)=CCC/C(C)=C/CC/C(C)=C/CC/C(C)=C/CC/C(C)=C/CC/C(C)=C/CC/C(C)=C/CC1=C(C)C(=O)c2ccccc2C1=O,5287554
OZMJDTPATROLQC-BYPYZUCNSA-N,N[C@@H](CCCNO)C(=O)O,169671
XJZGNVBLVFOSKJ-XZULNKEGSA-N,CC(CO)CCC[C@@H](C)[C@H]1CC[C@H]2[C@@H]3[C@H](O)C[C@@H]4C[C@H](O)CC[C@]4(C)[C@H]3C[C@H](O)[C@]12C,193321
DEMKZLAVQYISIA-ZRWXNEIDSA-N,O=C1C[C@@H](c2ccc(O[C@@H]3O[C@H](CO)[C@@H](O)[C@H](O)[C@H]3O)cc2)Oc2cc(O)ccc21,503737
FVCDMHWSPLRYAB-RXMQYKEDSA-N,C=C[C@]1(C)CO1,7000112
YEKIIDIQOZQXAX-UHFFFAOYSA-N,COC(=O)c1cccc2oc3cc(C)cc(O)c3c(=O)c12,11098071
MXGLYEVGJRXBTP-QOLULZROSA-K,CC(C)=CCC/C(C)=C/CC/C(C)=C/CC/C(C)=C\CCC(C)CCOP(=O)([O-])OP(=O)([O-])[O-],46878381
CEPUVBUZIGYDKM-MBABXSBOSA-N,CC1Cc2c(Cl)cc(C(=O)N[C@@H](Cc3ccccc3)C(=O)NCCCCCC(=O)O)c(O)c2C(=O)O1,134692066
NUZLRKBHOBPTQV-ARJAWSKDSA-N,C/C(C(=O)O)=C(\CC(=O)O)C(=O)O,3080625
LPUFGTSGSICQBX-UHFFFAOYSA-N,C=C(OP(=O)(O)C(=O)O)C(=O)O,360637
JDUYPUMQALQRCN-UHFFFAOYSA-N,Brc1ccc(Oc2ccccc2)cc1,7565
MPHAZAPYEZYBRV-UOPHVPOOSA-N,Cc1ncc2n1-c1ccc(Cl)cc1C(c1ccccc1F)=NC2O[C@@H]1O[C@H](C(=O)O)[C@@H](O)[C@H](O)[C@H]1O,71777598
ZFKKRRMUPBBYRS-UHFFFAOYSA-N,O=c1cc(-c2ccccc2)oc2c(O)c(O)cc(O)c12,5281674
KORSJDCBLAPZEQ-UHFFFAOYSA-N,O=C=NC1CCC(CC2CCC(N=C=O)CC2)CC1,21202
PUQIRTNPJRFRCZ-UHFFFAOYSA-N,CC(C)NCC(O)COc1ccc(CC(=O)O)cc1,62936
PJCFJNHVNWMRPD-UHFFFAOYSA-N,COc1cc2oc(C)cc(=O)c2c(O)c1OC,53322523
IUJDSEJGGMCXSG-UHFFFAOYSA-N,CCCC(C)C1(CC)C(=O)NC(=S)NC1=O,3000715
YCZDXXPSFLIESY-MAOFJTBQSA-N,CCCCC/C=C\C/C=C\CCCCCCCC(=O)OC[C@H](COC(=O)CCCCCCCCCCCCCC(C)C)OC(=O)CCCCCCC/C=C\CCCCCCCC,121232717
YCYDXOVJXVALHY-UHFFFAOYSA-N,Oc1c(Cl)cc(-c2cc(Cl)c(O)c(Cl)c2)cc1Cl,97032
KSPQDMRTZZYQLM-UHFFFAOYSA-M,O=C([O-])CNC(=O)c1ccco1,4107891
KXKVLQRXCPHEJC-UHFFFAOYSA-N,COC(C)=O,6584
ODKSFYDXXFIFQN-BYPYZUCNSA-O,NC(N)=[NH+]CCC[C@H]([NH3+])C(=O)[O-],1549073
PQJUJGAVDBINPI-UHFFFAOYSA-N,c1ccc2c(c1)Cc1ccccc1S2,67495
GDHKPCYWNVPHIH-SDBNBOCMSA-M,NCCCO[C@@H]1O[C@H](C(=O)[O-])[C@H](O)[C@H](O)[C@H]1O,90659835
YSVMULOOWPBERR-UHFFFAOYSA-N,NCCCC(O)C(N)C(=O)O,419865
AUKDJCIZWSIDEC-QGKNABGUSA-N,C[C@H](CCCCCCCCCCCCC/C=C/C(=O)O)O[C@@H]1O[C@@H](C)[C@H](O)C[C@H]1O,86289702
DHNRXBZYEKSXIM-UHFFFAOYSA-N,Cn1sc(Cl)cc1=O,33344
OHTXTCNTQJFRIG-UHFFFAOYSA-N,O=C1OC(c2ccc(O)c(S(=O)(=O)O)c2)(c2ccc(O)c(S(=O)(=O)O)c2)c2c(Br)c(Br)c(Br)c(Br)c21,5345
BPLBGHOLXOTWMN-MBNYWOFBSA-N,CC1(C)S[C@@H]2[C@H](NC(=O)COc3ccccc3)C(=O)N2[C@H]1C(=O)O,6869
SRGKFVAASLQVBO-BTJKTKAUSA-N,CN(C)CCC(c1ccc(Br)cc1)c1ccccn1.O=C(O)/C=C\C(=O)O,5281067
JHVIIDLZSOMCBJ-MPITXTFFSA-N,C[C@H](C(=O)O)[C@H]1CC[C@H]2[C@@H]3CCC4=CC(=O)CC[C@]4(C)[C@@]3(O)CC[C@]12C,90658866
LVHBHZANLOWSRM-UHFFFAOYSA-N,C=C(CC(=O)O)C(=O)O,811
ZDKMPOJNYNVYLA-PEGGBQQISA-O,CC[C@]12C=CC[NH+]3CC[C@@]4(c5ccc(OC)cc5N(C)[C@H]4[C@@](O)(C(=O)OC)[C@@H]1O)[C@@H]32,129320270
VVOLVFOSOPJKED-UHFFFAOYSA-N,[Cu].c1ccc2c(c1)C1=NC2=NC2=NC(=NC3=NC(=NC4=NC(=N1)c1ccccc14)c1ccccc13)c1ccccc12,475701
DKXZSGIZFNWMLJ-ZCFIWIBFSA-I,C[C@@](CCOP(=O)([O-])[O-])(CC(=O)[O-])OP(=O)([O-])[O-],86289951
ZGNGGJLVZZHLQM-ZRFIDHNTSA-M,CCC(=O)OP(=O)([O-])OC[C@H]1O[C@@H](n2cnc3c(N)ncnc32)[C@H](O)[C@@H]1O,53239801
RAUCDOKTMDOIPF-RYRUWHOVSA-N,CC[C@H]1C[C@@H]2C[C@H]3c4[nH]c5ccc(O)cc5c4CCN(C2)[C@@H]13,3083548
FPIPGXGPPPQFEQ-MKOSUFFBSA-N,CC1=C(/C=C/C(C)=C\C=C\C(C)=C\CO)C(C)(C)CCC1,9947823
QQMSZHORHNORLP-KVQBGUIXSA-N,Nc1nc2c(ncn2[C@H]2C[C@H](OP(=O)(O)O)[C@@H](CO)O2)c(=O)[nH]1,135449322
OWBFCJROIKNMGD-BQYQJAHWSA-N,COc1cc(OC)c(/C=C/S(=O)(=O)Cc2ccc(OC)c(NCC(=O)O)c2)c(OC)c1,6918736
YVYMBNSKXOXSKW-HXUWFJFHSA-N,CCCCCCCCCCCCCCCC(=O)OC[C@@H](O)COP(=O)(O)OCCN,9547069
RUFHVGVVNQNXBO-IUCAKERBSA-N,CSCC[C@H](NC(=O)[C@H](CCSC)NC=O)C(=O)O,118797937
ZPEFXARQZVAHGO-DCSYEGIMSA-P,[NH3+][C@@H]1[C@@H](O)[C@H](O[C@H]2O[C@H](CO)[C@@H](O)[C@H]([NH3+])[C@H]2O)O[C@H](CO)[C@H]1O,71668284
KRZCOLNOCZKSDF-UHFFFAOYSA-N,Nc1ccc(F)cc1,9731
YBJHBAHKTGYVGT-ZKWXMUAHSA-M,O=C([O-])CCCC[C@@H]1SC[C@@H]2NC(=O)N[C@@H]21,6560210
OTKTUNJJKYTOFF-UHFFFAOYSA-N,CCOCN(C(=O)C(=O)O)c1c(C)cccc1CC,15842091
PCDQPRRSZKQHHS-XVFCMESISA-K,Nc1ccn([C@@H]2O[C@H](COP(=O)([O-])OP(=O)([O-])OP(=O)([O-])O)[C@@H](O)[C@H]2O)c(=O)n1,42609798
SDDOUBZCBHJDLO-UHFFFAOYSA-N,Oc1ccc(-c2ccc(O)cc2Cl)cc1,134445
MLEAYJRUKNTODR-KRWDZBQOSA-N,COc1ccc2nc3n(c(=O)c2c1)-c1ccccc1C(=O)N1CCC[C@@H]31,46184995
FUJVJJBVXLPRQJ-UHFFFAOYSA-N,O=C1C=CCOC1(O)CO,10130020
GUXXEUUYCAYESJ-UHFFFAOYSA-N,Nc1ccc(-c2ccc3ncc4ccc(=O)n(-c5cccc(C(F)(F)F)c5)c4c3c2)cn1,51358113
WKBPZYKAUNRMKP-UHFFFAOYSA-N,CCCC(Cn1cncn1)c1ccc(Cl)cc1Cl,91693
VBDFIILFQPTRLI-VIFPVBQESA-M,COC(=O)[C@@H](N)Cc1ccc(OS(=O)(=O)[O-])cc1,21145083
HKKHTABTHSUDBP-WMIWJMKMSA-N,O=C1[C@@H](O)[C@H](O[C@H]2[C@H](O)[C@@H](O)[C@H](O)O[C@@H]2CO)O[C@H](CO)[C@@H]1O,57339177
XBCXJKGHPABGSD-UHFFFAOYSA-N,Cn1ccc(=O)[nH]c1=O,12009
BGKHCLZFGPIKKU-LDDQNKHRSA-M,CCCCC[C@H](O)/C=C/[C@H]1C=CC(=O)[C@@H]1CCCCCCC(=O)[O-],22796709
ISIMLRCPRMOPDS-LBYIXAPGSA-N,CCCCC\C=C/C=C\C=C/C=C\CCCCCCC(=O)O[C@H](COC(=O)CCCCCCCCCCCCCCCCC)COP(=O)([O-])OCC[N+](C)(C)C,24778859
FKEJUWZHPJHICT-PZRRJSEXSA-N,CC/C=C\C/C=C\C/C=C\CCCCCCCC(=O)OC[C@H](CO)OC(=O)CCCCCCCCC/C=C\CCCCCCCC,9543774
JSTOGINWIJTJIQ-SSEXGKCCSA-N,CCCCCCCCCCCCC(=O)O[C@H](COC(=O)CCCCCCCCCC)COP(=O)([O-])OCC[N+](C)(C)C,91826530
OFMXGFHWLZPCFL-SVRPQWSVSA-N,C[C@H]1C(=O)CC[C@@H]2[C@]1(C)CC[C@H]1[C@@]2(C)CC[C@@]2(C)[C@@H]3CC(C)(C)CC[C@]3(C)CC[C@]12C,91472
HSHUHVOEMVTVRS-UHFFFAOYSA-N,C=CCCCCC(C)O,542172
NPCZZYKITFKRQZ-FQUZZJBASA-N,CCCCCCCC/C=C\CCCCCCCC(=O)OC[C@@H](COC(=O)CCCCCCCCCCCCCCC)OC(=O)CCCCCCCCCCCCCCCCC,25240360
YLTPWCZXKJSORQ-GYCJOSAFSA-N,C=C(C)[C@H](CC=C(C)C)Cc1c(O)cc(O)c2c1O[C@H](c1ccc(O)cc1OC)CC2=O,44593449
QTHJXLFFFTVYJC-UPHRSURJSA-N,O=C(O)C/C=C\C(=O)C(=O)O,25246181
KJTLQQUUPVSXIM-UHFFFAOYSA-M,CC(O)(CCO)CC(=O)[O-],4478250
WOKIXZBYDPTMJD-LEWJYISDSA-N,COc1cc2c(cc1CC=C(C)C)[C@@H]1Oc3cc(O)ccc3[C@]1(O)CO2,92470518
NHCDDUNWYVJRPS-NQLNTKRDSA-N,CCCCC/C=C\C/C=C\CCCCCCCC(=O)OCCCc1cc(OC)c2oc(-c3ccc4c(c3)OCO4)cc2c1,56598866
QEWYKACRFQMRMB-UHFFFAOYSA-M,O=C([O-])CF,5236
UJCSYVRPPFDKQR-XFXZXTDPSA-N,CCCCCCC(C/C=C\CCCCCCCC(=O)O)OP(=O)(O)O,91666449
JLDIWYKSFMPIDW-UHFFFAOYSA-N,O=C(O)CCCCCCCCCCCCCCCCCCCO,5282919
VYKXQOYUCMREIS-UHFFFAOYSA-N,CC12CCCCC1C(=O)OC2=O,3016472
ZOABSEJBVHDTMB-HGDGZPEBSA-N,C[C@H](CC[C@@H]1OC1(C)C)[C@H]1CC[C@H]2[C@@H]3[C@H](O)C=C4C[C@@H](O)CC[C@]4(C)[C@H]3CC[C@]12C,10549853
MYYIAHXIVFADCU-QMMMGPOBSA-N,Cn1cncc1C[C@H](NC(=O)CC[NH3+])C(=O)[O-],6992114
MLEBFEHOJICQQS-UHFFFAOYSA-N,CN(C)c1cccc2c(S(=O)(=O)NCCCCCN)cccc12,4247
BQSLGJHIAGOZCD-CIUDSAMLSA-N,CC(C)C[C@H](N)C(=O)N[C@@H](C)C(=O)N[C@@H](CO)C(=O)O,23650514
PXZVHHRFDCMNSG-UHFFFAOYSA-M,CCCCCCCCCCCCCCCC(=O)OC(CCCCCCCCCC)CCCCCCC(=O)[O-],86290208
UIUJIQZEACWQSV-UHFFFAOYSA-M,O=CCCC(=O)[O-],9543238
XIJDBHLQUYAZJI-UHFFFAOYSA-L,CCCCCC(=O)c1c(O)cc2c(c1[O-])C(=O)c1c([O-])cc(O)cc1C2=O,25201337
RUWSLQOIGKYPEZ-YPXRAQKDSA-N,CC(C)[C@H](NC(=O)N[C@H](C(=O)N[C@H]1/C=C/CCNC(=O)/C=C/[C@H](C(C)C)NC1=O)C(C)C)C(=O)O,42601513
AYHOUUNTAVCXBN-UHFFFAOYSA-N,O=C1CC(c2cc(O)cc(O)c2)Oc2cc(O)cc(O)c21,11483087
WSBCIWCIAPMFLY-FPLPWBNLSA-M,CCCCCC/C=C\CCOS(=O)(=O)[O-],86290023
XSYCDVWYEVUDKQ-GXRSIYKFSA-N,CN1CC[C@]23c4ccccc4N[C@H]1[C@]21CCN(C)[C@H]3Nc2ccccc21,5392245
VXFVJCLMUVIKKX-LYFYHCNISA-N,CO[C@H]([C@@H](O)[C@@H](O)C=O)C(C)(C)O,5461025
UUZCUSQQEJSIHR-YUMQZZPRSA-N,N[C@@H](CCC(=O)N[C@@H](CSCCO)C(=O)NCC(=O)O)C(=O)O,5460887
JMXKCYUTURMERF-UHFFFAOYSA-N,CC1CN(C2CCCCCCCCCCC2)CC(C)O1,61899
MQMWPBBDMIYYMI-UHFFFAOYSA-M,Nc1ccccc1C(=O)C(=O)[O-],3782987
IOJUPLGTWVMSFF-UHFFFAOYSA-N,c1ccc2scnc2c1,7222
GNBVPFITFYNRCN-UHFFFAOYSA-M,O=C([O-])CS.[Na+],23690444
CABHHUMGNFUZCZ-REOHCLBHSA-N,O=C(O)[C@H](CS(=O)(=O)O)OP(=O)(O)O,443249
AHMIDUVKSGCHAU-LURJTMIESA-N,[NH3+][C@@H](CC1=CC(=O)C(=O)C=C1)C(=O)[O-],44229226
SJRXVLUZMMDCNG-KKPQBLLMSA-N,O=c1c(O)c(-c2ccc(O)c(O)c2)oc2c(O[C@@H]3O[C@H](CO)[C@@H](O)[C@H](O)[C@H]3O)c(O)cc(O)c12,5281621
SMTGVDDLBJESIT-VKHMYHEASA-N,O=C(O)[C@@H](O)C(=O)COP(=O)(O)O,56927806
CHNXZKVNWQUJIB-CEGNMAFCSA-N,C#C[C@]1(O)CC[C@H]2[C@@H]3CCC4=CC(=O)CC[C@]4(C)[C@H]3CC[C@@]21C,5284557
OMLRWUJGVBOYQP-FPRJBGLDSA-N,O[C@@H]1[C@@H](O)[C@H](O)O[C@H](CS)[C@@H]1O,122391267
QNUMXENJPAUAPZ-WSKFYRRCSA-M,CCCCC/C=C/[C@@H](C)CCOS(=O)(=O)[O-],24796509
RZVAJINKPMORJF-UHFFFAOYSA-N,CC(=O)Nc1ccc(O)cc1,1983
NMMOYDKOFASOBV-HKHZIIAMSA-M,O=C(N[C@H]1CN([C@@H](C(=O)[O-])c2ccc(O)cc2)C1=O)/C(=N\O)c1ccc(O)cc1,135926551
VKGZCEJTCKHMRL-VWJPMABRSA-N,O=C(O)C[C@H](Nc1ncnc2c1ncn2[C@@H]1O[C@H](CO)[C@@H](O)[C@H]1O)C(=O)O,20849086
DFHAXXVZCFXGOQ-UHFFFAOYSA-K,O=C([O-])P(=O)([O-])[O-].[Na+].[Na+].[Na+],44561
CLRLHXKNIYJWAW-YOQZMRDMSA-N,O=C(O)[C@]1(O)C[C@H](O)[C@@H](O)[C@H]([C@H](O)[C@H](O)CO)O1,10869261
NDCDKMMCPZJBEB-UHFFFAOYSA-N,COc1ccc2c(c1O)-c1c(O)c(CCN(C)C)cc(OC)c1C2=O,70680258
QSMYZGMJSGUWPM-UHFFFAOYSA-N,COc1cc(COc2cc(N)c(Cl)cc2C(=O)CCC2CCN(CCNS(C)(=O)=O)CC2)cc(OC)c1.Cl,19081934
ZQOOYCZQENFIMC-STQMWFEESA-N,N[C@@H](Cc1ccc(O)cc1)C(=O)N[C@@H](Cc1cnc[nH]1)C(=O)O,7020181
ZFVCONUOLQASEW-UHFFFAOYSA-N,CC(O)CP(=O)(O)O,441028
SJFYGUKHUNLZTK-UHFFFAOYSA-L,[Cl-].[Cl-].[Ru+2].c1ccc(-c2ccccn2)nc1.c1ccc(-c2ccccn2)nc1.c1ccc(-c2ccccn2)nc1,44140593
ODBLHEXUDAPZAU-VVJJHMBFSA-K,O=C([O-])C[C@@H](C(=O)[O-])[C@@H](O)C(=O)[O-],5461051
YIBIQGNVXNLHOE-MFKVJZQJSA-N,C=CC1=CC(=O)[C@@H]2[C@H](CC[C@@H]3C(C)(C)[C@H](O)CC[C@@]23C)[C@@H]1C,71296176
VIOMEESUKISOEL-XDEZJFBHSA-N,CC1=CC[C@H]2[C@@](C)(CC[C@H]3C(C)(C)CCC[C@]23C)[C@@H]1Cc1cc(C(=O)O)ccc1O,11292790
YPFUJZAAZJXMIP-GSVOUGTGSA-N,O=S(=O)(O)C[C@H](O)CO,49852441
YRXRHZOKDFCXIB-PYDDKJGSSA-L,C/C(=C\COP(=O)([O-])[O-])CCC[C@H](C)CCC[C@H](C)CCCC(C)C,25245113
YBCPNMOFBUWYTP-QPWUGHHJSA-N,COc1cc2c(cc1O)[C@H]1CC[C@]3(C)C(=O)CC[C@H]3[C@@H]1CC2,13831793
OMOKWYAQVYBHMG-TVWVXWENSA-M,CC(=O)[C@@]1(O)CC[C@H]2[C@@H]3CC=C4C[C@@H](OS(=O)(=O)[O-])CC[C@]4(C)[C@H]3CC[C@@]21C,122198226
DNVLJEWNNDHELH-UHFFFAOYSA-O,C[NH+](C)C1CSSSC1,86295177
HOKKPVIRMVDYPB-UHFFFAOYSA-N,N#CN=C1SCCN1Cc1ccc(Cl)nc1,115224
OEYSNLOOZVNLRA-UHFFFAOYSA-N,COC(=O)c1ccc(O)c(Oc2cc(C(=O)OC)ccc2O)c1,10425993
NBSCHQHZLSJFNQ-PQMKYFCFSA-N,O=P(O)(O)OC[C@H]1O[C@H](O)[C@@H](O)[C@@H](O)[C@@H]1O,447096
MEFKEPWMEQBLKI-AIRLBKTGSA-O,C[S+](CC[C@H](N)C(=O)O)C[C@H]1O[C@@H](n2cnc3c(N)ncnc32)[C@H](O)[C@@H]1O,34756
UDHPWBWPHDPFAZ-AQWWNALJSA-M,CC(=C\C(C)=C\c1ccc([N+](=O)[O-])cc1)/C=C(C)/C=C(\C)CCc1oc(=O)c(C)c([O-])c1C,137333831
KZTJQXAANJHSCE-OIDHKYIRSA-N,CCCCCCCCCCCCCCCCCC(=O)N[C@@H](CO)[C@H](O)CCCCCCCCCCCCCCC,5283573
BIFJNBXQXNWYOL-UHFFFAOYSA-O,C[NH2+]Cc1c[nH]c2ccccc12,7063581
ZONYXWQDUYMKFB-UHFFFAOYSA-N,O=C1CC(c2ccccc2)Oc2ccccc21,10251
HUJXHFRXWWGYQH-UHFFFAOYSA-O,COc1cc(/C=C/C(=O)OCC[N+](C)(C)C)cc(OC)c1O,5280385
MUOHJTRCBBDUOW-QXYWQCSFSA-N,C[C@]12CC[C@@H]3c4ccc(O[C@@H]5O[C@H](C(=O)O)[C@@H](O)[C@H](O)[C@H]5O)cc4CC[C@H]3[C@@H]1CC[C@@H]2O,440713
GADKFYNESXNRLC-WDSKDSINSA-N,NC(=O)C[C@H](N)C(=O)N1CCC[C@H]1C(=O)O,9920984
CYCGRDQQIOGCKX-UHFFFAOYSA-N,O=C(O)c1csc(-c2nc3ccc(O)cc3s2)n1,135767898
ZMTXIFCPSXJBPW-UHFFFAOYSA-N,C=C(C(=O)O)C(CCCCCC(=O)OC)C(=O)O,23651873
YMJBYRVFGYXULK-QZABAPFNSA-M,[NH3+][C@H]1[C@@H](OP(=O)([O-])[O-])O[C@H](CO)[C@@H](O)[C@@H]1O,25243931
ZXIYMCGSSPHRBV-UHFFFAOYSA-N,CCCC(C)C1CCCC1,521217
GWHQHAUAXRMMOT-MBANBULQSA-N,CCN(C)C(=O)Oc1cccc([C@H](C)N(C)C)c1.O=C(O)[C@H](O)[C@@H](O)C(=O)O,6918078
FWEOQOXTVHGIFQ-UHFFFAOYSA-N,O=S(=O)(O)c1cccc2cccc(Nc3ccccc3)c12,1369
BAMPVSWRQZNDQC-UHFFFAOYSA-N,Cc1nc(C)c(C)s1,61653
NVWRUTJMHZBGQX-VJXMHWMPSA-N,CC(=O)O[C@@H]1O[C@@H]([C@H]2c3cccc(O)c3C(=O)c3c(O)cc(C)cc32)[C@H](O)[C@@H](OC(=O)C=C(C)C)[C@H]1O,16736265
ZBQZBWKNGDEDOA-UHFFFAOYSA-L,O=C1OC2(c3ccccc31)c1cc([N+](=O)[O-])c([O-])c(Br)c1Oc1c2cc([N+](=O)[O-])c([O-])c1Br,7058116
ONJBJMDJKLHMEK-MPQUPPDSSA-N,CCCCCCCCCCCCCCCC(=O)OC[C@H](COP(=O)(O)OC[C@@H](O)COP(=O)(O)O)OC(=O)CCCCCCCCCCCCCCC,49859598
VOVIALXJUBGFJZ-KWVAZRHASA-N,CCCC1O[C@@H]2C[C@H]3[C@@H]4CCC5=CC(=O)C=C[C@]5(C)[C@H]4[C@@H](O)C[C@]3(C)[C@]2(C(=O)CO)O1,5281004
MFHMTMFSFNMTFQ-GVFKUQRYSA-O,COc1cc(-c2[o+]c3cc(O)cc(O)c3cc2O[C@@H]2O[C@H](COC(=O)/C=C/c3ccc(O)cc3)[C@@H](O)[C@H](O)[C@H]2O)ccc1O,72193654
FNZLKVNUWIIPSJ-UHNVWZDZSA-N,O=C(CO)[C@H](O)[C@H](O)COP(=O)(O)O,439184
DTTVNHWDONBIKE-DVZOWYKESA-N,OCCN1CCN(CC/C=C2/c3ccccc3SC3C=CC(C(F)(F)F)=CC23)CC1,25137855
IZWKTABKAJGBFW-UHFFFAOYSA-N,COc1cc(-c2cc(=O)c3c(O)c(OC)c(OC)cc3o2)c(O)cc1O,158311
VTUSIVBDOCDNHS-UHFFFAOYSA-N,CCCN(CC)C(CC)C(=O)Nc1c(C)cccc1C,37497
YJVOWRAWFXRESP-LURJTMIESA-N,CC[C@](C)(O)C(=O)C(=O)O,20846129
AQNDDEOPVVGCPG-CQSZACIVSA-N,COC(=O)CCc1ccc(OC[C@H](O)CNC(C)C)cc1,25271656
ZBCATMYQYDCTIZ-UHFFFAOYSA-N,Cc1ccc(O)c(O)c1,9958
PPTYJKAXVCCBDU-UHFFFAOYSA-N,CN1C(=O)CN=C(c2ccccc2F)c2cc([N+](=O)[O-])ccc21,3380
GNISQJGXJIDKDJ-YFKPBYRVSA-M,[NH3+][C@@H](CCOC(=O)CCC(=O)[O-])C(=O)[O-],46878420
ZJAOAACCNHFJAH-UHFFFAOYSA-K,O=C([O-])P(=O)([O-])[O-],3414
CIFXLTLZYCPTJK-UHFFFAOYSA-N,CCCCCC(=O)c1c(O)cc2c(c1O)C(=O)c1c(O)cc(O)cc1C2,46926145
ODXYWRPJDYJIPT-UHFFFAOYSA-N,COC(=O)C(C)CSC(C)=O,10910100
FFRYUAVNPBUEIC-UHFFFAOYSA-N,O=c1cnc2ccccc2[nH]1,14526
VAVIEVIKILAXDG-RGURZIINSA-N,C=C(C)[C@H]1CC=C(C)C(OO)C1,124202347
FHQCFGPKNSSISL-UHFFFAOYSA-N,CCCCCCCCCCCCCCI,29507
VBOQYPQEPHKASR-GSVOUGTGSA-N,N[C@H](CCS(=O)(=O)O)C(=O)O,185861
UKRMDFPJXIVYCZ-BXUZGUMPSA-L,CC(=O)OCC1=C(C(=O)[O-])N2C(=O)[C@@H](NC(=O)CCCC(=O)C(=O)[O-])[C@H]2SC1,25203468
DVQWNQBEUKXONL-UHFFFAOYSA-N,COc1ccccc1I,68257
HSUGRBWQSSZJOP-RTWAWAEBSA-N,COc1ccc([C@@H]2Sc3ccccc3N(CCN(C)C)C(=O)[C@@H]2OC(C)=O)cc1,39186
HNSITEGFVDCKMF-SPIKMXEPSA-N,CN1CCN(c2ccc3ccccc3n2)CC1.O=C([O-])/C=C\C(=O)[O-].O=C([O-])/C=C\C(=O)[O-].[H+].[H+].[H+].[H+],56927829
LHXDLQBQYFFVNW-UHFFFAOYSA-N,CC12CCC(C1)C(C)(C)C2=O,14525
VXYZBLXGCYNIHP-UHFFFAOYSA-N,CC(C)(N)CNC(=O)CC1CCC2(CC1)OOC1(O2)C2CC3CC(C2)CC1C3,10475633
UVZBUUTTYHTDRR-NSEFZGNTSA-N,CCCCC/C=C\C\C=C/C=C/C=C/[C@@H](O)[C@@H](O)CCCC(=O)O,5283160
NKJZZWLREOAJGO-FBVWBLDGSA-N,CCCC(=O)OC[C@H](COP(=O)(O)O[C@H]1[C@H](O)[C@@H](OP(=O)(O)O)[C@H](O)[C@@H](O)[C@H]1O)OC(=O)CCC,53322944
MCNOFYBITGAAGM-UHFFFAOYSA-N,CC1(C)OC(c2ccco2)CN1C(=O)C(Cl)Cl,86187
BUDVJTLKHWKZFS-PCIDIATHSA-N,CCCCC/C=C\C/C=C\CC/C=C/[C@H]1C[C@H]([C@](O)(CC(=O)O[C@@H](C(=O)O)[C@H](CC(=O)O)C(=O)O)C(=O)O)C(=O)O1,11786580
IHWFKDWIUSZLCJ-UHFFFAOYSA-M,CCOc1nc2cccc(C(=O)OCc3oc(=O)oc3C)c2n1Cc1ccc(-c2ccccc2-c2noc(=O)[n-]2)cc1.[K+],23699544
ZRLUISBDKUWAIZ-CIUDSAMLSA-N,CC(C)C[C@H](N)C(=O)N[C@@H](C)C(=O)N[C@@H](CC(=O)O)C(=O)O,71464670
RIBOHFDQFNREER-VIFPVBQESA-N,CSCCCCCCC[C@@H](C(=O)O)N(O)O,123131551
SRZNHPXWXCNNDU-RHBCBLIFSA-N,CO[C@@]1(NC(=O)C2SC(=C(C(N)=O)C(=O)O)S2)C(=O)N2C(C(=O)O)=C(CSc3nnnn3C)CS[C@@H]21,53025
DLRVVLDZNNYCBX-VDGMBKLFSA-N,OC[C@H]1O[C@@H](OC[C@H]2OC(O)[C@H](O)[C@@H](O)[C@@H]2O)[C@H](O)[C@@H](O)[C@H]1O,6454902
ZJXZSIYSNXKHEA-UHFFFAOYSA-N,CCOP(=O)(O)O,74190
HKSHEXWQPGOEAT-ZKINDDDQSA-N,C[C@@H]1[C@H](C)[C@H](c2ccc(O)cc2)O[C@H]1c1ccc(O)c(O)c1,70678777
PERPNFLGJXUDDW-BUFXCDORSA-N,OC[C@H]1O[C@@H](Oc2cc(O)cc(/C=C\c3ccc(O)c(O)c3)c2)[C@H](O)[C@@H](O)[C@@H]1O,16040016
CWNNYYIZGGDCHS-UHFFFAOYSA-N,C=C(CCC(=O)O)C(=O)O,95155
GOMVPVRDBLLHQC-VEJNOCSESA-N,CC/C=C\C/C=C\C/C=C\C/C=C\CCCCCCC(=O)OC[C@@H](O)COP(=O)([O-])OCC[N+](C)(C)C,53480469
MMWCIQZXVOZEGG-MLQGYMEPSA-H,O=P([O-])([O-])O[C@H]1[C@H](O)[C@@H](O)[C@H](OP(=O)([O-])[O-])[C@@H](OP(=O)([O-])[O-])[C@H]1O,25201948
AOSGDBLMPHPJQU-SCQFTWEKSA-M,CSC(C(=O)[O-])[C@H]([NH3+])C(=O)[O-],71464644
YIQAOPNCIJVKDN-XKNYDFJKSA-N,C[C@H](N)C(=O)N[C@@H](CC(N)=O)C(=O)N[C@@H](CC(=O)O)C(=O)N1CCC[C@H]1C(=O)O,71464671
YOMSJEATGXXYPX-UHFFFAOYSA-N,C=Cc1ccc(O)c(OC)c1,332
ZNEWHQLOPFWXOF-UHFFFAOYSA-M,O=S(=O)([O-])CCS,4077
WNDDWSAHNYBXKY-UHFFFAOYSA-N,CCOC(=O)c1cc2cc3c(cc2oc1=O)N(CCCC(=O)O)C(C)(C)CC3C,25164096
MVOYJPOZRLFTCP-UHFFFAOYSA-N,Cn1c(=O)[nH]c2nc[nH]c2c1=O,80220
INAXVXBDKKUCGI-UHFFFAOYSA-N,CC1=C(O)C(=O)C(C)O1,19309
KDXISMANFPJVJY-UHFFFAOYSA-N,CC1(C)C(=O)N(CCN2CCC(C(=O)c3ccc(F)cc3)CC2)c2ccccc21,4282258
MIMNIDIHOQDTFD-HNNXBMFYSA-N,COc1cc(OC)c(-c2ccc(OC)c3c(OC)cc(C)cc23)c2c1C(C)=N[C@@H](C)C2,10002166
GJAWHXHKYYXBSV-UHFFFAOYSA-L,O=C([O-])c1cccnc1C(=O)[O-],5460301
CHWHUPKCZKLQIM-CQSZACIVSA-N,CSCC[C@@H](N)C(=O)Nc1ccc2ccccc2c1,7005067
PQEHILHGDWJAOT-YODGCNRUSA-N,[NH3+][C@@H](CS/C(Cc1c[nH]c2ccccc12)=N/O)C(=O)NCC(=O)[O-],90657214
NXXMTWFZPIADGB-RDBPJOJYSA-N,CC(C)[C@H](C)/C=C/[C@@H](C)[C@H]1CC[C@H]2[C@@H]3CCc4cc(O)ccc4[C@H]3CC[C@]12C,51041307
SNIXVWCOGOOOGH-ZIIXMLBZSA-N,COC(=O)C1C[C@H]2[C@@H]3CCC4=CC(=O)C=C[C@]4(C)[C@H]3[C@@H](O)C[C@]2(C)[C@@]1(O)C(=O)CO,17756757
HXXFSFRBOHSIMQ-FPRJBGLDSA-N,O=P(O)(O)O[C@H]1O[C@H](CO)[C@H](O)[C@H](O)[C@H]1O,123912
VCXRHEIVUHPWLL-SEYXRHQNSA-M,CCCCCC/C=C\CCCCCCCC(=O)OC(CCCCCCCCC)CCCCCCCC(=O)[O-],126456514
AOKQNZVJJXPUQA-KQYNXXCUSA-O,Cn1c[n+]([C@@H]2O[C@H](COP(=O)(O)O)[C@@H](O)[C@H]2O)c2nc(N)[nH]c(=O)c21,135398701
UYIAUFVPRSSBGY-UWTATZPHSA-N,O=C(O)[C@H](O)CF,45266523
CLOMYZFHNHFSIQ-UHFFFAOYSA-M,Cc1c(Cl)cccc1Nc1ncccc1C(=O)[O-],6918954
PSHXNVGSVNEJBD-UHFFFAOYSA-N,CCCCCCCCCCCCCC(=O)OC(CC(=O)[O-])C[N+](C)(C)C,6426854
XGLAPGGDOHJURU-KXYOHKLBSA-N,CCCCCC/C=C\CCCCCCCCOC(=O)CCCCCCC/C=C\CCCCCCCC,5364678
ITTRLTNMFYIYPA-UHFFFAOYSA-N,C=CC(=O)Nc1cccc(Oc2nc(Nc3ccc(N4CCN(C)CC4)cc3OC)ncc2Cl)c1,44607530
WFCYPFZTEOKUDV-UHFFFAOYSA-N,CC1=CCC(C2=CCCC(CO)C2)C1(C)C,24771796
NPOAOTPXWNWTSH-UHFFFAOYSA-M,CC(O)(CC(=O)[O-])CC(=O)O,5461047
DQDKWDYKDPDWMY-UHFFFAOYSA-N,O=C(O)CCCCCCCCCCCCCCCCCCCCCCCCCCCO,5312786
RMHHUKGVZFVHED-UHFFFAOYSA-N,O=C(O)C(=O)C(O)C(=O)O,524
FJGXDMQHNYEUHI-LRFIHEIOSA-N,CC(=O)N[C@@H]1[C@@H](O[C@H]2O[C@H](CO)[C@H](O)[C@H](O)[C@H]2NC(C)=O)[C@@H](O)[C@@H](CO)O[C@H]1O,16040232
KNYGWWDTPGSEPD-LFRDXLMFSA-N,C[C@H](O)[C@@H](O)[C@@H](O)C(=O)COP(=O)(O)O,6857415
ILSCWPMGTDPATI-UHFFFAOYSA-N,CC(C)NCC(O)COc1ccc(CCC(=O)O)cc1,133620
CBIDRCWHNCKSTO-UHFFFAOYSA-N,CC(C)=CCOP(=O)(O)OP(=O)(O)O,647
YFONKFDEZLYQDH-UHFFFAOYSA-N,Cc1ccc2c(c1)C(Nc1nc(N)nc(C(C)F)n1)C(C)C2,58590448
DNDJEIWCTMMZBX-UHFFFAOYSA-N,CNc1ccc2nc3ccc(=[N+](C)C)cc-3sc2c1.[Cl-],68275
PECRJLBPKXQZDC-UHFFFAOYSA-N,COc1cc2c(c(O)c1O)C1(C)Oc3c(O)c(OC)cc(C=O)c3C(C)(O1)C2=O,464001
YROOZUQRTLHXIO-DIACKHNESA-N,COc1cc(C(=O)O[C@@H]2O[C@H](CO)[C@@H](O)[C@H](O)[C@H]2O)ccc1O,14132344
OSXKHFTZRHDUJN-UHFFFAOYSA-N,O=c1[nH]c2nccn2c2nc[nH]c12,176480
NPWMTBZSRRLQNJ-UHFFFAOYSA-N,NC1CCC(=O)NC1=O,134508
LSGOVYNHVSXFFJ-UHFFFAOYSA-N,[O]=[V]([O-])([O-])[O-],61672
GMQXOLRKJQWPNB-MVVLSVRYSA-N,C/C=C1/[C@H](O[C@@H]2O[C@H](CO)[C@@H](O)[C@H](O)[C@H]2O)OC=C(C(=O)OC)[C@H]1CC(=O)OCCc1ccc(O)cc1,14136859
HXXFSFRBOHSIMQ-FPRJBGLDSA-L,O=P([O-])([O-])O[C@H]1O[C@H](CO)[C@H](O)[C@H](O)[C@H]1O,7098639
NSIZZDCNBYUZJX-USTDIMLCSA-N,CC(=O)N[C@@H]1[C@@H](O[C@H]2O[C@@H]([C@H](O)CO)[C@H](O)[C@H]2O)[C@H](O)[C@@H](CO)O[C@H]1O,91854812
MBDKGXAMSZIDKF-VJIACCKLSA-N,CCCCCCCC/C=C\CCCCCCCC(=O)N[C@@H](CO)C(=O)O,44190514
BITHHVVYSMSWAG-KTKRTIGZSA-M,CCCCCCCC/C=C\CCCCCCCCCC(=O)[O-],5460984
HOVAGTYPODGVJG-ZFYZTMLRSA-N,CO[C@H]1O[C@H](CO)[C@@H](O)[C@H](O)[C@H]1O,64947
RCIMBBZXSXFZBV-UHFFFAOYSA-N,CCn1cc(C(=O)O)c(=O)c2cnc(N3CCCC3)nc21,4855
CEVCTNCUIVEQOY-JQOWZUPLSA-N,CO[C@@H]1[C@H](O)CC[C@]2(CO2)[C@H]1[C@@]1(C)O[C@@H]1CC=C(C)C,222778
BSOLAQMZTBVZLA-QMMMGPOBSA-N,N[C@@H](Cc1ccc([O])cc1)C(=O)O,5460818
ZFRVFUWCVYLUIH-UHFFFAOYSA-M,COc1cc(C(=O)[O-])ccc1O.[Na+],23675709
OROYBJUZDRBHII-NSHDSACASA-N,C=C[C@@H](c1ccc(OC)c(O)c1)c1cc(O)c(C(=O)OC)cc1O,53262823
GAHLHXRCZDVQSW-UHFFFAOYSA-N,COn1cc(CN)c2ccccc21,11332792
XOEVKNFZUQEERE-UHFFFAOYSA-N,Cc1c(-c2ccccc2)oc2c(C(=O)OCCN3CCCCC3)cccc2c1=O.Cl,441345
WQBUQCSTGAHNSM-UHFFFAOYSA-N,CCC(C)CCCCCCCCCCCCCO,5283264
RZZZFXPOFKWSOB-UHFFFAOYSA-N,c1ccc2c(c1)-c1nc3nc(nc4[nH]c(nc5nc(nc6[nH]c(nc-2n1)c1ccccc61)-c1ccccc1-5)c1ccccc41)-c1ccccc1-3,135899466
XJLZCPIILZRCPS-ANMPWZFDSA-N,C=C(CC[C@@H](C)[C@H]1CC[C@@]2(C)C3=C(CC[C@]12C)[C@@]1(C)CC[C@H](O)C(C)(C)[C@@H]1CC3)C(C)C,9803310
CMSMNEVJRIYPOM-WPCRTTGESA-N,COc1ccc(O)c2oc3c4c(cc(OC)c3c(=O)c12)O[C@H]1OC=C[C@@H]41,71296160
NJOIWWRMLFSDTM-UHFFFAOYSA-M,C=C(C)C(CCC(C)=O)CC(=O)[O-],4488712
XDOFQFKRPWOURC-UHFFFAOYSA-N,CC(C)CCCCCCCCCCCCCCC(=O)O,21859
UCXQIIIFOOGYEM-ULQDDVLXSA-N,CC(C)C[C@H](N)C(=O)N1CCC[C@H]1C(=O)N[C@@H](Cc1ccc(O)cc1)C(=O)O,11234718
LUZSWWYKKLTDHU-SIGMCMEVSA-N,CCCCC/C=C/C=C/C(=O)CCCCCCCC(=O)O,5283011
ONIBWKKTOPOVIA-BYPYZUCNSA-M,O=C([O-])[C@@H]1CCCN1,5460776
JSGKREWPBLKPCZ-OKNNCHMLSA-N,Nc1nc2[nH]cc(CN[C@@H]3[C@@H](O)[C@@H](O)[C@@H]4O[C@H]34)c2c(=O)[nH]1,136093827
OILXMJHPFNGGTO-ZAUYPBDWSA-N,CC(C)[C@@H](C)/C=C/[C@@H](C)[C@H]1CC[C@H]2[C@@H]3CC=C4C[C@@H](O)CC[C@]4(C)[C@H]3CC[C@]12C,5281327
KOHIRBRYDXPAMZ-YHBROIRLSA-O,O[C@H](C[NH2+]C[C@@H](O)[C@H]1CCc2cc(F)ccc2O1)[C@@H]1CCc2cc(F)ccc2O1,26741774
YMNZWKHEJQGPIA-HVCCRNAXSA-N,C=C1C(=O)O[C@H]2/C=C(/C)[C@@H](O)CC/C(C)=C/[C@@H](O)[C@H]12,14466152
YMARZQAQMVYCKC-OEMFJLHTSA-N,CC(C)CN(C[C@@H](O)[C@H](Cc1ccccc1)NC(=O)O[C@H]1CCOC1)S(=O)(=O)c1ccc(N)cc1,65016
MYVYPSWUSKCCHG-JQWIXIFHSA-N,N[C@@H](Cc1c[nH]c2ccccc12)C(=O)N[C@@H](CO)C(=O)O,7009660
QUSAGIASCUTMNI-QWHCGFSZSA-N,CCCCNC(=O)[C@H](CS)NC(=O)[C@H](N)c1ccccc1,56927798
DEWDMTSMCKXBNP-BYPYZUCNSA-M,CSCC[C@H](NC(N)=O)C(=O)[O-],1745307
IOFUFYLETVNNRF-UPHRSURJSA-N,O=C(O)CC/C=C\CCC1C(OCc2ccc(-c3ccccc3)cc2)CC(=O)C1N1CCOCC1,9847895
SAURDTOTDJOGPE-XSSYPUMDSA-M,C[C@]12CC[C@@H]3c4cc(O)c(OS(=O)(=O)[O-])cc4CC[C@H]3[C@@H]1CC[C@@H]2O,122391274
CGEORJKFOZSMEZ-MBZVMHRFSA-N,Oc1ccc([C@H]2OC[C@H]3[C@@H]2CO[C@@H]3c2ccc3c(c2)OCO3)cc1O,46917407
LOLJEILMPWPILA-AMFHKTBMSA-N,CCCCCC(=O)/C=C/[C@@H]1[C@@H](C/C=C\CCCC(=O)O)[C@@H](O)C[C@H]1O,5280887
VLBPIWYTPAXCFJ-XMMPIXPASA-N,CCCCCCCCCCCCCCCCOC[C@@H](O)COP(=O)([O-])OCC[N+](C)(C)C,162126
YDLFOQAKBQDMDP-XBKFQHLESA-N,CCCCCC/C=C\CCCCCCCCCCCCC#C[C@@H](OS(=O)(=O)O)C(=O)O,11123673
YIUHXZHKDQGNOC-UHFFFAOYSA-N,CCCCCCCCCCCCCCCCCCCCCCCCCC(=O)NCC(=O)O,91828268
DEMKYMVOIBWYAM-UHFFFAOYSA-N,Cc1cc(Cl)cc(O)c1O,36022
MRKQZIXMEQPHNQ-PDBXOOCHSA-N,CC/C=C\C/C=C\C/C=C\CCOS(=O)(=O)O,86290027
NYPXFLPLYKUBGD-SKCKNYEVSA-N,CC(=O)N[C@H]1[C@H](O[C@H](CO)[C@@H](O)[C@@H](O)CO)O[C@H](CO)[C@@H](O)[C@@H]1O,193572
LSHVYAFMTMFKBA-PZJWPPBQSA-N,O=C(O[C@H]1Cc2c(O)cc(O)cc2O[C@@H]1c1ccc(O)c(O)c1)c1cc(O)c(O)c(O)c1,5276454
GUXJXWKCUUWCLX-UHFFFAOYSA-N,CC1=NCCO1,70713
BMMXYEBLEBULND-UHFFFAOYSA-O,COc1ccc(-c2ccc3ncc4c(c3c2)n(-c2ccc(N3CC[NH2+]CC3)c(C(F)(F)F)c2)c(=O)n4C)cn1,70788965
BOFBVWROGCPAFH-VEYGSZKMSA-M,CC/C=C\C[C@H](O)/C=C/C=C\C=C\C=C\C1OC1C/C=C\CCC(=O)[O-],91820022
KZSNJWFQEVHDMF-SCSAIBSYSA-N,CC(C)[C@@H]([NH3+])C(=O)[O-],6971095
KXOWVZNVTQLQPD-RGEXLXHISA-N,CC1=C/C(=C(\c2cc(C)c(O)c(C(=O)O)c2)c2ccccc2S(=O)(=O)O)C=C(C(=O)O)C1=O,11947720
KQMVAGISDHMXJJ-UHFFFAOYSA-N,COc1cc(O)c2c(=O)c(-c3ccc(O)cc3)coc2c1,5281804
UYXTWWCETRIEDR-UHFFFAOYSA-N,CCCC(=O)OCC(COC(=O)CCC)OC(=O)CCC,6050
QHGUCRYDKWKLMG-UHFFFAOYSA-N,NCC(O)c1ccc(O)cc1,4581
KIIBBJKLKFTNQO-WHFBIAKZSA-N,CC1=[NH+][C@H](C(=O)[O-])[C@@H](O)CN1,40488256
PVXVWWANJIWJOO-UHFFFAOYSA-N,CCNC(C)Cc1ccc2c(c1)OCO2,105039
JDOZJEUDSLGTLU-VWUMJDOOSA-N,C[C@]12C=CC(=O)C=C1CC[C@@H]1[C@@H]2[C@@H](O)C[C@@]2(C)[C@H]1CC[C@]2(O)C(=O)COP(=O)(O)O,72078
YLJREFDVOIBQDA-UHFFFAOYSA-N,Nc1c2c(nc3ccccc13)CCCC2,1935
TYYRFZAVEXQXSN-UHFFFAOYSA-H,O.O.O.O.O.O.O.O.O.O.O.O.O.O.O.O.O=S(=O)([O-])[O-].O=S(=O)([O-])[O-].O=S(=O)([O-])[O-].[Al+3].[Al+3],23065692
QXAHNKVDGAGBNU-UHFFFAOYSA-N,O=CNC(CC(=O)O)CC(=O)O,44224012
RSPRLQAZJOAGFP-QCNRFFRDSA-M,C[NH2+]CCOP(=O)([O-])OP(=O)([O-])OC[C@H]1O[C@@H](n2ccc(N)nc2=O)[C@H](O)[C@@H]1O,46878396
ZMARVJHNAZOGEK-JXMROGBWSA-N,CCO/C=C1/N=C(c2ccc([N+](=O)[O-])cc2)OC1=O,6080437
HDBZILYPRPDNTH-UHFFFAOYSA-N,CC1(C)CC(COS(=O)(=O)c2ccc(Cl)cc2)C(=O)O1,45266880
FNHKPVJBJVTLMP-UHFFFAOYSA-N,CNC(=O)c1cc(Oc2ccc(NC(=O)Nc3ccc(Cl)c(C(F)(F)F)c3)c(F)c2)ccn1,11167602
YSFFAUPDXKTJMR-DIPNUNPCSA-N,CCCCCCCCCCCCCCCCC(=O)OC[C@H](COP(=O)([O-])OCC[NH3+])OC(=O)CCCCCCCCCCCCCCCC,46891874
KDIFLHQRDPSWHT-IYKVGLELSA-N,CC(=O)CC[C@@H](C)O[C@@H]1O[C@@H](C)[C@H](O)C[C@H]1O,16066475
KGJTXYKKHKRNIM-UHFFFAOYSA-N,COc1cc(O)c2c(=O)c(OC)c(-c3cc(O)c(OC)cc3O)oc2c1,5281676
HIGSLXSBYYMVKI-UHFFFAOYSA-N,C[n+]1ccccc1/C=N/O.[Cl-],135445761
BDLLSHRIFPDGQB-WAYWQWQTSA-M,CCCC/C=C\CCCCCCCCCCCC(=O)[O-],77134720
JYBGCTWNOMSQJY-UHFFFAOYSA-N,O=C(O)CCn1c(O)c(C2=c3cc(Cl)ccc3=NC2=O)sc1=S,135886621
YPGMOWHXEQDBBV-ZXZARUISSA-N,O[C@@H]1CSSC[C@@H]1O,405202
GRBYFYORPBZEIN-RWKYHZLCSA-N,C[C@@H]1O[C@@H](Oc2cc(O)c3c(=O)cc(-c4ccc(O)c(O)c4)oc3c2)[C@H](O)[C@H](O)[C@H]1O,51358136
JDIORNFCMMYMLF-UHFFFAOYSA-N,COc1cc(O)c2c(=O)c3c(O)ccc(O)c3oc2c1,5281623
PELZSPZCXGTUMR-MBEOBJKWSA-N,O=P(O)(O)OC1[C@@H](O)[C@@H](O)C(OP(=O)(O)O)[C@H](O)[C@H]1O,439444
ONIBWKKTOPOVIA-BYPYZUCNSA-N,O=C(O)[C@@H]1CCCN1,145742
YNBBKFWBZFOBIO-UHFFFAOYSA-N,[O-][I+]([O-])(O)(O)(O)O,6857579
GDLBFKVLRPITMI-UHFFFAOYSA-N,CC1=NS(=O)(=O)c2cc(Cl)ccc2N1,3019
YJRLSCDUYLRBIZ-UHFFFAOYSA-N,COC(=O)c1cc(O)cc(OC)c1C(=O)c1c(O)cc(C)cc1O,160505
YLKLJBPHNWWPSF-TYRPZCRBSA-N,C/C=C\CC1=C(C)[C@@H](O)CC1=O,13074022
VCTBNHVCBSUQPG-OOADKWOMSA-N,OC[C@H]1O[C@@H](O[C@@H]2COC(O)[C@H](O)[C@H]2O)[C@H](O)[C@@H](O)[C@@H]1O,91849166
SBFPHBDUKAKWJL-OGQVOSTCSA-N,CCCCCCCC\C=C/C=C/C=C/[C@@H](SC[C@H](N)C(=O)NCC(=O)O)[C@@H](O)CCCC(=O)O,122198282
QIGJYVCQYDKYDW-JPYOEHHXSA-N,OC[C@H]1O[C@@H](O)[C@H](O)[C@@H](O[C@H]2O[C@H](CO)[C@@H](O)[C@H](O)[C@H]2O)[C@H]1O,91850171
RURQAJURNPMSSK-UHFFFAOYSA-N,CCOc1ccc(C(COCc2cccc(Oc3ccc(Cl)cc3)c2)C(F)(F)F)cc1,86103
ONIBWKKTOPOVIA-UHFFFAOYSA-N,O=C(O)C1CCCN1,614
URPXXNCTXCOATD-FXMFQVEGSA-N,CCCCC/C=C\C/C=C\C/C=C\C/C=C\CCCC(=O)O[C@H](CO/C=C\CCCCCCCCCCCCCCCC)COP(=O)(O)OCCN,9547058
KGUMXGDKXYTTEY-FRCNGJHJSA-M,CC1=C(/C=C/C(C)=C/C=C/C(C)=C/C(=O)[O-])C(C)(C)CCC1O,123132024
DGQLVPJVXFOQEV-JNVSTXMASA-N,Cc1c(C(=O)O)c(O)cc2c1C(=O)c1c(O)c([C@@H]3O[C@H](CO)[C@@H](O)[C@H](O)[C@H]3O)c(O)c(O)c1C2=O,10255083
HZXFAYOGIGTEDC-UHFFFAOYSA-N,Nc1ccc(O)c(C(=O)NCC(=O)O)c1,10353049
URAYPUMNDPQOKB-UHFFFAOYSA-N,CC(=O)OCC(COC(C)=O)OC(C)=O,5541
XWPBBHHZDYSYMS-ZXRVKKJVSA-N,O=C(O)c1cccc(C(=O)CC[C@H]2OC(O)[C@H](O)[C@@H]2O)c1,25137931
XMEQDAIDOBVHEK-UHFFFAOYSA-M,O=C(O)c1ccc([O-])c(Br)c1,54710054
GTTBQSNGUYHPNK-UHFFFAOYSA-M,O=P([O-])(O)CO,21680357
SVJLJQBGUITFLI-RUZDIDTESA-N,CCCCCCCCCCCCCCCCCCCC(=O)O[C@H](CC(=O)[O-])C[N+](C)(C)C,90659870
QCEBQMMZCFADMF-VIIQGJSXSA-N,CC/C=C\CC(=O)/C=C/C=C\C/C=C\C/C=C\C/C=C\CCC(=O)O,45105201
HLPIHRDZBHXTFJ-UHFFFAOYSA-N,CCc1ccco1,18554
ZASFHSAGASJGRN-UHFFFAOYSA-N,COc1c(O)cc(O)c2c(=O)c(O)c(-c3ccc(O)c(O)c3)oc12,5280695
GCWCVCCEIQXUQU-UHFFFAOYSA-N,O=C(NC(O)C(=O)O)c1ccccc1,450272
VMUJCCBLIGGNAX-GTPINHCMSA-N,NCCCNCCCCNC(=O)[C@H](Cc1ccccc1)NC(=O)C1OC1C(=O)O,70678747
BMLIZLVNXIYGCK-UHFFFAOYSA-N,CN(C)C(=O)Nc1ccc(Cl)cc1,8800
JRJYBKLGPOKTLS-YXJLRHLOSA-N,CN[C@H]1CC[C@@H](OP(=O)(O)OP(=O)(O)OC[C@H]2O[C@@H](n3cc(C)c(=O)[nH]c3=O)C[C@@H]2O)O[C@@H]1C,90657345
GKGSHNPKQBMHTD-AFJQJTPPSA-N,C=CC/C=C\C/C=C\CCCCCCCc1cc(O)cc(OC)c1,25244188
PWPOLLAYFXIWOQ-PXSMKGAESA-N,CCCCC/C=C\C/C=C\CCCCCCCC(=O)O[C@H](CO/C=C\CCCCCCCCCCCCCCCC)COP(=O)([O-])OCC[N+](C)(C)C,52923944
HIOAYNMZFIHQNS-WGSNPMNHSA-O,CC[C@H]1[C@@H]2C[C@H]3[C@@H]4Nc5ccccc5[C@]45CC([C@H]2[C@H]5O)[NH+]3[C@@H]1O,86289289
XAYGJFACOIKJCT-UHFFFAOYSA-M,O=C([O-])CCCCCNC(=O)Cc1ccc(O)c([N+](=O)[O-])c1,3256859
HBRKQMNFEIZZOU-AGKHZPTMSA-N,C=C(C)C(=O)O[C@H]1C[C@@](C)(OC(C)=O)C(=O)CC[C@H](C)C[C@H]2OC(=O)C(=C)[C@H]12,196827
VWFJDQUYCIWHTN-YFVJMOTDSA-K,CC(C)=CCC/C(C)=C/CC/C(C)=C/COP(=O)([O-])OP(=O)([O-])[O-],15983959
RWZYAGGXGHYGMB-UHFFFAOYSA-M,Nc1ccccc1C(=O)[O-],5459842
NYNQTTOUQMCOEM-HKBQPEDESA-N,CCCCCCCCCCCCCCCC(=O)O[C@@H](CO)COC(=O)CCCCCCCCCCCCC,13734178
JINJZWSZQKHCIP-UFGQHTETSA-N,CC(=O)N[C@H]1[C@H]([C@H](O)[C@H](O)CO)OC(C(=O)O)=C[C@@H]1O,65309
NWIUTZDMDHAVTP-UHFFFAOYSA-N,CC(C)NCC(O)COc1ccc(CCOCC2CC2)cc1,2369
DYDNPESBYVVLBO-UHFFFAOYSA-N,O=CNc1ccccc1,7671
LRLCVRYKAFDXKU-YGOSVGOTSA-O,CC[C@H]1C[C@@H]2C[C@H]3c4[nH]c5ccccc5c4CC[NH+](C2)[C@@H]13,146014737
TZXKOCQBRNJULO-UHFFFAOYSA-N,Cc1c(O)c(=O)ccn1C,2972
PVSGXWMWNRGTKE-CQSZACIVSA-M,Cc1cnc(C2=N[C@](C)(C(C)C)C(=O)N2)c(C(=O)[O-])c1,16760198
XTPJJWPXQDJTPH-UHFFFAOYSA-N,Oc1cccc2ccc3ccc4ccccc4c3c12,263244
YBJHBAHKTGYVGT-ZKWXMUAHSA-N,O=C(O)CCCC[C@@H]1SC[C@@H]2NC(=O)N[C@@H]21,171548
WGLMBRZXZDAQHP-UHFFFAOYSA-N,CC1(C)CC=C(c2cnc3ccccc3c2)c2cc(C(=O)Nc3ccc(C(=O)O)cc3)ccc21,445091
RQSUJBPFSUWQSA-UHFFFAOYSA-N,CC(C)CC(=O)OC(c1ccccc1)c1cc(O)c(C(=O)O)c(=O)[nH]1,54684614
NGEWQZIDQIYUNV-SCSAIBSYSA-M,CC(C)[C@@H](O)C(=O)[O-],6950390
LKLWVKCEYSPQHL-KKSFZXQISA-O,COc1cc2c(cc1O)[C@@H]1Cc3ccc(OC)c(O)c3C[N@+]1(C)CC2,3082134
HDHQZCHIXUUSMK-UHFFFAOYSA-N,O=c1cc(O)c2ccccc2[nH]1,54680871
OGEUVWJPDIDHBN-UHFFFAOYSA-M,CCCCCCCCNS(=O)(=O)[O-],21801554
XNQAJERZSLDENY-UHFFFAOYSA-N,CC(C)=CCc1ccc2[nH]cc(C3=C(O)C(=O)C(c4c[nH]c5ccccc45)=C(O)C3=O)c2c1,474302
YIKJHONXDKKKLG-UHFFFAOYSA-N,[O-]/[N+](O)=C\Cc1ccc(O)cc1,126456455
BAONJAHBAUDJKA-BZSNNMDCSA-N,N[C@@H](Cc1ccccc1)C(=O)N[C@@H](Cc1ccc(O)cc1)C(=O)N[C@@H](CC(=O)O)C(=O)O,86583359
DQGIXJCPVVNGMY-KCJUWKMLSA-N,C[C@@H](N)C(=O)Nc1ccccc1C(=O)N[C@@H](O)CCS,134692099
UNZMYCAEMNVPHX-UHFFFAOYSA-M,Nc1ccc(C(=O)NCC(=O)[O-])cc1.[Na+],443971
SXSGXWCSHSVPGB-UHFFFAOYSA-N,Cn1cc(C(=O)Nc2ccccc2-c2cc(F)c(F)c(F)c2)c(C(F)F)n1,16095400
IBTVIYOZSFOEBW-OWYOPICZSA-N,Cc1c2c(c(O)c3c(O)cccc13)C(=O)[C@]1(O)C([O-])=C(C(N)=O)C(=O)[C@@H]([NH3+])[C@@H]1C2,122198286
WCSHKPNHOSDFGK-UHFFFAOYSA-N,CC(C)=CCc1c(O)cc(O)c2c(=O)c(O)c(-c3ccccc3)oc12,5281619
AUFUWRKPQLGTGF-FMKGYKFTSA-N,CC(=O)OC[C@H]1O[C@@H](n2ccc(=O)[nH]c2=O)[C@H](OC(C)=O)[C@@H]1OC(C)=O,20058
AXDXVEYHEODSPN-HVATVPOCSA-L,C[C@H](CCC(=O)[O-])[C@H]1CC[C@H]2[C@@H]3CC[C@@H]4C[C@H](OS(=O)(=O)[O-])CC[C@]4(C)[C@H]3CC[C@]12C,122391354
JUZVHLGKYJTCKP-CMDGGOBGSA-N,COc1cc(O)c(C)c(O)c1C(=O)/C=C/c1ccccc1,11778601
MLGCATYQZVMGBG-DRHHIBKESA-N,COc1ccnc(C(=O)N[C@H]2COC(=O)C(Cc3ccccc3)[C@@H](OC(=O)C(C)C)C(C)OC2=O)c1O,70697822
XQBDRFMUTUDWCI-ODESCJKJSA-N,COC(C)(C)/C=C/C[C@H](C)[C@@H]1CC[C@]2(C)C3=CC[C@H]4C(C)(C)[C@@H](O)CC[C@]4(C)[C@H]3CC[C@@]12C,50994221
XKGLTSPFQHSIDD-HKYAKFGFSA-M,COc1ccc2c(c1)[C@@H](OS(=O)(=O)[O-])[C@H](c1cc(/C=C/C(=O)O)cc(OC)c1O)CO2,86290121
TVMUHOAONWHJBV-UHFFFAOYSA-N,N=CC(=O)O,3080609
IHFBPDAQLQOCBX-UHFFFAOYSA-N,COc1c(O)cc2oc(-c3ccc(O)cc3)cc(=O)c2c1O,5281628
OKZTWSCTVDMBGE-NSHDSACASA-N,CSCCCCCCCCC(=NO)SC[C@H](N)C(=O)O,134160263
WUKLNYKELYBPSU-XFTLILIKSA-M,CC/C=C\C[C@@H](O)[C@H](C=CC=CC=CC/C=C\C/C=C\CCC(=O)[O-])SC[C@H]([NH3+])C(=O)NCC(=O)[O-],132472350
HYZRWYQBGNTGTK-HOTUBEGUSA-N,COc1cc([C@H]2OC[C@@H]3C(=O)OC[C@@H]32)ccc1O,10955962
WWOUHSVXNYZFBQ-MCRRFWBCSA-N,CCCCC/C=C\C/C=C\[C@H](O)[C@H]1O[C@H]1C/C=C\CCCC(=O)O,71668373
XIWXUSFCUBAMFH-OPUZMVJGSA-N,COc1cc(/C=C\C(=O)O[C@H](C(=O)O)[C@H](O)C(=O)O)ccc1O,72551458
YWEUIGNSBFLMFL-UHFFFAOYSA-N,O=P(=O)OP(=O)=O,6326975
XJXNCCRIMITPRF-XKSSXDPKSA-N,Cc1nc2c(=O)nc(N)nc-2n(C[C@H](O)[C@H](O)[C@H](O)CO)c1C,86289924
XYITYKDGJLHYPW-UHFFFAOYSA-M,O=C([O-])CNC(=O)c1ccccc1I.[Na+],23689317
HYHSBSXUHZOYLX-WDSKDSINSA-N,N[C@@H](CCC(=O)N[C@@H](CSN=O)C(=O)NCC(=O)O)C(=O)O,104858
HXQQNYSFSLBXQJ-ZANVPECISA-N,COC1=C(N[C@@H](CO)C(=O)O)C[C@](O)(CO)CC1=NCC(=O)O,122706103
ZMKDEQUXYDZSNN-UTJQPWESSA-N,CCCCCCCC/C=C\C/C=C\CCCCC(=O)O,5312483
NRLCQITWKJENAT-FNORWQNLSA-N,C/C=C(\C)c1cc(OC)c(C)c(=O)o1,5358550
VOMKSBFLAZZBOW-UMSFTDKQSA-N,CCCCCCCCCCCCCCCC(=O)O[C@H]1CCCn2c1nc(C)c(CCN1CCC(c3noc4cc(F)ccc34)CC1)c2=O,86290118
PECYZEOJVXMISF-UHFFFAOYSA-N,NCC(N)C(=O)O,364
WSQTXGWVQVJEKA-CRRUOUIOSA-N,CCCCCCCCCCCCCCCCC(=O)N[C@@H](CO)[C@H](O)/C=C/CCCCCCCCCC(C)C,70680356
YVCVYCSAAZQOJI-JHQYFNNDSA-N,COc1cc([C@@H]2c3cc4c(cc3[C@@H](O)[C@H]3COC(=O)[C@H]23)OCO4)cc(OC)c1O,122797
NMUKFRCHLYPKSR-UHFFFAOYSA-N,O=CC(CCC(=O)O)C(=O)O,23336300
UEJJHQNACJXSKW-SECBINFHSA-N,O=C1CC[C@@H](N2C(=O)c3ccccc3C2=O)C(=O)N1,75792
NBOCCPQHBPGYCX-NQXXGFSBSA-N,O=C(COP(=O)(O)O)[C@H](O)[C@H](O)CO,14844436
OELFLUMRDSZNSF-OFLPRAFFSA-N,CC(C)C1CCC(C(=O)N[C@H](Cc2ccccc2)C(=O)O)CC1,5311309
FEWJPZIEWOKRBE-XIXRPRMCSA-M,O=C([O-])[C@@H](O)[C@@H](O)C(=O)[O-].[H+],24755500
LUPPRXHPUZNWES-BZRROHBCSA-M,CC/C=C\C[C@H](O)/C=C/C=C\C=C\C=C\C(=O)[C@@H](O)C/C=C\CCC(=O)[O-],119058142
ZCIRPBAEIIAERP-ZJTSJXPUSA-M,CC(C)=CCc1cc(C(=O)Nc2c([O-])c3ccc(O[C@@H]4OC(C)(C)[C@H](O)[C@@H](O)[C@H]4O)c(C)c3oc2=O)ccc1O,71581087
WLDPWZQYAVZTTP-UHFFFAOYSA-N,Cn1ccnc1C(=O)O,557678
HBDVLYQTRSOPRO-BULFRSBZSA-N,CC(C)=CC[C@]12C(=O)C=CC(=O)[C@]13CC(C)=C[C@H]2c1cc(O)ccc1O3,10405602
WEBQKRLKWNIYKK-UHFFFAOYSA-N,CCSCCSP(=O)(OC)OC,13526
FNSUIQQZIUKGPW-UHFFFAOYSA-N,Oc1cccc(-c2cc(Cl)c(Cl)c(Cl)c2Cl)c1,171852
WZCLAXMADUBPSG-RIXBAXMTSA-N,CC/C=C\C/C=C\C/C=C\CCCCCCCC(=O)O[C@H](COC(=O)CCCCCCCCCCCCCCCCC)COP(=O)([O-])OCC[N+](C)(C)C,52922657
GHLCSCRDVVEUQD-CQSZACIVSA-N,CCn1ncc(C(=O)c2ccc(S(C)(=O)=O)c(OCCOC)c2C)c1O[C@@H](C)OC(=O)OC,76956677
XEGGRYVFLWGFHI-UHFFFAOYSA-N,CNC(=O)Oc1cccc2c1OC(C)(C)O2,2314
NQLKPDBZZUIQGM-RKDXNWHRSA-N,CC(C)=C[C@@H]1[C@@H](C=O)C1(C)C,6432223
LYHFPFHWBXEUPX-AHFVBISTSA-N,C=C(C)C(C)CC/C(C)=C/CC/C(C)=C/CC/C=C(\C)CC/C=C(\C)CCC(C)C(=C)C,12133206
AGPKZVBTJJNPAG-UHNVWZDZSA-N,CC[C@@H](C)[C@H]([NH3+])C(=O)[O-],6950182
PWCYQOOJUCZCAO-XMMPIXPASA-N,CCCCCCCCCCCCCCCCCCCC(=O)NCCOP(=O)(O)OC[C@H](O)CO,91666405
PHPQIPPBBQUFII-UHFFFAOYSA-N,O=C(CO)CC(=O)C(=O)O,6326997
GSEOJHIBPQRSNH-XZOQPEGZSA-N,CCCCCCCCCCCCCCC[C@@H](O)[C@@H](N)COP(=O)([O-])OCC[N+](C)(C)C,44260122
FXIRVRPOOYSARH-REOHCLBHSA-N,N[C@@H](CSO)C(=O)O,165339
VDTYHTVHFIIEIL-UHFFFAOYSA-N,O=C(NC(CO)C(=O)O)c1cccc(O)c1O,656417
MCCACAIVAXEFAL-GMUIIQOCSA-N,Clc1ccc(CO[C@H](Cn2ccnc2)c2ccc(Cl)cc2Cl)c(Cl)c1.O=[N+]([O-])O,24208700
LSKFUSLVUZISST-UHFFFAOYSA-N,COc1cc(C(O)C(O)CO)ccc1O,14579
TWLOFRDXDXQZKV-UHFFFAOYSA-N,CCCCCCCCCCCCCCCCCCCCCCC(C(=O)O)C(O)CCCCCCCCCCCCCCCCCC1CC1CCCCCCCCCCCCCCCCC(=O)C(C)CCCCCCCCCCCCCCCCCC,45266793
UDWSABBWZXKLLQ-UHFFFAOYSA-N,COc1ccc(CCCc2ccc(O)c(OC)c2)c(O)c1,14017333
OMFXVFTZEKFJBZ-HJTSIMOOSA-N,C[C@]12C[C@H](O)[C@H]3[C@@H](CCC4=CC(=O)CC[C@@]43C)[C@@H]1CC[C@@H]2C(=O)CO,5753
MOYGZHXDRJNJEP-UHFFFAOYSA-P,CC(C)(C)c1ccc(C[NH+]2CC[NH+](C(c3ccccc3)c3ccc(Cl)cc3)CC2)cc1,50909812
OROFOUPCOTVAJQ-NSFRLNINSA-N,O=C1C[C@@H](c2ccccc2)NCCCCN(C(=O)/C=C/c2ccccc2)CCCN1,6452921
NDDAHWYSQHTHNT-UHFFFAOYSA-N,CC1Cc2ccccc2N1NC(=O)c1ccc(Cl)c(S(N)(=O)=O)c1,3702
GXEAXHYQKZAJGB-UHFFFAOYSA-L,O=S(=O)([O-])c1cc(O)c2c(O)c(N=Nc3ccccc3)c(S(=O)(=O)[O-])cc2c1.[Na+].[Na+],20172
WKSIFTCLOJYEOB-UHFFFAOYSA-N,ClCC1CO1.NCCNCCN,49791943
DRGAZIDRYFYHIJ-UHFFFAOYSA-N,c1ccc(-c2cccc(-c3ccccn3)n2)nc1,70848
BIFVRZJCZAIDEH-UHFFFAOYSA-N,O=C1OCC(Cc2ccc(O)c(O)c2)=C1c1ccc(O)cc1,50993750
LINPIYWFGCPVIE-UHFFFAOYSA-M,[O-]c1c(Cl)cc(Cl)cc1Cl,13031202
IAJILQKETJEXLJ-SKNVOMKLSA-M,O=C[C@H](O)[C@@H](O)[C@H](O)[C@@H](O)C(=O)[O-],6857563
MWONMGIZXLAUBR-QUBHBNJHSA-M,CCCCC/C=C\C/C=C\CCCCCCCC(=O)O[C@H](COC(=O)CCCCCCC/C=C\CCCCCCCC)COP(=O)([O-])OC[C@H]([NH3+])C(=O)[O-],71728375
JQNQKNGCSLCPDE-JQIJEIRASA-N,O=C(O)/C=C/CCCCCCCCCCCCCCCO,18541934
DCTLYFZHFGENCW-UUOKFMHZSA-N,O=c1[nH]c(=O)c2ncn([C@@H]3O[C@H](COP(=O)(O)O)[C@@H](O)[C@H]3O)c2[nH]1,73323
ZFHGXWPMULPQSE-UKSCLKOJSA-N,Cc1c(F)c(F)c(COC(=O)[C@@H]2[C@H](/C=C(\Cl)C(F)(F)F)C2(C)C)c(F)c1F,11350631
NPRHVSBSZMAEIN-UHFFFAOYSA-N,CC[N+](CC)(CC)CCC(O)(c1ccccc1)C1CCCCC1,20299
NALREUIWICQLPS-UHFFFAOYSA-N,C[N+](C)=c1ccc2nc3ccc(N)cc3sc-2c1.[Cl-],13735
OTLORQJLOJHVHW-UHFFFAOYSA-N,COC(=O)CCCn1c(C)cc2cc(=O)cc3oc(C)cc1c23,17756116
SBRIHEHOOSDSDU-UHFFFAOYSA-N,CCC1=C(c2ccc(OC)cc2)C(C)(C)Oc2c1ccc(O)c2CN1CCCC1,257434
ICFJFFQQTFMIBG-UHFFFAOYSA-N,NC(N)=NC(N)=NCCc1ccccc1,8249
PHOJOSOUIAQEDH-UHFFFAOYSA-M,O=C([O-])CCCCO,5459830
HVLSCZSVTCNAQX-UHFFFAOYSA-N,O=C(NCc1ccccn1)c1ccc(Oc2ccccc2)cc1,2352168
DTGLZDAWLRGWQN-LJQANCHMSA-N,CC(=O)Oc1cc2c(s1)CCN([C@@H](C(=O)C1CC1)c1ccccc1F)C2,51698431
KTUFKADDDORSSI-UHFFFAOYSA-N,CCCC(=O)Nc1ccc(OCC(O)CNC(C)C)c(C(C)=O)c1.Cl,441307
WCYYAQFQZQEUEN-UHFFFAOYSA-N,O=c1[nH]c(Cl)c(Cl)cc1Cl,23017
UABNIVVXQNTSRT-UHFFFAOYSA-N,CCCCCCCCCCCCCCCCCCCCCCC(C(=O)O)C(O)CCCCCCCCCCCCCCC1CC1CCCCCCCCCCCCCCCCCC(=O)C(C)CCCCCCCCCCCCCCCCCCC,71581008
NFQUDBKTIUTPKR-ILGMQVKHSA-N,C[NH+](C)[C@@H]1C(=O)C(C(N)=O)=C([O-])[C@@]2(O)C(=O)C3=C(C[C@@H]12)[C@](C)(O)c1cccc(O)c1C3=O,25202433
YIKKMWSQVKJCOP-ABXCMAEBSA-N,CC(C)CCC[C@@H](C)[C@H]1CC[C@H]2[C@@H]3C(=O)C=C4C[C@@H](O)CC[C@]4(C)[C@H]3CC[C@]12C,91474
XONRRGIRSGNWFP-UHFFFAOYSA-N,CC(C)(C)C(=O)C(=Nc1ccc(Cl)cc1)NNc1ccc(Cl)cc1,16046248
REEQGIQRCDWDRA-ZBMQJGODSA-M,Nc1nc2c(nc(Sc3ccc(Cl)cc3)n2[C@@H]2O[C@@H]3COP(=O)([O-])O[C@H]3[C@H]2O)c(=O)[nH]1.[Na+],135445696
UXIWWNCPRZIUAB-XGZVRMHOSA-N,C[C@H](CCCCCCCCC[C@@H](O)CC(=O)O)O[C@@H]1O[C@@H](C)[C@H](O)C[C@H]1O,86289821
NJOFCKBMWIDUGP-ONEGZZNKSA-N,C/C=C/CCCCCCCCCCCCCCC(=O)OC,5364513
RQEUFEKYXDPUSK-SSDOTTSWSA-N,C[C@@H](N)c1ccccc1,643189
JHXAZBBVQSRKJR-KDFHGORWSA-N,CCCCCC(=O)/C=C/C=C/CCCCCCCC(=O)O,5283012
PLWROONZUDKYKG-DOFZRALJSA-N,CCCCC/C=C\C/C=C\C/C=C\C/C=C\CCCC(=O)C(F)(F)F,5280436
GCXJINGJZAOJHR-UHFFFAOYSA-M,CC(=O)C(C)C(=O)[O-],11966223
OLVVOVIFTBSBBH-JDJSBBGDSA-N,CSC[C@H]1OC(O)[C@H](O)[C@@H]1O,10313378
VVIUBCNYACGLLV-UHFFFAOYSA-M,NCCS(=O)[O-],6398954
CBTFERBMQQAROP-BZNQNGANSA-N,O=C(O)c1cc(O[C@@H]2O[C@H](CO)[C@@H](O)[C@H](O)[C@H]2O)ccc1O,10914066
SGTSZTLPOBUMKG-CXQIITPCSA-N,CCC(/C=C/C1C2CC(OO2)C1/C=C/CCCCCCCCC(=O)OC)OO,5282889
SEEZIOZEUUMJME-VBKFSLOCSA-M,CCCCCc1cc(O)c(C/C=C(/C)CCC=C(C)C)c([O-])c1C(=O)O,54746225
RHFBACKVNHUYNJ-UHFFFAOYSA-N,CC1=[N+]2C(=Cc3ccc(CCCCCCCCCCCC(=O)O)n3[B-]2(F)F)C=C1,86289917
CEVQXWMPODOBRM-BYPYZUCNSA-N,C=C(C[C@H]([NH3+])C(=O)[O-])C(N)=O,25201719
RCQVZEIXOOIRRL-IAROGAJJSA-N,CC(=C/O)/C=C/C(=O)C(=O)O,44147549
HVHKMUMXERBUAN-IFADSCNNSA-N,CCC1=C(C)/C(=C/c2[nH]c(Cc3[nH]c(/C=C4\NC(=O)C(C)=C4CC)c(C)c3CCC(=O)O)c(CCC(=O)O)c2C)NC1=O,5941884
SXIRJEDGTAKGKU-UHFFFAOYSA-N,CCOC(=O)C(C#N)c1ccccc1,95298
VWOIKFDZQQLJBJ-DTQAZKPQSA-N,CCCCCOc1ccccc1/C(=C\SC)n1ccnc1,5282433
OSELKOCHBMDKEJ-JUGJNGJRSA-N,C/C=C(\CC[C@@H](C)[C@H]1CC[C@H]2[C@@H]3CC=C4C[C@@H](O)CC[C@]4(C)[C@H]3CC[C@]12C)C(C)C,5281328
HPBNRIOWIXYZFK-UHFFFAOYSA-O,NC(N)=[NH+]CC1COC2(CCCCC2)O1,45934626
KDXKERNSBIXSRK-YFKPBYRVSA-N,NCCCC[C@H](N)C(=O)O,5962
HLHYXXBCQOUTGK-NVFVPEJPSA-N,CC/C=C\C/C=C\C[C@H](O)\C=C/C=C/C=C/[C@@H](O)C/C=C\CCC(=O)O,72204023
DDXCFDOPXBPUJC-SAYMMRJXSA-N,O=C(O)[C@@H](CO)O[C@H]1O[C@H](CO)[C@@H](O)[C@H](O)[C@@H]1O,5460194
VZYCZNZBPPHOFY-UHFFFAOYSA-N,CN1CCN(CCCN2c3ccccc3Sc3ccc(S(=O)(=O)N(C)C)cc32)CC1,9429
BGYDJLLXKGVQBP-FNORWQNLSA-N,COc1cc(CCC(=O)/C=C/CCc2cc(OC)c(O)c(OC)c2)ccc1O,5317592
QVBARITWSQCBBV-DTKOROOESA-O,CC1(C)CC(=O)c2c(ccc3c2NC(=O)[C@]32C[C@@]3([N+](=O)[O-])C[NH+]4CCC[C@H]4C[C@@H]3C2(C)C)O1,70698235
QTTDGOHJJYZQSI-USFWFSLGSA-N,C#C[C@H](O)/C=C/CCCCCCC/C=C\CCCC/C=C\CCCCCCCCC/C=C/[C@@H](O)C#C,53354923
AVQQQNCBBIEMEU-UHFFFAOYSA-N,CN(C)C(=O)N(C)C,12437
GWPSWVKRTQYSAW-JOCHJYFZSA-M,CCCCCCCCCCCCCCCCCC(=O)NCCOP(=O)([O-])OC[C@H](O)CO,91666402
WBHHMMIMDMUBKC-XLNAKTSKSA-N,CCCCCC[C@@H](O)C/C=C/CCCCCCCC(=O)O,445641
WFKZEQZRFIPKIF-UCORVYFPSA-N,O=C[C@H](OS(=O)(=O)O)[C@@H](O)CC(=O)C(=O)O,56927781
YRRAGUMVDQQZIY-UHFFFAOYSA-M,O=c1c(O)c(-c2ccc(O)c(O)c2)oc2c([O-])c(O)cc(O)c12,25201917
FIGVVZUWCLSUEI-UHFFFAOYSA-N,CCCCCCCCCCCCCCCCCCCCCCC,12534
AZVSIHIBYRHSLB-UHFFFAOYSA-N,O=Cc1ccoc1,10351
SAEPUUXWQQNLGN-LVVMQYBKSA-N,CCCCCCCC/C=C\CCCCCCCC(=O)O[C@@H](CO)COC(=O)CCCCCCCCCCCCCCCCC,6443547
IAJOBQBIJHVGMQ-UHFFFAOYSA-M,CP(=O)([O-])CCC([NH3+])C(=O)[O-],25244585
KMAKOBLIOCQGJP-UHFFFAOYSA-N,O=C(O)c1c[nH]c2ccccc12,69867
ZCNUNZUDXNSNRZ-WTWBAFHPSA-N,CCCCCC/C=C\CCCCCCCC(=O)O[C@H](COCCCCCCCCCCCCCC)COP(=O)([O-])OCC[N+](C)(C)C,24779277
OKMWKBLSFKFYGZ-UHFFFAOYSA-N,CCCCCCCCCCCCCCCCCCCCCC(=O)OCC(O)CO,5362585
XFNJVJPLKCPIBV-UHFFFAOYSA-N,NCCCN,428
GLNOCHFLWSMEDS-UHFFFAOYSA-M,O=C(Cc1ccccc1)Nc1ncc(-c2ccc([O-])cc2)nc1Cc1ccccc1,129626785
PTJFJXLGRSTECQ-BILTVKSSSA-M,O=C([O-])CCC[C@H](O)/C=C/C=C/C=C/[C@H](O)C/C=C\CCCCCO,102571793
QAVAJALPZPZBJL-GUBZILKMSA-N,C[C@H](NC(=O)[C@@H](N)CCCCNC(=O)[C@@H](N)CCS)C(=O)O,52921590
ASPDJZINBYYZRU-UHFFFAOYSA-N,Nc1ccc(Cl)c(C(F)(F)F)c1,67574
FOCRIHXZXHBZHM-LZYBPNLTSA-N,CC(C)=CC/C=C(\C)C1Cc2cc(C(=O)O)cc(CC=C(C)C)c2O1,10427384
GTYUWNQOOLJZBM-XLFUENPSSA-N,C=C1C(=O)O[C@H]2CC(=C)[C@H]3CC[C@@](C)(O)[C@@H]3C[C@H]12,176489
QISUKJAAXYVLMA-UHFFFAOYSA-N,CC(C)(O)CCc1c(O)cc(O)c2c1OCC(c1ccc(O)cc1O)C2=O,188458
RKFAZBXYICVSKP-WAYWQWQTSA-N,C/C=C\c1cc(OC)c(OC)cc1OC,5281758
XOPFESVZMSQIKC-UHFFFAOYSA-N,COc1nc(C)nc(NC(=O)NS(=O)(=O)c2ccccc2OCCCl)n1,73282
WJHFZYAELPOJIV-IJFRVEDASA-M,CC(C)=CCC/C(C)=C/CC/C(C)=C/C(=O)[O-],21895630
OCLCLRXKNJCOJD-UMMCILCDSA-L,Nc1nc(N[C@@H]2O[C@H](COP(=O)([O-])[O-])[C@@H](O)[C@H]2O)c(N)c(=O)[nH]1,135398600
YPBJTTYNKXYYKL-HGJBZHBGSA-N,COC1=C(O)C(=O)C(C)=C(C/C=C(\C)CC/C=C(\C)CC/C=C(\C)CC/C=C(\C)CC/C=C(\C)CCC=C(C)C)C1=O,135398717
NTWSIWWJPQHFTO-AATRIKPKSA-M,CCC/C(C)=C/C(=O)[O-],22342471
RBAAEQRITQHPJM-LURJTMIESA-M,CCC(=O)N[C@@H](CCSC)C(=O)[O-],40561906
AYGMEFRECNWRJC-UHFFFAOYSA-N,O=C(O)C1CSSC1,16682
PVSGXWMWNRGTKE-CQSZACIVSA-N,Cc1cnc(C2=N[C@](C)(C(C)C)C(=O)N2)c(C(=O)O)c1,11471352
LVRFTAZAXQPQHI-RXMQYKEDSA-M,CC(C)C[C@@H](O)C(=O)[O-],6951542
MJQIARGPQMNBGT-WWUCIAQXSA-N,CCCCCCCC/C=C\CCCCCCCC(=O)N[C@@H](CO)[C@H](O)CCCCCCCCCCCCCCC,6442676
HCZHHEIFKROPDY-UHFFFAOYSA-N,O=C(O)c1cc(=O)c2ccccc2[nH]1,3845
VEVJQQABQPWPRD-UHFFFAOYSA-N,CCCCn1c(=O)c(C(=O)Nc2nnc(CC)s2)c(O)c2ccccc21,54697685
MRMBZHPJVKCOMA-YJFSRANCSA-N,C[C@@H](O)[C@H]1C(=O)N2C(C(=O)[O-])=C(SC3Cn4cnc[n+]4C3)[C@H](C)[C@H]12,71339
SRNWOUGRCWSEMX-TYASJMOZSA-L,Nc1ncnc2c1ncn2[C@@H]1O[C@H](COP(=O)([O-])OP(=O)([O-])OC[C@H]2OC(O)[C@H](O)[C@@H]2O)[C@@H](O)[C@H]1O,49791958
KWAIHLIXESXTJL-UHFFFAOYSA-N,Nc1nc(C2CC2)nc(C(=O)O)c1Cl,17747875
FHNIYFZSHCGBPP-ABBMIVAOSA-N,CO[C@@H]1O[C@H](CO)[C@@H](O[C@@H]2O[C@H](CO)[C@H](O)[C@H](O)[C@H]2O)[C@H](O)[C@H]1O,121942
PPBRXRYQALVLMV-UHFFFAOYSA-N,C=Cc1ccccc1,7501
YTITYUDOZJUZBE-UHFFFAOYSA-N,CCCCCCCCCCCCCC(O)CCCC(=O)O,5282909
MASCESDECGBIBB-JAKCRWNRSA-N,CC(O)[C@@]1(O)CC[C@H]2[C@@H]3CCC4=CC(=O)CC[C@]4(C)[C@H]3CC[C@@]21C,5459859
HAIPHKFLSXSDAN-BLOCXYQCSA-N,CC/C=C\C/C=C\C/C=C\C/C=C\C/C=C\C/C=C\CCC(=O)O[C@H](COC(=O)CCCCCCCCCCCCC)COP(=O)([O-])OCC[N+](C)(C)C,24778639
KBWLCLABEAMUIU-DJESZUOASA-N,CC(C)[C@H](NC(=O)[C@H](Cc1c[nH]c2ccccc12)NC(=O)[C@H](Cc1c[nH]c2ccccc12)NC(=O)[C@@H](N)CC(=O)O)C(=O)O,71464634
IAKJNLGPQQXWAV-YINPGZOOSA-N,C=C1C(=O)O[C@@H]2/C=C(\CO)CC/C=C(\CO)C[C@H](OC(=O)C(C)C)[C@@H]12,5281421
PPKXEPBICJTCRU-KUARMEPBSA-N,COc1cccc([C@]2(O)CCCC[C@H]2CN(C)C)c1.Cl,10017651
FRERFZXINXYHDY-QLJPJBMISA-N,COc1cc2c(cc1O)[C@@H](C)[C@H](c1ccccc1)O2,5314231
ZTJLKJPIKUPJIB-UHFFFAOYSA-N,Oc1ccc(-c2c(Cl)c(Cl)c(O)c(Cl)c2Cl)cc1,180912
JSGKREWPBLKPCZ-OKNNCHMLSA-O,Nc1nc2[nH]cc(C[NH2+][C@@H]3[C@@H](O)[C@@H](O)[C@@H]4O[C@H]34)c2c(=O)[nH]1,136351785
JEJNWEREQWMOHB-UHFFFAOYSA-M,O=C([O-])C(=O)Cc1cnc[nH]1,23615390
ZDPHROOEEOARMN-UHFFFAOYSA-N,CCCCCCCCCCC(=O)O,8180
JGWQWVVSCQBAFC-DEDYPNTBSA-N,O=C1/C(=C/c2ccccc2)C(NC2CCCCC2)c2cc(Br)ccc21,46912328
CEVCRLBFUJAKOG-UHFFFAOYSA-N,CC(N)CCC(N)C(=O)O,440579
KTVPXOYAKDPRHY-SQOUGZDYSA-N,O=P(O)(O)OC[C@H]1O[C@@H](O)[C@@H](O)[C@@H]1O,447568
HEDUCRHYGUKWLO-COLVAYQJSA-N,Cc1cc2c(cc1Br)[C@]1(C)CC[C@](CO)(O2)[C@H]1C,11056026
BCNZYOJHNLTNEZ-UHFFFAOYSA-N,CC(C)(C)[Si](C)(C)Cl,28928
XXYIANZGUOSQHY-XLPZGREQSA-N,Cc1cn([C@H]2C[C@H](OP(=O)(O)O)[C@@H](CO)O2)c(=O)[nH]c1=O,444920
JADVWWSKYZXRGX-UHFFFAOYSA-M,Cc1ccc2c(c1)sc(-c1ccc(N(C)C)cc1)[n+]2C.[Cl-],16953
PYSODLWHFWCFLV-VJBFNVCUSA-N,CCCCC/C=C\C\C=C/C=C/C=C/[C@@H](SC[C@H](NC(=O)CC[C@H](N)C(=O)O)C(=O)O)[C@@H](O)CCCC(=O)O,5280938
YVYMBNSKXOXSKW-HXUWFJFHSA-N,CCCCCCCCCCCCCCCC(=O)OC[C@@H](O)COP(=O)([O-])OCC[NH3+],58177710
ZXVNMYWKKDOREA-UHFFFAOYSA-N,Cc1cc(CC(=O)O)n(C)c1C(=O)c1ccc(Cl)cc1,5733
PANBRUWVURLWGY-MDZDMXLPSA-N,CCCCCCCC/C=C/C=O,5283356
AOKCDAVWJLOAHG-UHFFFAOYSA-N,CNCCCC(=O)O,70703
FJNRUWDGCVDXLU-JIDHJSLPSA-N,Clc1ccc([C@H](Cn2ccnc2)OCc2ccc(Sc3ccccc3)cc2)c(Cl)c1.O=[N+]([O-])O,76963410
AHLPHDHHMVZTML-SCSAIBSYSA-O,[NH3+]CCC[C@@H]([NH3+])C(=O)[O-],6992105
LKJRXYMJDDAXEN-UUMJGGROSA-K,CC1=CCC[C@@H]2[C@@](C)(CC/C(C)=C/COP(=O)([O-])OP(=O)([O-])[O-])[C@H](C)CC[C@@]12C,129626740
VWRYIVZHCHQFKJ-ZBHICJROSA-K,CC(=O)N[C@@H](CSC(CC(=O)[O-])C(=O)[O-])C(=O)[O-],138911166
YQGDEPYYFWUPGO-UHFFFAOYSA-N,[NH3+]CC(O)CC(=O)[O-],14625150
OISFHODBOQNZAG-UHFFFAOYSA-N,O=C(O)CCCCCCCC(O)C(O)CCCCCCCCO,5282938
QQYGVFSESLSOGB-JRGWTXQPSA-M,CC/C=C\CC1OC1C/C=C\C/C=C\C/C=C\CCCCCC(=O)[O-],122391346
AFHJQYHRLPMKHU-CGISPIQUSA-N,O=C1c2c(O)cccc2C([C@@H]2O[C@H](CO)[C@@H](O)[C@H](O)[C@H]2O)c2cc(CO)cc(O)c21,9866696
GUBNMFJOJGDCEL-UHFFFAOYSA-N,CC[NH+](CC)CCOC(=O)C1(C2CCCCC2)CCCCC1.[Cl-],46878358
NXCYBYJXCJWMRY-VGBBEZPXSA-N,CC(=O)O[C@@H]1[C@H]2CC[C@H]3[C@@](C)(O)[C@@H]4C[C@H](O)C(C)(C)[C@@]4(O)[C@H](O)C[C@@]13C[C@@]2(C)O,9548612
FHKRUUVTZNTHKJ-NJIBTWPXSA-L,Cc1cn([C@H]2C[C@H](O)[C@@H](COP(=O)([O-])OP(=O)([O-])O[C@@H]3CC(=O)C(=O)[C@@H](C)O3)O2)c(=O)[nH]c1=O,86583511
UCMIRNVEIXFBKS-UHFFFAOYSA-N,NCCC(=O)O,239
YNRCBOXEDICOIX-CLFYSBASSA-N,NCCN(CCN)/[N+]([O-])=N/O,135402056
XNLFLZXNXQVPII-YIWOKQJZSA-N,CCCCCCCCCCCCCCCCCCCCCCCCC(O)C(=O)N[C@@H](CO)[C@H](O)[C@H](O)CCCCCCCCCCCCCC,52931128
SIYRQHPXBLWQRE-UHFFFAOYSA-N,O=C(O)C[As](=O)(O)O,67178
KOHAQNVGTABZFS-ZUMVMERMSA-N,CC(CO)C(O)CC[C@@H](C)[C@H]1CC[C@H]2[C@@H]3[C@H](O)C[C@@H]4C[C@H](O)CC[C@]4(C)[C@H]3CC[C@]12C,5284199
XVUQHFRQHBLHQD-UHFFFAOYSA-M,O=C([O-])Cc1cn(-c2ccccc2)nc1-c1ccc(Cl)cc1,6918990
QCHPKSFMDHPSNR-VKHMYHEASA-N,C[C@@H](C[NH3+])C(=O)[O-],6971062
ROHFNLRQFUQHCH-RXMQYKEDSA-M,CC(C)C[C@@H](N)C(=O)[O-],5460898
QVNNPTBCHMRANE-UHFFFAOYSA-N,Nc1c(O)c2ccc(O)cc2oc1=O,54691343
HLCZBCWZTSEZGB-FNORWQNLSA-N,COC(=O)/C=C/c1ccc(OC(C)=O)c(OC)c1,5354678
DIKRZYGTMAMIKZ-SDNWHVSQSA-M,CCCCCCC/C=C/C(CCCCCCCC(=O)[O-])OO,86583341
CTGMQDUXYKIIBU-UHFFFAOYSA-N,CCCOCCC(C)=O,537793
AWPQUULTGMQXTH-UXOMXHMNSA-N,O=C(O)C(=O)/C=C1\CC[C@@H](O)[C@@H]2O[C@H]12,86583392
FKERUJTUOYLBKB-UHFFFAOYSA-N,Cc1nn(C)c(OCC(=O)c2ccccc2)c1C(=O)c1ccc(Cl)cc1Cl,92383
FMQCQXQSBWELFR-UHFFFAOYSA-N,CC(C)=CCc1c(O)cc2c(c1C)OC(=O)c1c(C)cc(O)c(C=O)c1O2,153009
MDWRNPOBHVLALB-UHFFFAOYSA-N,COC(=O)c1nc(C2CC2)nc(N)c1Cl,16725794
AXFZADXWLMXITO-UHFFFAOYSA-N,CC(=O)NCCS,14484
FHIDNBAQOFJWCA-UAKXSSHOSA-N,O=c1[nH]c(=O)n([C@@H]2O[C@H](CO)[C@@H](O)[C@H]2O)cc1F,9427
IXTGTEFAVXEHRV-HRJJCQLASA-N,COC(=O)/C=C/C(=O)NC[C@H](N)C(=O)O,6438678
KZCTZQMFYMYSGR-UHFFFAOYSA-N,CSCCC/C=[N+](/[O-])O,126456448
JJGYXQLHKNAZEY-YDMCKWRNSA-M,CC[C@H](C)C(=O)CC(C)C1CC1C[C@@H](O)[C@@H](CC)C(=O)[O-],91972262
FDJDTDDUDZAAFP-GDHSIMSHSA-N,C[C@H]1CCC/C=C/[C@H]2CC[C@H](O)[C@@H](CC(=O)O1)O2,70678632
DVEXZJFMOKTQEZ-JYFOCSDGSA-N,N#CC(=C(/N)Sc1ccccc1N)/C(C#N)=C(\N)Sc1ccccc1N,3006531
WJIQCDPCDVWDDE-WZNAKSSCSA-N,C[C@]12C=CC(=O)C[C@@H]1CC[C@@H]1[C@@H]2CC[C@]2(C)C(=O)CC[C@@H]12,11196935
FDSDTBUPSURDBL-DKLMTRRASA-N,CC1=C(/C=C/C(C)=C/C=C/C(C)=C/C=C/C=C(C)/C=C/C=C(C)/C=C/C2=C(C)C(=O)CCC2(C)C)C(C)(C)CCC1=O,5281227
NLLRTVRDMOKHDF-RMMMMZSOSA-N,COc1cc(/C=C/C(C)=C/C(C)=C/c2ccccc2)oc(=O)c1,56679815
ZFGMCJAXIZTVJA-GQCTYLIASA-N,CSC(C)(C)/C=N/O,9570092
GUAHPAJOXVYFON-UHFFFAOYSA-M,CC(N)C(=O)CCCCCC(=O)[O-],5460197
JDSHMPZPIAZGSV-UHFFFAOYSA-O,Nc1nc(N)[nH+]c(N)n1,5246682
GKGOLPMYJJXRGD-UHFFFAOYSA-N,CCCC1CCOC(C)S1,101010
IKCSRILZGJCOGF-JXMROGBWSA-N,CC(C)=CCC/C(C)=C/OC=O,101764367
WTFXJFJYEJZMFO-UHFFFAOYSA-P,NC(=[NH2+])c1ccc(OCCCOc2ccc(C(N)=[NH2+])cc2)cc1,86308369
AERBNCYCJBRYDG-KSZLIROESA-O,CCCCCCCCCCCCCC[C@@H](O)[C@@H](O)[C@@H]([NH3+])CO,56927898
NUQCXBVHWKCTQL-UHFFFAOYSA-N,Cn1c(=O)c(-c2c(Cl)cccc2Cl)cc2cnc(Nc3cccc(CN)c3)nc21,16722154
UYICXCOMJPCYON-MIUGBVLSSA-N,O=C(Cc1ccc(O)c(O)c1)OC[C@H]1O[C@@H](OCCc2ccc(O)c(O)c2)[C@H](O)[C@@H](O)[C@@H]1O,16091522
OJYLAHXKWMRDGS-UHFFFAOYSA-N,COc1cc(CCC(C)=O)ccc1O,31211
RLLPVAHGXHCWKJ-UHFFFAOYSA-N,CC1(C)C(C=C(Cl)Cl)C1C(=O)OCc1cccc(Oc2ccccc2)c1,40326
WEYZCBKZGOIPIU-VQTJNVASSA-N,CCCCCCCCCCCCCCCCC[C@@H](O)[C@@H](N)COP(=O)(O)O,46891774
AVWRKZWQTYIKIY-UHFFFAOYSA-M,NC(=O)NC(=O)[O-],9543250
KNHJIEOCVVIBIV-UHFFFAOYSA-N,Cc1cccc(N=C=O)c1C,137096
BOXHYNMLHLGCCA-DBIOUOCHSA-N,O=P(O)(O)OC[C@H]1O[C@H](Oc2ccccc2)[C@H](O)[C@@H]1O,71768084
DATAGRPVKZEWHA-YFKPBYRVSA-N,CCNC(=O)CC[C@H](N)C(=O)O,439378
PPJKLKNFAIAUMU-UHFFFAOYSA-N,CCCCCCCCc1ccc(-c2c(-c3ccc(CCCCCCCC)cc3)c(-c3ccc(Br)cc3)c3c(c2-c2ccc(Br)cc2)-c2cccc4cccc-3c24)cc1,23657871
QFBWOLBPVQLZEH-GASJEMHNSA-M,O=S(=O)([O-])C[C@H]1OC(O)[C@H](O)[C@@H](O)[C@@H]1O,86289062
HUCIWBPMHXGLFM-UHFFFAOYSA-N,CCCCN1CCCCC1C(=O)Nc1c(C)cccc1C.Cl.O,5282419
AOOITFXGGJDRQB-USYZEHPZSA-N,CCCCCCCCCCCCCCCCCCCCCCCC(=O)OC[C@H](COP(=O)([O-])OCC[N+](C)(C)C)OC(=O)CCCCCCCCCCCCC,53479431
NMDWGEGFJUBKLB-UHFFFAOYSA-M,CC(=O)C(C)(O)C(=O)[O-],13999769
JZQKKSLKJUAGIC-UHFFFAOYSA-N,CC(C)NCC(O)COc1cccc2[nH]ccc12,4828
NGYHUCPPLJOZIX-XLPZGREQSA-N,Cc1cn([C@H]2C[C@H](O)[C@@H](COP(=O)(O)OP(=O)(O)OP(=O)(O)O)O2)c(=O)nc1N,161376
HCZHHEIFKROPDY-UHFFFAOYSA-M,O=C([O-])c1cc(=O)c2ccccc2[nH]1,6924655
BJDCWCLMFKKGEE-HVDUHBCDSA-N,C[C@@H]1CC[C@H]2[C@@H](C)C(O)O[C@@H]3O[C@@]4(C)CC[C@@H]1[C@]32OO4,6918483
JWEXHQAEWHKGCW-BIISKSHESA-N,Cl.O[C@@H](CNC[C@H](O)[C@H]1CCc2cc(F)ccc2O1)[C@@H]1CCc2cc(F)ccc2O1,11626384
PFTNXJCCYYEWAW-UHFFFAOYSA-N,CCCCc1ccc(-n2[nH]c3c(cnc4ccccc43)c2=O)s1,13909285
IEAITYAVTPYWHR-HRYNPVEISA-N,CO[C@@H]1C(=O)CC[C@H](C(O)(C(F)(F)F)C(F)(F)F)[C@H]1/C(C)=C/CCC(C)C,24771811
ODBLHEXUDAPZAU-OKKQSCSOSA-K,O=C([O-])C[C@H](C(=O)[O-])[C@H](O)C(=O)[O-],6971026
LVAPVCGLGWDERB-DUKKATAHSA-N,CC/C=C\C/C=C\CC1OC1/C=C/C=C/C=C\CCCCCC(=O)O,132282527
OSJPPGNTCRNQQC-UHFFFAOYSA-L,O=C([O-])C(O)COP(=O)([O-])O,3288956
MGBKFIKRHPXEGN-UHFFFAOYSA-N,CC(=O)OC(=O)c1cc(CCl)ccc1C1c2cc(Cl)c(OC(C)=O)cc2Oc2cc(OC(C)=O)c(Cl)cc21,23847175
HYHIYZMIFPJROG-UHFFFAOYSA-N,CCS(=O)(=O)Nc1ccc2[nH]c(O)c(C(=Nc3ccc(CN4CCCCC4)cc3)c3ccccc3)c2c1,135421442
GKXXWKRLARTIQL-SMFZDKLCSA-N,C=C(CC[C@@H](C(=O)O)[C@H]1[C@H](O)C[C@@]2(C)C3=C(CC[C@]12C)[C@@](C)(CCC(=O)O)[C@H](C(=C)C)CC3)C(C)C,10918099
WSNIHKDHYATUSE-GFCCVEGCSA-N,CC(C)[C@@H](O)C(=O)c1c[nH]c2ccccc12,56833860
QBIYUDDJPRGKNJ-UHFFFAOYSA-M,COCCn1c2c([n+](Cc3cnccn3)c1C)C(=O)c1ccccc1C2=O.[Br-],11178236
ZBPLOVFIXSTCRZ-UHFFFAOYSA-M,Nc1c(CC(=O)[O-])cccc1C(=O)c1ccc(Br)cc1,16760207
RPQVHNSWIOVYEA-UHFFFAOYSA-N,CCCCCCCCCCCCC(=O)CC(=O)CCCCC,91701185
QXHHHPZILQDDPS-UHFFFAOYSA-N,Clc1ccc(C(Cn2ccnc2)OCc2ccsc2Cl)c(Cl)c1,5482
CEUDUKDULPDRSW-JDVKSECFSA-N,CC[C@H](C[C@@H](O)[C@@H](C)[C@H]1CC[C@H]2[C@@H]3C=CC4=C[C@@H](O)CC[C@]4(C)[C@H]3CC[C@]12C)C(C)C,11633321
KDXKERNSBIXSRK-UHFFFAOYSA-N,NCCCCC(N)C(=O)O,866
OHKBOEWLASAFLW-FJWDNACWSA-N,C[C@]12CC[C@H]3[C@@H](CC=C4C[C@@H](O)CC[C@@]43C)[C@@H]1CC[C@@H]2[C@@H](O)CC(O)(C(F)(F)F)C(F)(F)F,97290924
KTEXNACQROZXEV-PVLRGYAZSA-N,C=C1C(=O)O[C@@H]2[C@H]3O[C@]3(C)CC/C=C(\C)CC[C@@H]12,7251185
CHDPSNLJFOQTRK-UHFFFAOYSA-N,CC(C)[NH2+]CC(O)COc1ccc(CCOCC2CC2)cc1.[Cl-],45259220
SYJXFKPQNSDJLI-HKEUSBCWSA-N,NC[C@H]1O[C@H](O[C@H]2[C@H](O)[C@@H](O)[C@H](N)C[C@@H]2N)[C@H](N)[C@@H](O)[C@@H]1O,72392
SKDCNHZOXYIWDW-YOTCUMCBSA-N,COc1c(O)cc([C@H]2Oc3cc(O)ccc3C[C@@H]2O)cc1O[C@@H]1O[C@H](CO)[C@@H](O)[C@H](O)[C@H]1O,51041986
SEEPANYCNGTZFQ-UHFFFAOYSA-N,Nc1ccc(S(=O)(=O)Nc2ncccn2)cc1,5215
LMOINURANNBYCM-LLVKDONJSA-N,CC(C)NC[C@@H](O)c1cc(O)cc(O)c1,25271693
INSDJDFCZJWKAI-UHFFFAOYSA-N,C=CC(C)(C)c1c(O)c(CC=C(C)C)c2oc3c(O)c(O)ccc3c(=O)c2c1O,5353738
CRPUJAZIXJMDBK-BDAKNGLRSA-N,C=C1[C@@H]2CC[C@@H](C2)C1(C)C,440966
WWSWYXNVCBLWNZ-QIZQQNKQSA-N,O=C(O)CCC/C=C\C[C@@H]1[C@@H](/C=C/[C@@H](O)COc2cccc(C(F)(F)F)c2)[C@H](O)C[C@@H]1O,5311100
VKOSQMWSWLZQPA-UHFFFAOYSA-N,COc1cc(-c2cc(=O)c3c(O)c(OC)c(OC)cc3o2)ccc1O,162464
RGPDEAGGEXEMMM-UHFFFAOYSA-N,CN1CCOC(c2ccccc2)c2ccccc2C1,4450
MALFODICFSIXPO-KFKQDBFTSA-N,Cc1c([C@H](C)[C@@H]2NC[C@@H](C)C[C@H]2O)ccc2c1C[C@H]1[C@H]2CC=C2C[C@@H](O)CC[C@@]21C,6070
DGXRZJSPDXZJFG-UHFFFAOYSA-L,O=C([O-])CCCCCCCCCCCCCCCCCCCCC(=O)[O-],22173968
WHHGLZMJPXIBIX-UHFFFAOYSA-N,Brc1c(Br)c(Br)c(Oc2c(Br)c(Br)c(Br)c(Br)c2Br)c(Br)c1Br,14410
IUMXSSOVGPXXJL-UHFFFAOYSA-N,CCCCCCCCCCCCCCCCCCCCCC(=O)OC(CC(=O)[O-])C[N+](C)(C)C,71464577
YBTVSGCNBZPRBD-UHFFFAOYSA-M,CC(=O)Nc1ccc(C(=O)O)c([O-])c1,54703377
PLDUPXSUYLZYBN-UHFFFAOYSA-N,OCCN1CCN(CCCN2c3ccccc3Sc3ccc(C(F)(F)F)cc32)CC1,3372
QUAADUAOVLZBJM-WDSKDSINSA-N,N#CC[C@H](NC(=O)CC[C@H](N)C(=O)O)C(=O)O,53297342
JANBBPTXDKFOQR-UHFFFAOYSA-N,NCCC(=O)c1cc(O)ccc1N,164719
VYRIGRQQKUZPEX-UHFFFAOYSA-N,COc1cc(O)c2c(=O)c3c(OC)c(OC)ccc3oc2c1,5378284
NNCBVXBBLABOCB-JXOMPUQVSA-N,CCCCCCCC/C=C/CCCC(=O)O[C@H](CC(=O)[O-])C[N+](C)(C)C,71772400
BUTHMSUEBYPMKJ-UHFFFAOYSA-N,O=C(O)C(=O)CS(=O)(=O)O,440717
BZEWSEKUUPWQDQ-UHFFFAOYSA-N,CCCCOc1ccc(C(=O)CCN2CCCCC2)cc1,3180
PMMYEEVYMWASQN-BKLSDQPFSA-N,O=C([O-])[C@@H]1CC(O)C[NH2+]1,45266637
DWNBPRRXEVJMPO-RNGYDEEPSA-M,CCCCC/C=C\C[C@@H]1O[C@H]1C(O)/C=C\C/C=C\CCCC(=O)[O-],90658439
KTVPXOYAKDPRHY-ZRMNMSDTSA-L,O=P([O-])([O-])OC[C@H]1OC(O)[C@@H](O)[C@@H]1O,91825727
MYEDOZFFLHARPQ-MDJFZDGJSA-N,CC[C@H](C)/C=C/C1=CC2=C(Cl)C(=O)[C@@]3(C)OC(=O)C4=C(C(C)C(C)O)OC(O1)C2(O)C43O,53355986
OKCHDUJPLFYNPT-KROJNAHFSA-N,CCCCC/C=C\CC1OC1C/C=C\C/C=C\CCCC(=O)OC(CO)CO,102521012
QJSWSNAZIVGTFZ-NPQXMUAYSA-N,CC[C@H](C)/C=C(C)/C=C/C1=CC2=C(Cl)C(=O)[C@@]3(C)OC(=O)C(C(C)=O)=C3C2=CO1,12004205
XEAAIJWYCBLWNK-UHFFFAOYSA-N,CC(=O)C1=Nc2c(nc(N)[nH]c2=O)NCC1,135398683
KIHBGTRZFAVZRV-KRWDZBQOSA-N,CCCCCCCCCCCCCCCC[C@H](O)C(=O)O,439887
IXSYVBCFIGEECR-JLNKQSITSA-N,CC/C=C\C/C=C\C/C=C\C/C=C\C/C=C\CCCC(=O)OC(CO)CO,11660820
OCYWGBZEVKVWBQ-PQGWWSFGSA-N,CCCCC[C@H](O)/C=C/[C@H]1C(=O)C[C@H](O)[C@@H]1C/C=C\CCCC(=O)OC(CO)CO,24778486
AHOUBRCZNHFOSL-YOEHRIQHSA-N,Fc1ccc([C@@H]2CCNC[C@H]2COc2ccc3c(c2)OCO3)cc1,43815
LWGGAXGVBFJDJE-WSCIRIJQSA-N,CS(=O)CCCC(=NO)S[C@@H]1O[C@H](CO)[C@@H](O)[C@H](O)[C@H]1O,134160265
PLLRCYPRRCRXHG-KQCVGMHHSA-N,CC1(C)CC[C@]2(C)CC[C@]3(C)C(=C2C1)C[C@@H](O)[C@@H]1[C@@]2(C)CC[C@H](O)C(C)(C)[C@@H]2CC[C@]13C,101936045
UCUNFLYVYCGDHP-UHFFFAOYSA-N,CS(=O)(=O)CCC(N)C(=O)O,69961
JNGZXGGOCLZBFB-IVCQMTBJSA-N,C[C@H](NC(=O)Cc1cc(F)cc(F)c1)C(=O)N[C@H]1N=C(c2ccccc2)c2ccccc2N(C)C1=O,11306390
DEDGUGJNLNLJSR-UHFFFAOYSA-M,O=C(O)C([O-])=Cc1ccccc1,54711002
DVLFYONBTKHTER-UHFFFAOYSA-N,O=S(=O)(O)CCCN1CCOCC1,70807
XTCSSQUVVLDALS-KCLVSGOISA-L,O=C1[C@@H](O)C(O)O[C@H](COP(=O)([O-])[O-])[C@H]1O,71668263
JFDZBHWFFUWGJE-UHFFFAOYSA-N,N#Cc1ccccc1,7505
PMTUDJVZIGZBIX-ZXXMMSQZSA-N,O=P(O)(O)O[C@]1(CO)O[C@H](CO)[C@@H](O)[C@@H]1O,193537
PQGCEDQWHSBAJP-TXICZTDVSA-N,O=P(O)(O)OC[C@H]1O[C@H](OP(=O)(O)OP(=O)(O)O)[C@H](O)[C@@H]1O,7339
QBHBHOSRLDPIHG-UHFFFAOYSA-N,O=C(O)Cc1ccc(O)c([N+](=O)[O-])c1,447364
BRNGDJBMPAYDPP-PSXMRANNSA-N,CCCCCCCCCCCCCCCCCC(=O)OC[C@H](COP(=O)([O-])OCC[N+](C)(C)C)OC(=O)CCCCCCCCCCC,24778808
FAPILHTVXITDRL-UHFFFAOYSA-L,O=C1C=C(c2cc([O-])c(=O)[nH]c2[O-])C(=O)NC1=O,76515986
QDHFDXDMKYJPSC-UHFFFAOYSA-N,CCNC(=O)Cc1ccccc1,79591
HADGPAWFBKHJNM-SQFISAMPSA-M,CCCCCC/C=C\CCCCCCCC(=O)OC(CCCCCCCCCCCCC)CCCC(=O)[O-],126456523
XDSSPSLGNGIIHP-GSVOUGTGSA-O,C[Se]C[C@@H]([NH3+])C(=O)O,44224054
AWOSZNMNWGRQCU-SJWRPRNESA-N,CCC[C@@H](C)N[C@H](N)c1ccc(-c2ccc(-c3ccc([C@@H](N)N[C@H](C)CCC)cc3)o2)cc1,49866485
VGPYEHKOIGNJKV-UHFFFAOYSA-M,CO/C([O-])=N/S(=O)(=O)c1ccc(N)cc1,135563670
FMNCPUGORYYCEM-AXTSPUMRSA-N,C[C@H](N)C(=O)N[C@H](CCC(=O)N[C@H](CCC[C@H](N)C(=O)O)C(=O)O)C(=O)O,50909835
FITIWKDOCAUBQD-UHFFFAOYSA-N,CCCSP(=S)(OCC)Oc1ccc(Cl)cc1Cl,36870
PXWINCSLFXUWBZ-BBRMVZONSA-N,CO[C@H]1C=CC2=CCN3CCC4=C(CC(=O)OC4)[C@]23C1,10074
NLHQJXWYMZLQJY-TXNIMPHESA-N,CC(C)=CCC[C@](C)(O)[C@H]1CC[C@]2(C)[C@@H]1CC[C@@H]1[C@@]3(C)CC[C@H](O)C(C)(C)[C@@H]3CC[C@]12C,10895555
OJTXRIQROSXWTR-ZWUOJCDQSA-N,Nc1ncnc2c1cc(Br)n2[C@@H]1O[C@@H]2COP(O)(=S)O[C@H]2[C@H]1O,91666336
VQGOACFEXZKOMM-VIFPVBQESA-N,CN(CC(=O)N[C@@H](CCC(N)=O)C(=O)O)c1ccc([N+](=O)[O-])cc1[N+](=O)[O-],70789007
FZDVNXHYGMEEDT-UHFFFAOYSA-N,O=C(O)c1[nH]c(C(=O)O)c(-c2c[nH]c3ccccc23)c1-c1c[nH]c2ccccc12,11326613
RDBKPLOYRMCFIY-UHFFFAOYSA-N,CS(=O)(=O)c1cc(Cl)c(-c2cc(Cl)c(S(C)(=O)=O)cc2Cl)cc1Cl,115069
YCJYNBLLJHFIIW-MBABXGOBSA-N,OCC1=C[C@H](N[C@H]2C[C@H](CO)[C@@H](O)[C@H](O)[C@H]2O)[C@H](O)[C@@H](O)[C@@H]1O,11450478
XYFPWWZEPKGCCK-GOSISDBHSA-N,C=CC(=O)N1CCC[C@@H](n2nc(-c3ccc(Oc4ccccc4)cc3)c3c(N)ncnc32)C1,24821094
QFNWRVAZZYFNCF-YFKPBYRVSA-N,O=CC(=O)C[C@H](O)CO,21140178
QSRIZZQWNHKERT-AWEZNQCLSA-N,Cc1c(O)cc(O)c2c1O[C@H](c1ccccc1)CC2=O,6453244
YLKRUSPZOTYMAT-YFKPBYRVSA-N,N[C@@H](Cc1cc(O)c(O)cc1O)C(=O)O,33755
ZTFBWHOIQNNLGY-UHFFFAOYSA-M,CCNc1cc2oc3cc(=[NH+]CC)c(C)cc-3c(-c3ccc(S(=O)(=O)[O-])cc3S(=O)(=O)[O-])c2cc1C,4442137
VFFTYSZNZJBRBG-DYXDMYNLSA-O,Nc1ncnc2c1ncn2[C@@H]1O[C@H](C[S+](CC[C@H](N)C(=O)O)CC(=O)O)[C@@H](O)[C@H]1O,11212932
PLVFLCHPIRQAAD-NOWHTQDTSA-N,CCCCC/C=C\C/C=C\C(/C=C\CCCCCCC(=O)O)OO,122391308
OIAXNIJCPGIEPH-KBAXPYDNSA-N,O=C(O)CC/C=C\C/C=C\C/C=C\C=C\[C@@H](O)C/C=C\C/C=C\CCO,126456469
QQBPIHBUCMDKFG-UHFFFAOYSA-N,Cl.Nc1ccc(N=Nc2ccccc2)c(N)n1,8691
UUHVMJGTJKDDFG-LEOBWYFPSA-N,C=C(C)[C@@H](C)/C=C/[C@@H](C)[C@H]1CC[C@@H]2[C@]1(C)CC=C1[C@]23C=C[C@]2(C[C@@H](O)CC[C@]12C)OO3,11112704
AGPKZVBTJJNPAG-CRCLSJGQSA-N,CC[C@H](C)[C@@H](N)C(=O)O,94206
UHUWQCGPGPPDDT-UHFFFAOYSA-N,[Fe+2].[Fe+3].[Fe+3].[S-2].[S-2].[S-2].[S-2],72720442
ZNWIOJJMPZWSQO-YRDUZITASA-N,COc1ccc([C@@H]2CCc3c(O[C@@H]4O[C@H](CO)[C@@H](O)[C@H](O)[C@H]4O)cc(O)cc3O2)cc1OC,442352
RUBKTXQILUKTNG-DWRCUFDSSA-N,O=C(/C=C/C=C/C=C/C1CCCCC1)NC1=C[C@@](O)(/C=C/C=C/C=C/C(=O)NC2=C(O)CCC2=O)C=CC1=O,118796885
YUDPTGPSBJVHCN-DZQJYWQESA-N,Cc1cc(=O)oc2cc(O[C@@H]3O[C@H](CO)[C@H](O)[C@H](O)[C@H]3O)ccc12,93577
PVDQXPBKBSCNJZ-UHFFFAOYSA-N,Cc1cccn2c(=O)c(-c3cc(Cl)cc(Cl)c3)c([O-])[n+](Cc3cnc(Cl)s3)c12,72549028
GXVUZYLYWKWJIM-UHFFFAOYSA-N,NCCOCCN,75982
PPQRONHOSHZGFQ-LMVFSUKVSA-L,O=C[C@H](O)[C@H](O)[C@H](O)COP(=O)([O-])[O-],21115541
ATBQBNKWWGOEFJ-UHFFFAOYSA-N,COC1=C(C)C(=O)C2=C(CCc3cc(O)ccc3O2)C1=O,16679966
GXKNDJXUIKGIKK-WDJHCCQWSA-N,COc1cc2c(c(OC)c1OC)-c1c(cc3c(c1OC)OCO3)[C@H](OC(=O)c1ccccc1)[C@H](C)[C@H](C)[C@H]2OC(C)=O,53355457
SPPFYUIXLQODFZ-UHFFFAOYSA-N,CC1=CCC(C2=CCC(C(C)O)CC2)C1(C)C,24771788
CZODYZFOLUNSFR-UHFFFAOYSA-N,Cc1ccc2c(c1O)C(=O)c1ccccc1C2=O,160817
ZLQSSFNCEUGGJF-BZBPNLPVSA-N,CC(C)=CCC[C@@H](C)[C@H]1CC[C@H]2C3=C(CC[C@]12C)[C@@]1(C)CC[C@H](O)C(C=O)[C@@H]1CC3,42626458
SNHRLVCMMWUAJD-SUYDQAKGSA-N,CCCCC(=O)O[C@]1(C(=O)CO)[C@@H](C)C[C@H]2[C@@H]3CCC4=CC(=O)C=C[C@]4(C)[C@@]3(F)[C@@H](O)C[C@@]21C,16533
ZNCUMLJVNWXVLT-ISNKGDJGSA-O,C/C=C1/C[NH+]2CCc3c([nH]c4ccccc34)[C@@](COC(C)=O)(C(=O)OC)[C@H]1CC2,135397928
LVVCDOSOKGYQFY-KKJXIILJSA-N,CCCCC/C=C\C=C1/O[C@H]1CCCCCCCC(=O)O,16061051
CXWXQJXEFPUFDZ-UHFFFAOYSA-N,c1ccc2c(c1)CCCC2,8404
CETUIFTXYGHITB-GBXIJSLDSA-N,N[C@H](C(=O)O)[C@H](O)CCl,5460796
SBJKKFFYIZUCET-UHFFFAOYSA-N,O=C1OC(C(O)CO)C(=O)C1=O,835
ZFZFJUIKYIVPNP-OWTNSLFHSA-N,C[C@@H](O)[C@@H](N)[C@@H]1O[C@](O)(C(=O)O)C[C@H](O)[C@H]1N,70678967
MKUXAQIIEYXACX-UHFFFAOYSA-N,Nc1nc2c(ncn2COCCO)c(=O)[nH]1,135398513
ARJZZFJXSNJKGR-UHFFFAOYSA-N,O=C(O)CCCCC(O)CC(=O)O,22328017
FOSISNXVGQBIAP-ALCCZGGFSA-N,CCN(CC)/[N+]([O-])=N/O,135406888
SIAZVTIHOHTZDD-PWJLMRLQSA-L,[NH3+][C@@H](CNC(=O)C[C@@](O)(CC(=O)NCCNC(=O)CCC(=O)C(=O)[O-])C(=O)[O-])C(=O)[O-],129011031
PVXPPJIGRGXGCY-TZLCEDOOSA-N,OC[C@H]1O[C@H](OC[C@H]2OC(O)(CO)[C@@H](O)[C@@H]2O)[C@H](O)[C@@H](O)[C@@H]1O,439559
OLUKILHGKRVDCT-UHFFFAOYSA-N,O=C1Cc2c([nH]c3ccc([N+](=O)[O-])cc23)-c2ccccc2N1,5005498
FQNLKWXILWAYPZ-RMJYWKLSSA-N,O=C(COP(=O)(O)O)[C@@H](O)[C@H](O)[C@H](O)[C@H](O)[C@@H](O)COP(=O)(O)O,130470
GEPDYQSQVLXLEU-AATRIKPKSA-N,COC(=O)/C=C(\C)OP(=O)(OC)OC,5355863
OZKDOJHYOCOSLS-XPUUQOCRSA-N,CSCC[C@H](NC(C)=O)C(=O)N[C@@H](C)C(=O)O,54177449
OKUVUONOJCDUJY-SVZMEOIVSA-N,O=S(=O)(O)OC[C@H]1OC(O)[C@H](O)[C@@H](O)[C@H]1O,9795157
VRGNWJUPWGVJBS-LTKJNOFYSA-N,CC/C=C\C/C=C\C/C=C\C/C=C\CCCCCCC(=O)O[C@H](COCCCCCCCCCCCCCCCCCCCCCCCC)COP(=O)([O-])OCC[N+](C)(C)C,70698771
WTMLOMJSCCOUNI-ITSZEHDZSA-M,CC/C=C/CC/C=C/C=C/CCCCCCCC(=O)[O-],16070010
ZEYLFUFMBZVHQE-VPUQRBIBSA-N,C=C1C[C@]23C[C@H]1CC[C@H]2[C@@]12C[C@H](C)[C@H](O)[C@@](C)(C(=O)O1)[C@H]2[C@@H]3C(=O)O,14211805
ZXGIBSBJQLLUEE-UHFFFAOYSA-N,COc1cc2nccc(Oc3ccc(NC(=S)NC(=O)c4ccccc4C)cc3)c2cc1OC,11554659
BZKRUVANVNUJOK-HBVUTLMMSA-N,CC/C=C\CC(O)/C=C/C=C\C=C\C=C\C1OC1CCCCCC(=O)O,132282532
RVCNGLBZLLWEIQ-UHFFFAOYSA-M,NC1C(=O)C=CC=C1C(=O)[O-],49852352
PVYJZLYGTZKPJE-UHFFFAOYSA-N,COC1=C(N)C(=O)c2nc(-c3nc(C(=O)O)c(C)c(-c4ccc(OC)c(OC)c4O)c3N)ccc2C1=O,5298
BKAJNAXTPSGJCU-UHFFFAOYSA-N,CC(C)CC(=O)C(=O)O,70
VJZTVPVXKYQRJZ-UHFFFAOYSA-N,Cc1ncc(C(=O)O)c(CO)c1O,440474
XTOKIEIBKARFSZ-LURJTMIESA-N,O=CCC[C@H](NC(=O)CCC(=O)O)C(=O)O,440848
CJPQIRJHIZUAQP-UHFFFAOYSA-N,COC(=O)C(C)N(C(=O)Cc1ccccc1)c1c(C)cccc1C,51369
AUXCHYJDVJZEPG-SFHVURJKSA-N,c1cc2c(cc1C1CCCCC1)c1c3n2CCN[C@H]3CCC1,1388675
IDIDJDIHTAOVLG-VKHMYHEASA-N,CSC[C@H](N)C(=O)O,24417
DANYIYRPLHHOCZ-UHFFFAOYSA-N,COc1ccc(-c2cc(=O)c3c(O)cc(O)cc3o2)cc1,5280442
PDZJBSOXGVQTRR-YDXXJHAFSA-L,C=CC1=C(C)c2cc3[n-]c(cc4nc(cc5[n-]c(cc1n2)c(C)c5C=C)[C@@](C)(O)[C@@]4(O)CCC(=O)O)c(CCC(=O)O)c3C.[Fe],53356765
ZDJHIEHUVPCEDK-IDTAVKCVSA-N,Nc1nc2c(nc(Sc3ccc(Cl)cc3)n2[C@@H]2O[C@@H]3COP(=O)(O)O[C@H]3[C@H]2O)c(=O)[nH]1,135445697
XOUJCIPAKFLTCI-POPXMCHDSA-N,C=C1C[C@]23C[C@H]1CC[C@H]2[C@]1(C(=O)O)CCC[C@@](C)(C(=O)O)[C@H]1[C@@H]3C(=O)O,14464358
KQQLBXFPTDVFAJ-UHFFFAOYSA-N,CC(=O)Nc1cc(Oc2ccc3c(nc(Nc4ccc(F)cc4F)n3C)c2C)ccn1,91885989
KGVXVPRLBMWZLG-UHFFFAOYSA-N,O=C(O)Cc1ccccc1Nc1c(Cl)cc(O)cc1Cl,116545
VQTZONPDOFOTIF-UHFFFAOYSA-N,O=C(CCO)CCc1ccccc1,15316212
NCNRHFGMJRPRSK-MDZDMXLPSA-N,O=C(/C=C/c1cccc(S(=O)(=O)Nc2ccccc2)c1)NO,6918638
LXMVSQPUILWDOQ-ZDUSSCGKSA-M,O=C(CCCc1c[nH]c2ccccc12)N[C@@H](CS)C(=O)[O-],7650930
SPCXZDDGSGTVAW-XIDUGBJDSA-N,CC1=C2[C@H](CC1)[C@H](C)CC[C@@H]1[C@H]2C1(C)C,15560276
IDPURXSQCKYKIJ-UHFFFAOYSA-N,COc1ccc(CN)cc1,75452
HMBBJSKXDBUNNT-UHFFFAOYSA-N,Brc1cc(Br)c(-c2cc(Br)c(Br)cc2Br)cc1Br,42948
CSJOUDOXDHMIAH-UHFFFAOYSA-N,COc1cc(C)c2c(OC)cc(=O)oc2c1-c1c(OC)cc(C)c2c(OC)cc(=O)oc12,34059
HMFKFHLTUCJZJO-HHVQYONYSA-N,CCCCCCCCCCCC(=O)OCCOCC(OCCO)[C@H]1OCC(OCCO)[C@H]1OCCO,86289077
PHIQHXFUZVPYII-UHFFFAOYSA-O,C[N+](C)(C)CC(O)CC(=O)O,85
JPNPIRVRGLGTRE-YSKCIPFOSA-N,CC/C=C\C/C=C\C/C=C\C/C=C\CCCCCCC(=O)OC[C@@H](O)COP(=O)(O)OCCN,53480952
OFSAJYZMIPNPHE-UHFFFAOYSA-N,CC(=O)NCCc1ccc(O)c(O)c1,100526
UYQGVDXDXBAABN-FQSPHKRJSA-N,CC/C=C\C[C@@H](/C=C/C=C\CCCCCCCC(=O)O)OO,5497123
XIWCDUHPYMOFIL-UHFFFAOYSA-N,CC(C)=CCc1c(-c2ccc(O)cc2O)oc2cc3c(c(O)c2c1=O)C=CC(C)(C)O3,5319925
HORUZDQRRJSTED-SECBINFHSA-M,CC(=O)CC[C@H](CO)c1c(O)cc2c(c1[O-])C(=O)c1c(O)cc(O)cc1C2=O,71306367
DXOCDBGWDZAYRQ-AURDAFMXSA-M,C[C@H](CCC(=O)[O-])[C@H]1CC[C@H]2[C@@H]3C(=O)C[C@@H]4C[C@H](O)CC[C@]4(C)[C@H]3CC[C@]12C,20848976
AYIRNRDRBQJXIF-NXEZZACHSA-N,CS(=O)(=O)c1ccc([C@@H](O)[C@@H](CF)NC(=O)C(Cl)Cl)cc1,114811
NMXWTQFCMCVSFH-HOQQJHGQSA-N,C=CCC(=NO)S[C@@H]1O[C@H](CO)[C@@H](O)[C@H](O)[C@H]1O,134160268
PVSGXWMWNRGTKE-UHFFFAOYSA-N,Cc1cnc(C2=NC(C)(C(C)C)C(=O)N2)c(C(=O)O)c1,91770
ZKLLSNQJRLJIGT-OTWZMJIISA-L,O=C(COP(=O)([O-])[O-])[C@@H](O)[C@H](O)[C@@H](O)CO,23615304
CSMYCLLHRFFFLG-WVGMDVCISA-N,O=S(=O)(O)O/N=C(/Cc1c[nH]c2cccc(O)c12)S[C@@H]1O[C@H](CO)[C@@H](O)[C@H](O)[C@H]1O,9576741
ATROHALUCMTWTB-OWBHPGMISA-N,CCOP(=S)(OCC)O/N=C(/C#N)c1ccccc1,5360460
WAPNOHKVXSQRPX-SSDOTTSWSA-N,C[C@@H](O)c1ccccc1,637516
MLKCGVHIFJBRCD-UHFFFAOYSA-N,CCOC(=O)C(Cl)Cc1cc(-n2nc(C)n(C(F)F)c2=O)c(F)cc1Cl,86222
YVQVOQKFMFRVGR-VGOFMYFVSA-N,O=C1OC(CN2CCOCC2)CN1/N=C/c1ccc([N+](=O)[O-])o1,9553856
YWZGQPJRQXHVQX-HOXYDHSRSA-N,CCCCCCCCCCCCC/C=C/[C@@H](O)[C@H](CO)NC(=O)C(O)CCCCCCCCCCCCCC,72715801
CCLQKVKJOGVQLU-UHFFFAOYSA-N,NCCCC(=O)NC(Cc1cnc[nH]1)C(=O)O,89235
DWAKNKKXGALPNW-BYPYZUCNSA-N,O=C(O)[C@@H]1CCC=N1,440162
UFAHZIUFPNSHSL-MRVPVSSYSA-N,CCC(=O)O[C@H](CC(=O)[O-])C[N+](C)(C)C,188824
SXWGPVJGNOLNHT-VFLUTPEKSA-L,O=C([O-])CCCC/C=C\C[C@@H](O)/C=C/C=C/C=C\[C@@H](O)CCCC(=O)[O-],102571791
YBMOTEQVMANKGX-JAMMHHFISA-N,C[NH2+]C(CCc1ncc(C[C@H]([NH3+])C(=O)[O-])[nH]1)C(=O)[O-],25203042
HFDLDPJYCIEXJP-UHFFFAOYSA-N,COc1ccc2ncccc2c1,14860
YSRSBDQINUMTIF-UHFFFAOYSA-N,CCCCCCCCC(O)CO,79141
NKRBAUXTIWONOV-LBPRGKRZSA-N,C=C[C@H](OC(C)=O)c1ccc(OC(C)=O)c(OC)c1,442775
SRBFZHDQGSBBOR-SOOFDHNKSA-N,OC1OC[C@@H](O)[C@@H](O)[C@H]1O,10975657
YJVOWRAWFXRESP-ZCFIWIBFSA-N,CC[C@@](C)(O)C(=O)C(=O)O,11954026
FPUGCISOLXNPPC-IOSLPCCCSA-N,CO[C@@H]1[C@H](O)[C@@H](CO)O[C@H]1n1cnc2c(N)ncnc21,102213
HLVPIMVSSMJFPS-VONZRBOSSA-N,CC1=CC(=O)CC(C)(C)[C@@]1(O)/C=C/C(C)=C\C(=O)OC1O[C@H](CO)[C@@H](O)[C@H](O)[C@H]1O,24892779
GVJMTMMPLOGKCG-UHFFFAOYSA-N,COc1cccc(C(=O)O)c1CC#N,50937014
ODPYOMZIVHDXSD-UHFFFAOYSA-N,COc1ccc(C(=O)C(COC(C)=O)Oc2ccccc2OC)cc1OC,21627689
ZCFFYALKHPIRKJ-UHFFFAOYSA-L,C=Cc1c(C)c2cc3[nH]c(cc4nc(cc5nc(cc1[nH]2)C(C)=C5CCC(=O)[O-])C(CCC(=O)[O-])=C4C)c(C)c3C=C,3794562
BIDUPMYXGFNAEJ-APGVDKLISA-N,CO[C@H]1[C@@H](O)[C@H](N)[C@@H](O[C@H]2O[C@H]([C@H](C)N)CC[C@H]2N)[C@H](O)[C@@H]1N(C)C(=O)CN,5284517
AHLPHDHHMVZTML-BYPYZUCNSA-O,[NH3+]CCC[C@H]([NH3+])C(=O)[O-],6992088
DAAYGLKRMDTNSS-UHFFFAOYSA-N,Cc1c(N)cc(N)cc1NO,9543226
JTJIXCMSHWPJJE-UHFFFAOYSA-M,O=CCS(=O)(=O)[O-],5093039
ICTQUFQQEYSGGJ-UHFFFAOYSA-N,CN(C)C1CSSSC1.O=C(O)C(=O)O,35969
PCFGXGDGOLIQTE-TWFHAPMSSA-N,O=C(OC[C@]1(O)C=C[C@H](OC(=O)c2ccccc2)[C@@H](O)[C@@H]1O)c1ccccc1,11349622
LOLHYFQEDPGSHZ-UHFFFAOYSA-L,CCCC(C(=O)[O-])C(O)C(=O)[O-],5460112
VDKSIHRRZLCAGD-RESWAWEDSA-N,CC(C)C(O)CC[C@@H](C)[C@H]1CC[C@H]2[C@@H]3[C@H](O)C[C@@H]4C[C@H](O)CC[C@]4(C)[C@H]3CC[C@]12C,5284198
CWYTWLWLMJSIBB-UHFFFAOYSA-L,[NH3+]Cc1cc(COP(=O)([O-])OP(=O)([O-])[O-])co1,91819953
TUSCYCAIGRVBMD-UHFFFAOYSA-N,O=C(Nc1ccccc1C(=O)NC1CCCCNC1=O)c1cc2ccccc2s1,2799722
BLSQLHNBWJLIBQ-OZXSUGGESA-N,CC(C)N1CCN(c2ccc(OC[C@H]3CO[C@](Cn4cncn4)(c4ccc(Cl)cc4Cl)O3)cc2)CC1,441383
NGDNVOAEIVQRFH-UHFFFAOYSA-N,CCCCCCCC(C)O,12367
PMFMJXPRNJUYMB-GWOFURMSSA-N,O=C(O)c1ccccc1N[C@@H]1O[C@H](COP(=O)(O)O)[C@@H](O)[C@H]1O,440289
YLFRRPUBVUAHSR-RRPFGEQOSA-N,CC(=O)C1=CC[C@H]2[C@@H]3CC=C4C[C@@H](O)CC[C@]4(C)[C@H]3CC[C@]12C,92871
LTHOGZQBHZQCGR-AIVRNSCJSA-N,C[C@@H]1O[C@@H](O[C@H]2[C@H](O)[C@@H](O)[C@@H](O)O[C@@H]2CO)[C@@H](O)[C@H](O)[C@@H]1O,91859299
ZAQJHHRNXZUBTE-WVZVXSGGSA-N,O=C(CO)[C@H](O)[C@@H](O)CO,22253
PXDJXZJSCPSGGI-UHFFFAOYSA-N,CCCCCCCCCCCCCCCCOC(=O)CCCCCCCCCCCCCCC,10889
YMJBYRVFGYXULK-VFUOTHLCSA-N,[NH3+][C@H]1[C@@H](OP(=O)([O-])O)O[C@H](CO)[C@H](O)[C@@H]1O,135563656
OPIFSICVWOWJMJ-HAAGFXOZSA-N,OC[C@H]1O[C@H](Oc2c[nH]c3ccc(Br)c(Cl)c23)[C@@H](O)[C@@H](O)[C@@H]1O,5289587
KIWQWJKWBHZMDT-VKHMYHEASA-N,N[C@H]1CCSC1=O,134505
XDVAYNOICRRSLG-ZVLLIQJTSA-N,CC(C)=CCC/C(C)=C/C=C/C(C)=C/C=C/C=C(C)/C=C/C=C(C)/C=C/C=C(\C)C=O,6443564
WVKHBHOIOXXGLG-MHZLTWQESA-N,C=CCN1C(=O)[C@@]2(c3cccc(F)c31)c1c(c3cc(F)ccc3oc1=O)Oc1nc(C)n(C(C)=O)c(=O)c12,71627205
HCCCKZAEYPSHLD-UHFFFAOYSA-O,O=C(O)C(=O)C[P+](=O)O,6326961
QCHPKSFMDHPSNR-GSVOUGTGSA-N,C[C@H](CN)C(=O)O,5459822
VSRVRBXGIRFARR-FFLOLMAFSA-N,C[C@@H]1O[C@H](O[C@H]2C(O)O[C@H](CO)[C@H](O)[C@@H]2O)[C@@H](O)[C@H](O)[C@@H]1O,12313177
AFCCDDWKHLHPDF-UHFFFAOYSA-M,CNC(=S)[S-].[Na+],5366415
LYYSCXLWEIVEFO-LGRGBMOQSA-N,CC/C=C\C/C=C\C/C=C\CCCCCCCC(=O)OC[C@H](CO)OC(=O)CCCCCCC/C=C\CCCCCCCC,53478147
PJAADWAJCPITFH-BTQUHPNKSA-N,CC(=O)N[C@H]1[C@H](O[C@@H]([C@@H](O)[C@H](O)CO)[C@@H](O)CO)O[C@H](CO)[C@@H](O)[C@@H]1O,195923
VTFWFHCECSOPSX-UHFFFAOYSA-N,NC(=O)NC([NH3+])C(=O)[O-],25245358
IXAQOQZEOGMIQS-SSQFXEBMSA-N,CCCCC[C@H](O)/C=C/C=C\C=C\C=C\[C@@H](O)[C@@H](O)CCCC(=O)O,5280914
JTJMJGYZQZDUJJ-UHFFFAOYSA-N,c1ccc(C2(N3CCCCC3)CCCCC2)cc1,6468
XXHMZNPASHQZPM-UHFFFAOYSA-N,COc1ccc(O)c2c1C(=O)c1cc3c(c(O)c1C2=O)C(OC1CC(C)(N(C)C)C(O)C(C)O1)C(OC)C(C)(O)C3O,122846
PAFLSMZLRSPALU-UHFFFAOYSA-M,O=C([O-])C(O)Cc1ccc(O)c(O)c1,21677748
QCHPKSFMDHPSNR-VKHMYHEASA-N,C[C@@H](CN)C(=O)O,439434
XROYFEWIXXCPAW-BRFYHDHCSA-N,CC(C(=O)O)C(=O)O[C@H](CC(=O)[O-])C[N+](C)(C)C,91825610
ZVGODNZUEWDIPM-YXRLTKITSA-M,CC(/C=C/C=C(\C)C(=O)[O-])=C\C=C\C=C(C)\C=C\C=C(/C)C(=O)O[C@@H]1O[C@H](CO)[C@@H](O)[C@H](O)[C@H]1O,25245276
NYOKZHDTNBDPOB-UHFFFAOYSA-N,CNC(=O)Oc1cc(C)cc(C)c1C,25550
ABOOPXYCKNFDNJ-JTQLQIEISA-N,C[C@H](Oc1ccc(Oc2cnc3cc(Cl)ccc3n2)cc1)C(=O)O,92418
NHUHCSRWZMLRLA-UHFFFAOYSA-N,Cc1noc(NS(=O)(=O)c2ccc(N)cc2)c1C,5344
ODBLHEXUDAPZAU-UHFFFAOYSA-N,O=C(O)CC(C(=O)O)C(O)C(=O)O,1198
SBVPYBFMIGDIDX-SRVKXCTJSA-N,O=C(O)[C@@H]1CCCN1C(=O)[C@@H]1CCCN1C(=O)[C@@H]1CCCN1,439587
LGMSNQNWOCSPIK-LWHGMNCYSA-N,CN1CC[C@H](c2c(O)cc(O)c3c(=O)cc(-c4ccccc4Cl)oc23)[C@H](O)C1.Cl,9910986
DMZSTCRTOPLDAY-XUJJJAFJSA-M,[NH3+][C@@H](CCC(=O)N[C@@H](CS/C(Cc1ccccc1)=N\O)C(=O)NCC(=O)[O-])C(=O)[O-],91820399
BJGNCJDXODQBOB-ZETCQYMHSA-N,O=C(O)[C@@H]1CSC(c2nc3ccc(O)cc3s2)=N1,135750019
DGMKFQYCZXERLX-OAHLLOKOSA-N,CCCN(CCC)C(=O)[C@@H](CCC(=O)O)NC(=O)c1ccccc1,6603906
GTTBQSNGUYHPNK-UHFFFAOYSA-N,O=P(O)(O)CO,75795
CJGYSWNGNKCJSB-YVLZZHOMSA-N,CCCC(=O)Nc1ncnc2c1ncn2[C@@H]1O[C@@H]2COP(=O)(O)O[C@H]2[C@H]1OC(=O)CCC,9687
GUQGMEWOCKDLDE-RMKNXTFCSA-N,COc1cc2c(c(O)c1C(=O)/C=C/c1ccc(O)cc1)CC(O)C(C)(C)O2,9799506
FUHGSOAURCZWCC-VIFPVBQESA-M,O=C(CCl)N[C@@H](Cc1ccccc1)C(=O)[O-],6933154
RJDBNSZFZDWPFL-WEDYNZIRSA-K,O=C([O-])C(COP(=O)([O-])[O-])O[C@H]1O[C@H](CO)[C@@H](O)[C@H](O)[C@@H]1O,25201664
WCPBEUSWIVLNSK-QMMMGPOBSA-N,COc1c(C)cc(C[C@H]([NH3+])C(=O)[O-])cc1O,91820099
LRWYBGFSVUBWMO-UXNZXXPISA-M,CCC(O)/C=C/C=C\C/C=C\C/C=C\C/C=C\CCCC(=O)[O-],102571774
BURKMBCVRAOKIE-UHFFFAOYSA-N,O=C1Nc2ccccc2C1(O)c1nccs1,5297666
ASFWPRURQHKRSL-DJEJVYNPSA-N,CCCCCCC/C=C\CCCCCCCC(=O)O[C@H](COC(=O)CCCCCCCCCCCCCCC)COP(=O)([O-])OCC[N+](C)(C)C,24778684
HKPHPIREJKHECO-UHFFFAOYSA-N,CCCCOCN(C(=O)CCl)c1c(CC)cccc1CC,31677
JGEHGXYXBKVHLW-UHFFFAOYSA-L,O.O.O=C[O-].O=C[O-].[Mg+2],25021858
HDMHBHNRWDNNCD-UHFFFAOYSA-N,Cc1c(Sc2ccccc2)n(COCCO)c(=O)[nH]c1=O,64993
DWFZBUWUXWZWKD-UHFFFAOYSA-N,CC(C)(C)c1ccc(CSc2cnn(C(C)(C)C)c(=O)c2Cl)cc1,91754
GHLCSCRDVVEUQD-AWEZNQCLSA-N,CCn1ncc(C(=O)c2ccc(S(C)(=O)=O)c(OCCOC)c2C)c1O[C@H](C)OC(=O)OC,76956678
SRSPQXBFDCGXIZ-JTQLQIEISA-N,N[C@@H](CCC(=O)NNc1ccc(CO)cc1)C(=O)O,439517
DTGLZDAWLRGWQN-UHFFFAOYSA-N,CC(=O)Oc1cc2c(s1)CCN(C(C(=O)C1CC1)c1ccccc1F)C2,6918456
QFMVWSPTQOCGTB-TUZVQDLTSA-N,CC(C)=CCC/C(C)=C/CC/C(C)=C/CC/C(C)=C/Cc1cc(O)c(C)c(C)c1O,5327035
PKZZYOJERITBAM-HBSCMMAFSA-N,CC1(C)C=C2[C@H]3CC[C@@H]4[C@@]5(C)C(=O)C[C@H](O)C(C)(C)[C@@H]5CC[C@@]4(C)[C@]3(C)CC[C@@]2(C)CC1,52950910
XDHRLUOJUPMUQM-UHFFFAOYSA-N,CSc1nc(NCCC=O)nc(NC(C)(C)C)n1,25058172
IKQRPFTXKQQLJF-IAHYZSEUSA-N,CN(C)[C@@H]1C(=O)C(C(=O)NCN2CCCC2)=C(O)[C@@]2(O)C(=O)C3=C(O)c4c(O)cccc4[C@@](C)(O)[C@H]3C[C@@H]12,54682938
RRAMGCGOFNQTLD-UHFFFAOYSA-N,O=C=NCCCCCCN=C=O,13192
LCJLFGSKHBDOAY-UHFFFAOYSA-N,CC(=O)n1cc(C=O)c2ccccc21,89915
DRZQFGYIIYNNEC-UHFFFAOYSA-N,Oc1cc(O)cc(Oc2c(O)cc(O)c3c2Oc2c(O)cc(Oc4c(O)cc(Oc5c(O)cc(O)c6c5Oc5c(O)cc(O)cc5O6)cc4O)cc2O3)c1,3008868
RUOKEQAAGRXIBM-GFCCVEGCSA-N,C#CCN[C@@H]1CCc2ccccc21,3052776
ROQLTZUOXIQBDO-JZWLZXDTSA-O,O=C(O)CC(=O)OC[C@H]1O[C@@H](Oc2cc3c(O)cc(O)cc3[o+]c2-c2ccc(O)c(O)c2)[C@H](O)[C@@H](O)[C@@H]1O,443915
YRKLGWOHYXIKSF-UHFFFAOYSA-N,O=C(O)CCC(NC(=O)Cc1c[nH]c2ccccc12)C(=O)O,25200809
FRIWJYNKZPJVRL-IMJSIDKUSA-M,C[C@H](O)[C@@H](O)CC(=O)C(=O)[O-],9548669
FZUOVOYKVXSJJG-UHFFFAOYSA-N,O=C(O)CNC(=O)CCCC(=O)OCc1ccc([N+](=O)[O-])cc1,56927947
PUGOKYOQJONOGJ-UHFFFAOYSA-N,CCOC(=O)c1ccccc1-c1c2ccc(=O)cc-2oc2cc(OCC(=O)O)ccc12,59841416
CWLVBFJCJXHUCF-RNPYNJAESA-N,C=C/C=C(\C)CC/C=C(\C)CCC=C(C)C,6443227
LFDYHAWYVIBCDT-OYKKKHCWSA-M,CC(C)=CCc1cc(/C=C2\OC(=O)C(c3ccc(O)c(CC=C(C)C)c3)=C2[O-])ccc1O,25245780
XJDKPLZUXCIMIS-HMMYKYKNSA-N,O=C1/C(=C/c2ccccc2)C(NC2CCCCC2)c2ccccc21,6419844
LDPLFHGGZNSKDS-FTBFGRRBSA-N,O=C(O[C@@H]1C[C@](O)(C(=O)O)C[C@@H](O)[C@H]1O)c1cc(O)c(O)c(O)c1,442988
RJKGJBPXVHTNJL-UHFFFAOYSA-N,O=[N+]([O-])c1cccc2ccccc12,6849
IHLWXZNPOVMUFQ-UHFFFAOYSA-N,CC(=O)NCCc1ccc(O)c(-c2c(O)c(O)c3c(c2O)C(=O)c2c(cc(O)c(C(=O)O)c2C(=O)O)C3=O)c1,5491415
BPZSYCZIITTYBL-ORAYPTAESA-N,COc1ccc(C[C@H](C)NC[C@@H](O)c2ccc(O)c(NC=O)c2)cc1,3034756
TVLSRXXIMLFWEO-UHFFFAOYSA-N,CCCN(CCOc1c(Cl)cc(Cl)cc1Cl)C(=O)n1ccnc1,73665
KLJBLQFSKZACGJ-MMKOEKFTSA-N,CCCCCCCCCCC/C=C\CCCCC(=O)OC[C@H](COP(=O)([O-])OCC[N+](C)(C)C)OC(=O)CCCC/C=C\CCCCCCCCCCC,24778922
HUBANNPOLNYSAD-UHFFFAOYSA-N,O=C(O)c1nc(Cl)ccc1Cl,15553
AQQFSJRYEOQNKZ-UHFFFAOYSA-N,COc1cccc(CC=C(C)C)c1O,14636489
VLSMHEGGTFMBBZ-OOZYFLPDSA-N,C=C(C)[C@H]1CN[C@H](C(=O)O)[C@H]1CC(=O)O,10255
VKNUORWMCINMRB-UHFFFAOYSA-N,CCOC(=O)CC(O)C(=O)OCC,24197
HXGBXQDTNZMWGS-RUZDIDTESA-N,NC(=O)C(c1ccccc1)(c1ccccc1)[C@@H]1CCN(CCc2ccc3c(c2)CCO3)C1,444031
OFBANDBMHLEMFA-XRKRLSELSA-N,CCCCCCCCCCCCCCCC(=O)N[C@H](CN1CCOCC1)[C@H](O)c1ccccc1,3008318
WJXSWCUQABXPFS-UHFFFAOYSA-M,Nc1c([O-])cccc1C(=O)O,54675871
YPFUJZAAZJXMIP-UHFFFAOYSA-M,O=S(=O)([O-])CC(O)CO,21471089
XRQDFNLINLXZLB-CKIKVBCHSA-N,CCC(CC)[C@H](NC(C)=O)[C@@H]1[C@H](O)[C@@H](C(=O)O)C[C@H]1N=C(N)N,154234
BYRVXROVZBYNOZ-UHFFFAOYSA-N,CC(C(=O)O)c1cccc(O)c1,12446853
IPVQLZZIHOAWMC-QXKUPLGCSA-M,CCC[C@H](N[C@@H](C)C(=O)N1[C@H](C(=O)[O-])C[C@@H]2CCCC[C@@H]21)C(=O)OCC,58978532
DVOFYPFFCLHONS-UHFFFAOYSA-N,O.O.O.O.[Na+].[Na+].[O]=[Mo](=[O])([O-])[O-],121225506
BIABMEZBCHDPBV-MPQUPPDSSA-N,CCCCCCCCCCCCCCCC(=O)OC[C@H](COP(=O)(O)OC[C@@H](O)CO)OC(=O)CCCCCCCCCCCCCCC,446440
XGILAAMKEQUXLS-UHFFFAOYSA-N,O=C(O)C(O)Cc1c[nH]c2ccccc12,92904
KIHBGTRZFAVZRV-KRWDZBQOSA-M,CCCCCCCCCCCCCCCC[C@H](O)C(=O)[O-],21145041
XIMPCXFLDSKALH-FXRWJBKJSA-N,CC(=O)O[C@@H]1C2[C@H]3C[C@H]4C5=Nc6ccccc6[C@]51C[C@@H]2N4[C@@H](C)[C@@H]3CO,56927714
SULYEHHGGXARJS-UHFFFAOYSA-N,CC(=O)c1ccc(O)cc1O,6990
KDVFRMMRZOCFLS-UHFFFAOYSA-N,CCCC(=O)C(=O)O,74563
MTRNKJQPSSVUEH-UHFFFAOYSA-N,COc1cc(O)c(C(C=O)C(O)C=O)c2oc(=O)c3c(c12)COC3=O,44224030
ZINFAXPQMLDEEJ-GFVOIPPFSA-N,CO/N=C(\C(=O)N[C@@H]1C(=O)N2C(C(=O)O)=C(Cn3ccc(=N)n3CCO)CS[C@H]12)c1csc(N)n1,9830520
RGHNJXZEOKUKBD-RSJOWCBRSA-M,O=C([O-])[C@@H](O)[C@H](O)[C@H](O)[C@@H](O)CO,44229140
DZWBOVINFCXKSX-FGHRXAJISA-N,O=c1[nH]c(=O)n([C@H]2C[C@H](O)[C@@H](COP(=O)(O)O)O2)cc1CCCC(O)CO,121225519
OCHZTELGZBWSJD-XHSDSOJGSA-O,CCCCCCCCCCCC[C@@H](O)[C@@H](O)[C@@H]([NH3+])CO,72551566
MHVYWTXXZIFXDT-MMZROTCTSA-M,C=C1C[C@]23C[C@H]1CC[C@H]2[C@@]12CCCC(C)(C(=O)O1)[C@H]2[C@@H]3C(=O)[O-],44229188
DPKHZNPWBDQZCN-UHFFFAOYSA-O,CN(C)c1ccc2cc3ccc(N(C)C)cc3nc2c1.[H+],44140562
QZAYGJVTTNCVMB-UHFFFAOYSA-O,[NH3+]CCc1c[nH]c2ccc(O)cc12,4048638
DJHGAFSJWGLOIV-UHFFFAOYSA-M,O=[As]([O-])(O)O,3665457
MULWDJOXRRXULO-HAUURUDMSA-N,C=C1C(=O)O[C@@H]2[C@@H]1C[C@@H]1O[C@]1(CO)CC/C=C(\C)CC/C=C(\C)[C@@H]2O,44583935
XXFACTAYGKKOQB-SSDOTTSWSA-N,C[C@@H](CO)CCNc1ncnc2nc[nH]c12,688447
CLKAMUBRHDJOAX-OKNVVHAFSA-N,CC/C=C\CC(/C=C/C=C\C=C/C(C/C=C\CCCCCC(=O)O)OO)OO,122391281
XQYZDYMELSJDRZ-UHFFFAOYSA-N,COc1ccc(Cc2nccc3cc(OC)c(OC)cc23)cc1OC,4680
AGDTWQLXNUYUDC-RBIAUOINSA-N,CC/C=C\C/C=C\C=C\C(=O)C/C=C\C/C=C\CCCCCC(=O)O,45105206
LJHFIVQEAFAURQ-UHFFFAOYSA-N,ON=CC=NO,135495951
HXXFSFRBOHSIMQ-SVZMEOIVSA-N,O=P(O)(O)OC1O[C@H](CO)[C@H](O)[C@H](O)[C@H]1O,439995
ZQISRDCJNBUVMM-YFKPBYRVSA-O,[NH3+][C@H](CO)Cc1cnc[nH]1,6950298
UIQSKEDQPSEGAU-REOHCLBHSA-M,C[C@@H]([NH3+])P(=O)([O-])[O-],7081529
HINRHPMPWQHLJA-DOFZRALJSA-N,CCCCC/C=C\C/C=C\C/C=C\C/C=C\CCCCCCCCCCC(O)C(=O)O,86583451
UODZHRGDSPLRMD-UHFFFAOYSA-Q,[NH3+]CCCC[NH2+]CCCC[NH3+],25245489
GRTOGORTSDXSFK-BMYCAMMWSA-N,COC(=O)C1=CO[C@@H](C)[C@@H]2CN3CCc4c([nH]c5ccccc45)[C@H]3C[C@H]12,1268096
AQHHHDLHHXJYJD-UHFFFAOYSA-N,CC(C)NCC(O)COc1cccc2ccccc12,4946
NMPZCCZXCOMSDQ-XVFCMESISA-M,Nc1ccn([C@@H]2O[C@H](CO)[C@H]3OP(=O)([O-])O[C@H]32)c(=O)n1,23421172
SMJJEGJNWOWKIM-SONCIHBZSA-N,CCCCC/C=C\C/C=C\CCCCCCC[C@@H](O)CC(=O)OC(CC(=O)[O-])C[N+](C)(C)C,118796906
DWPCPZJAHOETAG-UHFFFAOYSA-N,NC(CSCC(N)C(=O)O)C(=O)O,102950
ZMXJAEGJWHJMGX-UHFFFAOYSA-N,COC(=O)c1cc(OC)c(O)c(OC)c1,70164
TZCXTZWJZNENPQ-UHFFFAOYSA-L,O=S(=O)([O-])[O-].[Ba+2],24414
IFQUWYZCAGRUJN-UHFFFAOYSA-M,O=C([O-])CNCC[NH2+]CC(=O)[O-],51589943
JWWVBMRNPGAKSM-LWQSKWNHSA-N,CCCCCCCCCCCCCCCCCCCCCCCCCC(=O)N[C@@H](COP(=O)([O-])OCC[N+](C)(C)C)[C@H](O)/C=C/CCCCCCCCCC(C)C,70679110
OGSPWJRAVKPPFI-UHFFFAOYSA-N,NCCCC(O)(P(=O)(O)O)P(=O)(O)O,2088
YHXWLHMIDZAYPE-UHFFFAOYSA-N,CCC1=C(c2ccc(OC)cc2)C(C)(C)Oc2cc(O)ccc21,255267
YRXRHZOKDFCXIB-PYDDKJGSSA-N,C/C(=C\COP(=O)(O)O)CCC[C@H](C)CCC[C@H](C)CCCC(C)C,25245114
VLMZMRDOMOGGFA-WDBKCZKBSA-O,C[C@@H]1C[C@@H]2c3cccc4[nH]cc(c34)C[C@H]2[NH+](C)C1,57339302
FKMCEEHVCIIPLE-ZSAUSMIDSA-N,CC(C)=C[C@H]1CC[C@@]2(C)[C@H](O)CC[C@](C)(O)[C@H]12,91884956
MHAXMIHGEZOCTQ-HTAPYJJXSA-M,CC[C@@]1(O)CC(=O)c2c(cc3c(c2[O-])C(=O)c2c(O)cccc2C3=O)[C@H]1C(=O)OC,86289449
UGPOBASOHYMNAK-UHFFFAOYSA-N,COc1cc(-c2cc(=O)c3c(O)cc(O)cc3o2)cc(O)c1O,11267045
GKGKBZYMDILCOF-UHFFFAOYSA-N,Cc1nc(-c2ccc(-c3ccc(C(=O)N4CCc5cc6c(cc54)C4(CCN(C)CC4)CO6)cc3)c(C)c2)no1.Cl,11226716
SSULTCPIIYRGFQ-XRIOVQLTSA-N,Cc1ccc(S(=O)(=O)O)cc1.N[C@H]1CCN(c2nc3c(cc2F)c(=O)c(C(=O)O)cn3-c2ccc(F)cc2F)C1.O,76972264
OTIYLZVFQIMLQH-FRGMPSNRSA-N,CC1=CC(O/C=C(C)\C=C\C2=C(C)CCCC2(C)C)OC1=O,66559276
LFDIXHMYXFFMFD-QQYZDZQSSA-N,CC(=O)[C@]1(O)CC[C@]2(O)[C@@H]3CC=C4C[C@@H](O)CC[C@]4(C)[C@H]3C[C@@H](OC(=O)c3ccccc3)[C@]12C,70680255
BDZXSHDKBKYQKJ-UHFFFAOYSA-N,COc1cc(O)c2c(=O)c(O)c(-c3cc(O)c(O)c(O)c3)oc2c1,44259636
OSGKEDCKMGOZOQ-FKYASPJISA-M,C[C@]12CC[C@@H]3c4cc(O)c(O[C@@H]5O[C@H](C(=O)[O-])[C@@H](O)[C@H](O)[C@H]5O)cc4CC[C@H]3[C@@H]1CCC2=O,129011092
JNMRHUJNCSQMMB-UHFFFAOYSA-N,Nc1ccc(S(=O)(=O)Nc2nccs2)cc1,5340
VCTBNHVCBSUQPG-NCRZSTDJSA-N,OC[C@H]1O[C@@H](O[C@@H]2COC(O)[C@H](O)[C@H]2O)[C@H](O)[C@@H](O)[C@H]1O,11088249
LMIJIHJZVURGQK-UHFFFAOYSA-N,CCCCCCCCCCCCCCCCCC(=O)NCCS(=O)(=O)O,168274
FMRVHRPEVIVXKX-ZJIVTKJASA-N,CCCCC[C@@H]1O[C@H]1[C@H](O)/C=C\C/C=C\C/C=C\CCCC(=O)O,13198537
ATRPDMRLQGZDIZ-UHFFFAOYSA-N,CC1=C(O)c2cc(O)c(O)cc2C(=O)C1=O,135993298
OHKOGUYZJXTSFX-KZFFXBSXSA-N,CC1(C)S[C@@H]2[C@H](NC(=O)[C@H](C(=O)O)c3ccsc3)C(=O)N2[C@H]1C(=O)O,36921
ZNJFBWYDHIGLCU-QKMQQOOLSA-N,CC/C=C\C[C@@H]1C(=O)CC[C@@H]1CC(=O)O,7251183
VCTBNHVCBSUQPG-JHTTYLAASA-N,OC[C@H]1O[C@@H](O[C@H]2CO[C@@H](O)[C@H](O)[C@H]2O)[C@H](O)[C@@H](O)[C@@H]1O,91851496
KEFJLCGVTHRGAH-UHFFFAOYSA-N,CC(=O)c1ccc(C)o1,14514
BBNHCUBQEQJHIG-FZZJNMCHSA-N,CCCCC/C=C\C/C=C\C/C=C\CCCCCCC(=O)OC[C@@H](O)COP(=O)([O-])OCC[N+](C)(C)C,52924055
RQJGBVDTAFXEIJ-UHFFFAOYSA-N,Cc1c(-c2ccc(O)c(O)c2)oc2cc(O)cc(O)c2c1=O,15661823
QUHKCUMRZNSHRI-RYUDHWBXSA-N,CSCCCCCC(=NO)SC[C@H](NC(=O)CC[C@H](N)C(=O)O)C(=O)NCC(=O)O,132472303
MTGFYEHKPMOVNE-NEFMKCFNSA-N,CC1=C(/C=C/C(C)=C/C=C/C(C)=C/C(=O)O[C@@H]2O[C@H](C(=O)O)[C@@H](O)[C@H](O)[C@H]2O)C(C)(C)CCC1,5281877
KGHVQLDYCDULEN-UHFFFAOYSA-N,CC(C)CCCCCCCCCCCCCCCCCCCCC(=O)O,5282605
CABXGBMKSVRWOG-LURJTMIESA-N,CC(C)NC(=O)CC[C@H]([NH3+])C(=O)[O-],6993183
FDSNVAKZRJLMJN-AATRIKPKSA-N,CC(=O)/C=C/C1C(C)=CC(O)CC1(C)C,11344809
CBEPLTZXYMLBAP-UHFFFAOYSA-N,COC1OC(C)=Cc2oc3cc(O)c(O)c(C(=O)O)c3c(=O)c21,9883541
XFDQJKDGGOEYPI-UHFFFAOYSA-O,COc1cc(-c2[o+]c3cc(O)cc(O)c3cc2O)ccc1O,441773
AVBZFRJEUYWRRB-UHFFFAOYSA-N,N#Cc1ncn(C(=O)c2ccccc2)c1N,124202396
HUIYGGQINIVDNW-UHFFFAOYSA-N,CCCCOC(=O)c1ccccc1N,24433
SLPNZWQAANGGLR-WMPRHZDHSA-M,CCCCC/C=C\C/C=C\C/C=C\C/C=C\C/C=C\CCCCCCCCCCC(=O)[O-],86289193
DVSRTUCUOATCJD-UHFFFAOYSA-N,Oc1cccc(-c2ccc(Cl)cc2)c1O,441091
JJWZFUFNJNGKAF-UHFFFAOYSA-N,O=C(O)CCCCCCCCCCCCCCCCCCCCCCCCC(=O)O,9543670
BVIYGXUQVXBHQS-IUYQGCFVSA-N,C[C@@]1(O)OC[C@H](O)C1(O)O,448719
ZZAJQOPSWWVMBI-UHFFFAOYSA-M,COc1ccc(-c2coc3cc(O)ccc3c2=O)cc1[O-],86289448
BIKACRYIQSLICJ-UHFFFAOYSA-N,CCOc1nc(F)cc2nc(S(=O)(=O)Nc3c(Cl)cccc3C(=O)OC)nn12,86453
DNOPJXBPONYBLB-UHFFFAOYSA-M,CC(C)(O)C(=O)C(=O)[O-],6419735
SJFBTAPEPRWNKH-CCKFTAQKSA-N,CC(C)C[C@H](NC(=O)[C@@H](NC(=O)c1cccc(-c2ccccc2)n1)[C@@H](C)O)B(O)O,24800541
LRPPQRCHCPFBPE-FYVRRLHDSA-N,CCCCC/C=C\C[C@@H](O)[C@H](O)C/C=C\C/C=C\CCCC(=O)O,11759555
BNPVNZIUVMQZPU-DKIMLUQUSA-N,CSCC[C@H](NC(=O)[C@@H](N)CC(N)=O)C(=O)N[C@@H](Cc1c[nH]c2ccccc12)C(=O)N[C@@H](CC(N)=O)C(=O)O,71464616
UGYXPZQILZRKJJ-UHFFFAOYSA-N,Cc1[nH]cnc1CCN,37463
FFUMCSDSJNSMQH-LXGUGECZSA-K,CC1=C/C(=C(\c2cc(C)c([O-])c(C(=O)[O-])c2)c2ccccc2S(=O)(=O)[O-])C=C(C(=O)O)C1=O.[Na+].[Na+].[Na+],54682905
ATRCOGLZUCICIV-SECBINFHSA-N,CN1CCC[C@@H]1c1ccc(=O)[nH]c1,439886
QGHREAKMXXNCOA-UHFFFAOYSA-N,COC(=O)NC(=S)Nc1ccccc1NC(=S)NC(=O)OC,3032791
CDUUKBXTEOFITR-BYPYZUCNSA-N,C[C@](N)(CO)C(=O)O,7000050
OTJZCIYGRUNXTP-UHFFFAOYSA-N,C#CCCO,13566
JZPKLLLUDLHCEL-UHFFFAOYSA-N,CC(C)=C1OC(=O)N(c2cc(OC3CCCC3)c(Cl)cc2F)C1=O,11714234
NENCFBUASFVKCT-NYLVQANASA-N,CC(C)[C@H](NC(=O)CCCC[C@@H]1SC[C@@H]2NC(=O)N[C@@H]21)C(=O)N[C@@H](C)C(=O)N[C@@H](CC(=O)O)C(=O)CF,25195448
JZWNYZVVZXZRRH-YFKVPUFHSA-N,CCCCCCCC/C=C\CCCCCCCC(=O)OC[C@@H](O)COP(=O)(O)OC[C@H](N)C(=O)O,9547099
PJZCWYHLSJIVOD-LSJQNWEUSA-N,NC1=NC(=O)N([C@H]2C[C@H](O)[C@@H](CO)O2)C(C2C=C3N2C(=O)N3[C@H]2C[C@H](O)[C@@H](CO)O2)C1N,121225508
BRYKYSQCLNCYQW-DUXPYHPUSA-L,COC(=O)/C(=C/C(=O)[O-])CC(=O)[O-],23615417
WSFQKSIBZODGPB-RWWNVWANSA-N,CC[C@H](C)[C@H](NC(=O)[C@@H]([NH3+])CNC(=O)/C=C/C(N)=O)C(=O)[O-],91666331
PDACUKOKVHBVHJ-XVFCMESISA-N,Nc1cncn1[C@@H]1O[C@H](COP(=O)(O)O)[C@@H](O)[C@H]1O,161500
OSFASEAZCNYZBW-DEQVHDEQSA-N,CCC/C=C/C=C\CCCCCCCCC=O,6444828
YZBCICVNBHNLTK-UHFFFAOYSA-L,O=C(O)c1cc([O-])c([O-])cc1C(=O)O,54675838
QHFQAJHNDKBRBO-UHFFFAOYSA-L,O.O.O.O.O.O.[Ca+2].[Cl-].[Cl-],6093252
SUGVYNSRNKFXQM-XRHWURSXSA-N,Cc1ccc(Cn2nc(C(=O)N[C@@H]3C(C)(C)[C@@H]4CC[C@@]3(C)C4)cc2-c2ccc(Cl)c(C)c2)cc1,3081355
OJISWRZIEWCUBN-QIRCYJPOSA-N,CC(C)=CCC/C(C)=C/CC/C(C)=C/CC/C(C)=C/CO,5281365
IVORICMEPQUECP-LURJTMIESA-M,CC(=O)N[C@@H](CCS(C)(=O)=O)C(=O)[O-],28163197
XMTCKNXTTXDPJX-UHFFFAOYSA-N,NC(C=O)C(=O)O,29
MTCFGRXMJLQNBG-UHFFFAOYSA-O,[NH3+]C(CO)C(=O)O,3401347
YVCJAXRJLMHQET-LBPRGKRZSA-N,CC1(C)c2[nH]c3cc(O)ccc3c2C(=O)[C@@H]1O,56833857
HYVUFYJZMRRTOP-UHFFFAOYSA-N,CC(C)(O)CCc1cccc(C(=O)N2Cc3ccccc3C(O)C2)c1,70761166
ACWZRVQXLIRSDF-UHFFFAOYSA-N,Cn1cnc2c(F)c(Nc3ccc(Br)cc3F)c(C(=O)NOCCO)cc21,10288191
YHXSUSPTGLHIRR-UZFWGDPLSA-N,C/C(=C\Cc1c(O)c(Cl)c(C)c(C=O)c1O)CC/C=C(\C)[C@@H]1C[C@H](O)C(C)(C)O1,6452491
GJRGEVKCJPPZIT-JBDRJPRFSA-M,O=C([O-])[C@@H]([NH2+]CC[C@H](O)C(=O)[O-])[C@@H](O)C[NH+]1CC[C@H]1C(=O)[O-],86289375
MSQDUIOYSURQKS-UHFFFAOYSA-N,CCCCCCCCCC(=O)Oc1c[nH]c2ccc(Br)cc12,14821427
XNHNFLZMOUNVIW-GUBZILKMSA-J,CC(=O)N[C@@H](CC(=O)[O-])C(=O)N[C@@H](CCC(=O)[O-])C(=O)N[C@@H](CCC(=O)[O-])C(=O)[O-],72715796
KLAKIAVEMQMVBT-UHFFFAOYSA-N,O=C(CO)c1ccc(O)cc1,440082
NBXNZQFZGOQQPE-UHFFFAOYSA-N,CSCCCCCCC(N)C(=O)O,25010768
NJPLVGBNOUFNTO-UUWRZZSWSA-N,CCCCCCCCCCCCCCCCOC[C@H](COC(=O)CCCCCCCCCCCCC)OC(C)=O,86289323
CJPQIRJHIZUAQP-INIZCTEOSA-N,COC(=O)[C@H](C)N(C(=O)Cc1ccccc1)c1c(C)cccc1C,5491362
BELZJFWUNQWBES-UHFFFAOYSA-R,NCCC[NH2+]CCC[NH2+]CCC[NH2+]CCC[NH3+],86289946
FHXCZZFHUCAQAA-KHPPLWFESA-N,CCCCCC/C=C\CCCCCCCC(=O)OC(CCCCC)CCCCCCCCCCCC(=O)O,126456519
CVBGNAKQQUWBQV-UHFFFAOYSA-N,CC(=O)NNC(=O)c1ccncc1,71602
GSQYAWMREAXBHF-UOYQFSTFSA-N,N[C@H]1C[C@H](CO)[C@@H](O)[C@H](O)[C@H]1O,446685
CVNFYQCHAWFYQI-ZSCHJXSPSA-N,Cc1c(Cl)cccc1Nc1ncccc1C(=O)O.NCCCC[C@H](N)C(=O)O,3080836
RMFNNCGOSPBBAD-UHFFFAOYSA-N,CNC(=O)Oc1cccc(N=CN(C)C)c1,31099
BJBUEDPLEOHJGE-IUYQGCFVSA-N,O=C([O-])[C@@H]1[NH2+]CC[C@@H]1O,91972251
BSHWLCACYCVCJE-UHFFFAOYSA-N,CCOC(CN1CCN(CC(C)C(=O)c2ccccc2)CC1)c1ccccc1,3245
VBUYCZFBVCCYFD-YVZJFKFKSA-N,O=C(O)C(=O)[C@H](O)[C@@H](O)[C@@H](O)CO,10198044
XBTXTLKLSHACSS-RITPCOANSA-N,[NH3+][C@H]1C(C(=O)[O-])=CC=C[C@H]1O,49852382
APUPEJJSWDHEBO-UHFFFAOYSA-P,[NH4+].[NH4+].[O]=[Mo](=[O])([O-])[O-],61578
IRPOZWRRAFKYMQ-LMIAXWKISA-N,CCCCCCCCCCCCCCC[C@@H](O)[C@H](CO[C@H]1O[C@H](C(=O)O)[C@H](O)[C@H](O)[C@H]1O)NC(=O)CCCCCCCCCCCCC,6420173
TUXVLTYUDHJDAL-SFHUXEFOSA-N,CC(=O)N[C@H]1C(O)O[C@H](CO)[C@@H](O)[C@@H]1O[C@@H]1O[C@@H](C)[C@@H](O)[C@@H](O)[C@@H]1O,52921582
GSQAHNYZLWNWEB-QXPWYRSVSA-N,CCCCC/C=C\C/C=C\C/C=C\C/C=C\C/C=C\CCC(=O)OCC,16069228
JZWNYZVVZXZRRH-YFKVPUFHSA-M,CCCCCCCC/C=C\CCCCCCCC(=O)OC[C@@H](O)COP(=O)([O-])OC[C@H]([NH3+])C(=O)[O-],71627199
WOGVWUCXENBLIV-UHFFFAOYSA-N,CCCC(C)CCCCC(C)CC,86540
HTTDEAQRSCMCQS-UHFFFAOYSA-N,Cc1c([N+](=O)[O-])cc(NO)cc1[N+](=O)[O-],5375469
JHFAETDERBWUOO-YSZCXEEOSA-L,C[C@]12CC[C@H](OS(=O)(=O)[O-])C[C@@H]1CC[C@@H]1[C@@H]2CC[C@]2(C)[C@@H](OS(=O)(=O)[O-])CC[C@@H]12,121596228
LNYIJBSSELCSKA-UHFFFAOYSA-N,COc1cc2c(c(O)c1O)C1(C)Oc3c(O)c(OC)cc(CO)c3C(C)(O1)C2=O,456304
LSJLEXWXRKTZAJ-YUIIPXGZSA-K,CC(C)=CCC/C(C)=C/CC/C(C)=C/CC/C(C)=C/CC/C(C)=C/CC/C(C)=C/CC/C(C)=C/COP(=O)([O-])OP(=O)([O-])[O-],25245257
HVCJIYXUPZKLBY-ULVLTVHJSA-N,CO[C@@H]1C(=O)CC[C@H](C=O)[C@H]1/C(C)=C/CCC(C)C,11346162
WFZSZAXUALBVNX-UHFFFAOYSA-N,Cc1c(C(F)(F)F)cnn(-c2cc(OCC(=O)O)c(Cl)cc2F)c1=O,3083547
ZTQSAGDEMFDKMZ-UHFFFAOYSA-N,CCCC=O,261
ZZVPZXLETLTSEB-WCBMZHEXSA-N,C=C(C)[C@H]1CC[C@](C)(O)OC(=O)C1,129900395
RTYFAKSWXDNPPU-UHFFFAOYSA-N,CCCCCCC(O)CCOC(C)=O,234237
MVULGCSHGFLUBH-UHFFFAOYSA-N,O=S(CC1C(c2ccccc2)C1c1ccccc1)c1ccccc1,562543
QBPUSATZGKKPMW-UHFFFAOYSA-N,CC(OS(=O)(=O)c1ccc(Cl)cc1)C1CC(C)(C)OC1=O,51351697
KGHLSJONZZZQPJ-KORIGIIASA-M,CC(C)CCCCCCCCC/C=C/[C@@H](O)[C@@H]([NH3+])COP(=O)([O-])[O-],70679242
PHIQHXFUZVPYII-LURJTMIESA-O,C[N+](C)(C)C[C@@H](O)CC(=O)O,160907
KCXVZYZYPLLWCC-UHFFFAOYSA-K,O=C([O-])CN(CCN(CC(=O)[O-])CC(=O)O)CC(=O)[O-],5147705
SRSPZLZVGPJHJH-UHFFFAOYSA-N,COc1cc2c(cc1OC)C1Cc3cc(OC)c(OC)cc3C(C2)N1,419775
XLWCIHPMASUXPI-UHFFFAOYSA-N,CC(Cc1ccccc1)c1ccccc1,22068
XZWXFWBHYRFLEF-FSPLSTOPSA-N,C[C@H](N)C(=O)N[C@@H](Cc1cnc[nH]1)C(=O)O,9837455
FHHVIBPVBBRLOR-IYACIECVSA-N,CCCCC/C=C\C/C=C\C/C=C\C/C=C\CCCC(=O)O[C@H](CO/C=C\CCCCCCCCCCCCCCCC)COP(=O)([O-])OCC[N+](C)(C)C,24779390
TZDZTWKCXMIGJR-RDTXWAMCSA-N,COc1cc(C[C@H](COC(C)=O)[C@H](C)Cc2cc(OC)c(O)c(OC)c2)ccc1O,53359578
AXFYFNCPONWUHW-UHFFFAOYSA-M,CC(C)(O)CC(=O)[O-],6950804
JUXMUKOXQMUUKD-NGKMTSHWSA-N,CC1(C)[C@H](O)CC[C@]2(C)[C@H]3CC[C@@]4(C)[C@H]([C@H]5COC(=O)C5)CC[C@]4(C)C3=CC[C@@H]12,70698056
CMQAWGIRCVKCMC-GFCCVEGCSA-N,CCCCCCCCCC(=O)OC[C@@H](O)COP(=O)(O)O,58085295
PFDUUKDQEHURQC-ZETCQYMHSA-N,COc1cc(C[C@H](N)C(=O)O)ccc1O,9307
ZZTJPRCYRMWKTD-MRXNPFEDSA-N,C[C@@H](O)CCCCCCCCCCCCCCC(=O)O,86289721
DXYMGZNZFBKDCX-GGWOSOGESA-N,C/C=C/C1OC(/C=C/C)C2OC(=O)C(O)C=C12,10198594
YFTGOBNOJKXZJC-UHFFFAOYSA-N,O=C(O)c1cc2cc(O)c(O)cc2[nH]1,119405
YOKHLRHWEXTWJR-KHPPLWFESA-N,CCCCCCCCC/C=C\CCCCCCCC(=O)O,14275216
DEWLEGDTCGBNGU-UHFFFAOYSA-N,OC(CCl)CCl,7289
OCHZTELGZBWSJD-XHSDSOJGSA-N,CCCCCCCCCCCC[C@@H](O)[C@@H](O)[C@@H](N)CO,11312307
LHJPHMKIGRLKDR-YUQKHPEDSA-N,C[C@H]1[C@@H](OS(=O)(=O)O)C[C@@H]2C[C@H]([C@H](O)c3cc(=O)[nH]c(=O)[nH]3)N=C3NC[C@H]1N32,135400191
NOLGXQBEFHYZHI-QPBHWVAKSA-N,CC1(C)C(=O)CC[C@]2(C)[C@H]3CC[C@@H]4[C@@H]([C@]5(C)CCC(=O)O5)CC[C@@]4(C)[C@]3(C)CC[C@@H]12,44421647
VMLJWIKVMRPCIF-GVQAODHLSA-N,CCCCOC(=O)CCc1cc(OC)c(O)c(-c2cc(CCC(=O)OCCCC)cc(OC)c2O[C@@H]2O[C@H](CO)[C@@H](O)[C@H](O)[C@H]2O)c1,10439386
GLMPLZUBQDAZEN-CVEARBPZSA-N,Oc1ccc2c(c1)OC[C@]1(O)c3cc4c(cc3O[C@H]21)OCO4,9543463
IKBKZGMPCYNSLU-RGVLZGJSSA-N,CCCCCN=C(N)N/N=C/c1c[nH]c2ccc(OC)cc12,135409453
ILGMGHZPXRDCCS-UHFFFAOYSA-N,O=C(O)CC1C(=O)Nc2ccccc21,3080590
BIEOSECQPGGZMF-NAIWXXGBSA-N,CC/C=C\C/C=C\C/C=C\C/C=C\C/C=C\CCCCCC(=O)OC[C@@H](O)COP(=O)([O-])OCC[N+](C)(C)C,53480475
AZHSPOPOMNJPFD-PCTZFDORSA-N,CCCCCC(O)/C=C/C=C\C/C=C\C=C\C(CCCC(=O)O)OO,102571777
YJVOWRAWFXRESP-UHFFFAOYSA-N,CCC(C)(O)C(=O)C(=O)O,440269
SRPREECLSOIPNK-UHFFFAOYSA-N,O=Cc1ccc(CO)[nH]1,12416228
NIONDZDPPYHYKY-SNAWJCMRSA-M,CCC/C=C/C(=O)[O-],6997366
ZCXRIDHJRROVJY-JOZUOZHYSA-N,CCCCCCCC/C=C\CCCCCCCC(=O)O[C@@H](CO)COP(=O)(O)OC[C@H](CO)OC(=O)CCCCCCC/C=C\CCCCCCCC,11262814
IRKZFHZUIBLGKU-QFIPXVFZSA-N,CCc1c2c(nc3ccc(O)cc13)-c1cc([C@@](O)(CC)C(=O)O)c(CO)c(=O)n1C2,443149
ZJVJBYFEMNIAJZ-ZROIWOOFSA-N,Cc1[nH]c(/C=C2\C(=O)Nc3ccc(F)cc32)c(C)c1C(=O)NCCCN,16722152
NFBAXHOPROOJAW-UHFFFAOYSA-N,O=C1c2ccccc2C(=O)C1c1ccccc1,4760
AWFIVARAENOBMT-UHFFFAOYSA-M,O=Cc1nc(Cc2ccccc2)oc1[O-],75579760
XXQFKXPJJNBLSU-TXICZTDVSA-N,C[C@H]1O[C@H](OP(=O)(O)O)[C@H](O)[C@@H]1O,24906327
QZCMHXPXGACWLJ-QWAPPMFBSA-M,CCCCCC(=O)/C=C/C=C\CCCCCCCCCC(=O)[O-],124202375
LPUFGTSGSICQBX-UHFFFAOYSA-K,C=C(OP(=O)([O-])C(=O)[O-])C(=O)[O-],21722340
RFLHBLWLFUFFDZ-UHFFFAOYSA-N,Nc1ccccc1NC(=O)CCCCCCC(=O)Nc1ccccc1,9543540
NQNHRHWFZHFAAH-XSWVPMOFSA-N,CCCC/C=C/O/C=C/C=C\CCCCCCCC(=O)O,25246008
UYHAERNXVVKSCT-PGUFJCEWSA-N,CCCCCCCCCCCCCCCC(=O)OC[C@H](COP(=O)(O)OCC)OC(=O)CCCCCCCCCCCCCCC,46891855
BZCOSCNPHJNQBP-OWOJBTEDSA-L,O=C(O)/C([O-])=C(\[O-])C(=O)O,54685637
WXEVCWAPVMCHML-UHFFFAOYSA-N,COc1c(O)cc2oc(C)cc(=O)c2c1O,45267938
BUZAJRPLUGXRAB-UHFFFAOYSA-N,Cc1c(C(=O)NN2CCCCC2)nn(-c2ccc(Cl)cc2Cl)c1-c1ccc(I)cc1,2125
GUHPRPJDBZHYCJ-UHFFFAOYSA-N,CC(C(=O)O)c1ccc(C(=O)c2ccccc2)s1,5468
GDHKPCYWNVPHIH-SDBNBOCMSA-N,NCCCO[C@@H]1O[C@H](C(=O)O)[C@H](O)[C@H](O)[C@H]1O,90659834
OAQGPAZDRCBBLD-YTCWWFNZSA-N,O=C(O)CCC/C=C\C[C@H]1[C@@H](O)CC(=O)[C@@H]1/C=C/[C@@H](O)CCc1ccccc1,6435438
PAZGBAOHGQRCBP-DDDNOICHSA-N,CCCCCCCC/C=C\CCCCCCCC(=O)O[C@H](COC(=O)CCCCCCCCCCCCCCC)COP(=O)(O)OCC(O)CO,5283509
NWCZIQDBEQKZSD-JOCHJYFZSA-L,CCCCCCCCCCCCCCCCCCCC(=O)OC[C@@H](O)COP(=O)([O-])[O-],71627248
PTPROPUVXIZJPL-HCWXCVPCSA-N,O=C(O)[C@H]1CC[C@H](O)[C@H](O)C1,5459768
MBOVWBBJDJPNSN-HNNXBMFYSA-N,CC[C@H](C)C(=O)OCCCc1ccc2oc(-c3ccc4c(c3)OCO4)cc2c1,56673143
ARBHXJXXVVHMET-UHFFFAOYSA-N,NC(N)=NCCCC(=O)C(=O)O,558
IXQXTLBVUAXXNT-APRQOCPKSA-N,CC(=O)OCC(=O)[C@@]1(O)CC[C@H]2[C@@H]3C[C@H](F)C4=CC(=O)CC[C@]4(C)[C@H]3[C@@H](O)C[C@@]21C,231352
UIFXCAYUHZVWHR-SFHVURJKSA-N,CC(C)=CCOc1ccc([C@@H]2CC(=O)c3c(O)cc(O)cc3O2)cc1O,10498463
TZBJGXHYKVUXJN-UHFFFAOYSA-N,O=c1c(-c2ccc(O)cc2)coc2cc(O)cc(O)c12,5280961
PPJYSSNKSXAVDB-UHFFFAOYSA-N,O=C(O)Cc1cc(I)c(Oc2cc(I)c(O)c(I)c2)c(I)c1,65552
YRZXKRQRZJMBFT-UHFFFAOYSA-N,Cc1cc(O)c(O)c(Oc2cc(C)cc(O)c2O)c1,100615
FBWNMEQMRUMQSO-UHFFFAOYSA-N,CCCCCCCCCc1ccc(OCCOCCOCCOCCOCCOCCOCCOCCOCCO)cc1,72385
FIHXCHBEHLCXEG-YEFHWUCQSA-N,CC(C)=CCC/C(C)=C/CC/C(C)=C/Cc1c(C)n(O)c2ccccc2c1=O,6439171
NQEVMSRGYQJUGR-QKJYSWECSA-N,CC(=O)N[C@H]1[C@@H](O[C@H]2[C@H](O)[C@@H](O)C(O)O[C@@H]2C(=O)O)O[C@H](COS(=O)(=O)O)[C@@H](O)[C@@H]1O,70678717
RWHOZGRAXYWRNX-VFUOTHLCSA-J,O=P([O-])([O-])OC[C@H]1O[C@H](OP(=O)([O-])[O-])[C@H](O)[C@@H](O)[C@@H]1O,25201676
UPNLRNQUIJXYPN-LFWRRJNUSA-N,COc1cc(/C=C/COC(=O)/C=C/c2ccc(O)cc2)ccc1O,10892754
IZSRJDGCGRAUAR-LMVFSUKVSA-M,O=C([O-])[C@@H](O)[C@H](O)[C@@H](O)C(=O)CO,51578623
VIUQTXYGNHOJBD-PWSUYJOCSA-N,CC(=O)OC(C)(C)[C@@H]1C=C[C@](C)(OO)CC1,10889657
FFFIRKXTFQCCKJ-UHFFFAOYSA-M,Cc1cc(C)c(C(=O)[O-])c(C)c1,6932257
OINNEUNVOZHBOX-XBQSVVNOSA-N,CC(C)=CCC/C(C)=C\CC/C(C)=C\CC/C(C)=C\COP(=O)(O)OP(=O)(O)O,92449665
DSTKFVXVQRVYIH-VQSMGOMNSA-N,CC(=O)OC[C@@]12[C@@H](OC(C)=O)C[C@@H](C)[C@](C)(C[C@H](O)C3=CC(=O)OC3)[C@H]1CCC[C@]21CO1,12136679
UATJOMSPNYCXIX-UHFFFAOYSA-N,O=[N+]([O-])c1cc([N+](=O)[O-])cc([N+](=O)[O-])c1,7434
ODCWYMIRDDJXKW-UHFFFAOYSA-N,CCNc1nc(Cl)nc(NCC)n1,5216
YOEUNKPREOJHBW-UHFFFAOYSA-N,O=Cc1cccc(C(=O)O)c1O,69117
ZDDQAAZBPZGPRB-SKNVOMKLSA-N,O=C(O)[C@@H](O)[C@@H]1OC[C@H](O)[C@H]1O,86290075
UUNPIWCQMVNINR-UHFFFAOYSA-M,COc1cc(O)cc2c1C(=O)c1c([O-])cc(C)cc1C2=O,25203706
OWQPALVMZWREMV-PUYNVXOJSA-N,CCCCCCCCCCCC/C=C/[C@@H](O)[C@H](CO)NC(=O)CCCCCCCCCCCCCCCCCCCCCCC,71581116
BNHQALRBDJVUQB-YTQNUIGOSA-N,CC/C=C\C[C@@H](/C=C/C=C\C/C=C\C/C=C\C/C=C\CCC(=O)O)OO,52921992
ZEPNVCGPJXYABB-LOIOQLKMSA-N,C=C(CC[C@@H](C)[C@H]1CC[C@H]2C3=CC=C4C[C@@H](O)CC[C@]4(C)[C@H]3CC[C@]12C)C(C)C,10894570
YXWWHNCQZBVZPV-UHFFFAOYSA-N,CC(=O)c1ccccc1C,11340
OXVFDZYQLGRLCD-UHFFFAOYSA-N,CC(O)c1ccc(CCOc2ccc(CC3SC(=O)NC3=O)cc2)nc1,4147757
QUKONIROJIAMOO-ZMNXUKPGSA-N,CC(/C=C/C1=C(CO)C(=O)CCC1(C)C)=C\C=C\C(C)=C\C(=O)O,131953112
HWSDLRGLVXYFFH-OXILWVMOSA-M,COC(=O)[C@@]12C(=O)C(C)=C([O-])[C@]1(C)C(C)=C[C@H]1[C@]3(C=O)CC[C@H](OC(C)=O)C(C)(C)[C@H]3CC[C@@]12C,135563724
METKIMKYRPQLGS-UHFFFAOYSA-N,CC(C)NCC(O)COc1ccc(CC(N)=O)cc1,2249
KAIVGEVOBNIWLR-QIBDZGQISA-N,CC(C)[C@@H](C)/C=C/[C@@H](C)[C@H]1CC[C@H]2C3=CC(=O)[C@@]4(O)C[C@@H](O)CC[C@]4(C)[C@H]3CC[C@]12C,15340727
DLOLMYKOOZLTPY-UHFFFAOYSA-N,O=C1c2c(cc(CO)c(O)c2O)C(=O)c2c(O)c(O)cc(O)c21,3084060
RQKFYFNZSHWXAW-UHFFFAOYSA-N,Cc1ccc(N)cc1Cl,7255
BVTBRVFYZUCAKH-UHFFFAOYSA-L,O=[Se]([O-])[O-].[Na+].[Na+],24934
KUWCMTFKTVOJID-UHFFFAOYSA-N,CCCCCCCCCCCCCCCCCCC(O)CO,3016117
RDJGLLICXDHJDY-UHFFFAOYSA-N,CC(C(=O)O)c1cccc(Oc2ccccc2)c1,3342
IDBPHNDTYPBSNI-UHFFFAOYSA-N,CCC(=O)N(c1ccccc1)C1(COC)CCN(CCn2nnn(CC)c2=O)CC1,51263
VRQMAABPASPXMW-HDICACEKSA-N,COc1cc(CCc2cc(NC(=O)c3ccc(N4C[C@@H](C)N[C@@H](C)C4)cc3)n[nH]2)cc(OC)c1,51039095
CRDZYJSQHCXHEG-SFVBTVKNSA-N,CC/C=C\C[C@H](O)\C=C/C=C/C=C/[C@H](O)C/C=C\C/C=C\CCC(=O)O,16042541
RGDAORVPVAQJHT-INIZCTEOSA-O,CC(C)CCCCCCCCCCCC(=O)[C@@H]([NH3+])CO,70678995
GOSWTRUMMSCNCW-BAJUWZQUSA-N,C/C(=C/CNc1ncnc2c1ncn2[C@@H]1O[C@H](CO)[C@@H](O)[C@H]1O)CO,13935024
OJGPEAXUHQRLNC-CEPLBNANSA-N,CC1=COC(O)[C@H]2[C@@H]1CC[C@@H]2C,11652906
PXOPDYTVWWQZEK-DPQCFBEESA-N,C1=C2/CCC(=N2)/C=C2/CC/C(=C/C3=NC(CC3)C3CCC/1=N3)N2,6438343
XRASPMIURGNCCH-UHFFFAOYSA-N,O=P(O)(O)C(O)(Cn1ccnc1)P(=O)(O)O,68740
VDIPNVCWMXZNFY-UHFFFAOYSA-N,CNCCC(=O)O,75891
WTOSNONTQZJEBC-UHFFFAOYSA-L,O=C1C(I)=CC2=C(c3ccccc3C(=O)[O-])C3C=C(I)C([O-])=C(I)C3OC2=C1I,91826586
IFASGTOWHLMHEZ-BHPKHCPMSA-N,C=C[C@@]1(C)C[C@H]2OC(=O)C(=C)[C@H]2C[C@@H]1C(=C)C,14038398
NBRBXGKOEOGLOI-UHFFFAOYSA-N,COc1c(-c2ccc3cc(NS(C)(=O)=O)ccc3c2)cc(-n2ccc(=O)[nH]c2=O)cc1C(C)(C)C,56640146
ZVQOOHYFBIDMTQ-UHFFFAOYSA-N,CC(c1ccc(C(F)(F)F)nc1)S(C)(=O)=NC#N,16723172
DXJZITDUDUPINW-WHFBIAKZSA-N,NC(=O)CC[C@H](N)C(=O)N[C@@H](CC(N)=O)C(=O)O,14767397
CSZRNWHGZPKNKY-REOHCLBHSA-K,C[C@H](OP(=O)([O-])[O-])C(=O)[O-],44229114
YGPSJZOEDVAXAB-MRVPVSSYSA-N,Nc1ccccc1C(=O)C[C@@H](N)C(=O)O,1152206
FJJYHTVHBVXEEQ-UHFFFAOYSA-N,CC(C)(C)C=O,12417
TWIVXCFEBRGEKY-UHFFFAOYSA-N,CCC(=O)Nc1ccc(N(Cc2ccsc2)C(=O)Cn2nnc3ccccc32)cc1,56932132
VSUOKLTVXQRUSG-ZFORQUDYSA-N,O=C(O)[C@H]1O[C@@H](Oc2cc(O)c3c(=O)cc(-c4ccc(O)c(O)c4)oc3c2)[C@H](O)[C@@H](O)[C@@H]1O,5280601
ALRLPDGCPYIVHP-UHFFFAOYSA-N,O=[N+]([O-])c1ccc2ccc3cccc4ccc1c2c34,21694
JXNPEDYJTDQORS-HZJYTTRNSA-N,CCCCC/C=C\C/C=C\CCCCCCCCO,5365682
HKMIVRINPALWDY-ZDUSSCGKSA-N,CC(C)(S)[C@@H](N=Cc1nc(Cc2ccccc2)oc1O)C(=O)O,135659033
OJGPEAXUHQRLNC-PEBGCTIMSA-N,CC1=CO[C@@H](O)[C@@H]2[C@H](C)CC[C@H]12,443334
DSOOGBGKEWZRIH-UHFFFAOYSA-N,CN(C)C1CSSC1,15402
PUAQLLVFLMYYJJ-UHFFFAOYSA-N,CC(N)C(=O)c1ccccc1,107786
XKQZIXVJVUPORE-RPDRRWSUSA-N,Nc1c(NC[C@H](O)[C@H](O)[C@H](O)CO)[nH]c(=O)[nH]c1=O,193516
MRWXACSTFXYYMV-FDDDBJFASA-N,OC[C@H]1O[C@@H](n2cnc3cncnc32)[C@H](O)[C@@H]1O,68368
IXVSXZQERGYQTA-UHFFFAOYSA-N,O=C(O)C(=O)c1cc(O)cc(O)c1,443765
XGRBHDJWRPUKMD-DQLDELGASA-N,COc1c(C(C)C)cc(O)c2c1CC[C@H]1[C@@]2(C)CCC(=O)[C@@]1(C)CO,159330
NTYJJOPFIAHURM-UHFFFAOYSA-N,NCCc1cnc[nH]1,774
NPNNCIRCAHVPAZ-UHFFFAOYSA-N,O.O.O.O.O.O.O.[Na+].[Na+].[O]=[Mo](=[O])([O-])[O-],91826558
JYOOEVFJWLBLKF-HOTGVXAUSA-N,CCN(CC)C[C@@H](O)CNc1ccc(NC[C@H]2CO2)c2c1C(=O)c1ccccc1C2=O,91826545
UEQUQVLFIPOEMF-UHFFFAOYSA-N,CN1CCN2c3ccccc3Cc3ccccc3C2C1,4184
ILGFBUGLBSAQQB-GUBZILKMSA-N,NC(N)=NCCC[C@H](NC(=O)[C@H](CCC(=O)O)NC(=O)[C@@H](N)CCC(=O)O)C(=O)O,138911107
DMASLKHVQRHNES-FKKUPVFPSA-N,CC1=C(/C=C/C(C)=C/C=C/C(C)=C/C=C/C=C(C)/C=C/C=C(C)/C=C/C2=C(C)C[C@@H](O)CC2(C)C)C(C)(C)CCC1,5281235
DHCLVCXQIBBOPH-UHFFFAOYSA-N,O=P(O)(O)OC(CO)CO,2526
LKOVPWSSZFDYPG-WUKNDPDISA-N,CCCCCCCCCCCCCCC/C=C/C(=O)O,5282750
MQWPWZMHPWXSGL-ZETCQYMHSA-N,CCCC(=O)C1=C(O)[C@H](CC(=O)OC)OC1=O,122391261
AFDSETGKYZMEEA-HZJYTTRNSA-N,CCCCC/C=C\C/C=C\CCCCCCC(O)C(=O)O,21158511
MNKGOUOMGDXWPK-YDDLGYPNSA-N,COC(C)(C)C(=O)/C=C/C(C)=C/C=C/C(C)=C/C=C/C(C)=C/C=C/C=C(C)/C=C/C=C(C)/C=C/C=C(C)/C=C/C(=O)C(C)(C)OC,5366509
AYLOUUCBACYHAB-UHFFFAOYSA-N,O=C(O)CNS(=O)(=O)C(F)(F)C(F)(F)C(F)(F)C(F)(F)C(F)(F)C(F)(F)C(F)(F)C(F)(F)F,10507011
NGSGHHXJBXTNFJ-IBGZPJMESA-N,COc1c(O)cc([C@@H]2CC(=O)c3ccc(O)cc3O2)cc1CC=C(C)C,11382659
YQKYLDVPCOGIRB-SEKJGCFDSA-N,CC(C)C[C@H](NC(=O)[C@@H](N)CC(=O)O)C(=O)N[C@H](C(=O)N[C@@H](CC(=O)O)C(=O)O)[C@@H](C)O,71464627
RRCFLRBBBFZLSB-XIFYLAFSSA-N,Nc1nc2c(c(CN[C@@H]3[C@@H](O)[C@@H](O)[C@@H]4O[C@H]34)cn2[C@@H]2O[C@H](CO)[C@@H](O)[C@H]2O)c(=O)[nH]1,136093826
IWHSKYHCPUDDMY-UHFFFAOYSA-M,CCN1\C(=C/C=C/C=C\C2=[N+](CC)c3ccccc3C2(C)C)C(C)(C)c2ccccc21.[I-],25241487
MYPFOICOYSUJOZ-UHFFFAOYSA-N,CCC1=C(c2ccc(OC(C)=O)cc2)C(C)(C)Oc2cc(OC(C)=O)ccc21,256418
KKCIOUWDFWQUBT-UHFFFAOYSA-N,NC(Cc1ccc(Oc2ccc(O)cc2)cc1)C(=O)O,102544
PFOLLRNADZZWEX-FFGRCDKISA-N,CCOC(=O)OC(C)OC(=O)[C@@H]1N2C(=O)[C@@H](NC(=O)[C@H](N)c3ccccc3)[C@H]2SC1(C)C,441397
QWLUKZXOQAQUFQ-NAOWAUKJSA-K,O=C(O)/C=C(\C=C(/[O-])C(=O)[O-])C(=O)[O-],54734239
GQQORDYSENBKGT-VIMOMQNVSA-N,C[C@@H]1O[C@@H](OCCCCCCCCCCCCCCCCC[C@@H](O)CC(=O)O)[C@H](O)C[C@H]1O,86289856
ARLIVUJSSKFVPL-JPYLPOILSA-N,CC(=O)N[C@H]1[C@@H](O[C@H]2[C@H](O)[C@@H](O)[C@H](N)C[C@@H]2N)O[C@H](CO)[C@@H](O)[C@@H]1O,46173948
PROQIPRRNZUXQM-ZXXIGWHRSA-N,C[C@]12CC[C@@H]3c4ccc(O)cc4CC[C@H]3[C@@H]1C[C@@H](O)[C@@H]2O,5756
NBTGEURICRTMGL-WHFBIAKZSA-N,C[C@H](N)C(=O)NCC(=O)N[C@@H](CO)C(=O)O,135103
YQEZLKZALYSWHR-ZDUSSCGKSA-N,CN[C@]1(c2ccccc2Cl)CCCCC1=O,182137
PDACUKOKVHBVHJ-ZRTZXPPTSA-M,Nc1c[nH]c[n+]1C1O[C@H](COP(=O)([O-])[O-])[C@@H](O)[C@H]1O,45266696
ZMOZJTDOTOZVRT-DODNOZFWSA-N,CC(=O)OC[C@H]1O[C@@H](Oc2ccc3c(=O)c(-c4ccc(O)cc4)coc3c2)[C@H](O)[C@@H](O)[C@@H]1O,156155
IMYZYCNQZDBZBQ-UHFFFAOYSA-N,CCCCCCCCC1OC1CCCCCCCC(=O)O,15868
YDNXWVVNIGDJSR-UHFFFAOYSA-O,O=C(O)C(O)C(C[P+](=O)O)C(=O)O,119058140
RYAGSZIYMKBMMC-UHFFFAOYSA-M,[O]=[Sb]([O-])([O-])[OH],11966274
WLNOCCJMGSEDAT-XDIGFQIYSA-L,CCCCCCC[C@H](C)CCC[C@H](C)CCC[C@H](C)CCC[C@H](C)CCC[C@H](C)CCCOP(=O)([O-])[O-],131801226
PHWAJJWKNLWZGJ-UHFFFAOYSA-L,O=C([O-])c1cc(Br)c([O-])c(Br)c1,25203302
SQTHUUHOUPJYLK-BSQWINAVSA-N,NC[C@@H]1O[C@H](O)[C@H](N)[C@@H](O)[C@@H]1O,447806
AFWOWWKSKVECMQ-UHFFFAOYSA-N,CC(C)c1cc2ccc3c(c2cc1O)C(=O)CCC3(C)C,50900601
XHCADAYNFIFUHF-TVKJYDDYSA-N,O=c1ccc2cc(O[C@@H]3O[C@H](CO)[C@@H](O)[C@H](O)[C@H]3O)c(O)cc2o1,5281417
YIJSCBWJYZFUTI-SEWDUDBHSA-N,OC[C@@H](O)[C@H]1O[C@H](OC[C@H]2O[C@@H](O)[C@H](O)[C@@H](O)[C@@H]2O)[C@@H](O)[C@@H](O)[C@@H]1O,49792020
DYLDNPYVDMQCFR-UHFFFAOYSA-N,CN(C)C1CSSSC1.Cl,13059873
UZOVYGYOLBIAJR-UHFFFAOYSA-N,Cc1ccc(Cc2ccc(N=C=O)cc2)cc1,22094277
DBNMXBPBTSCRMV-DHRLHYKWSA-N,CC(C)=CCC/C(C)=C/C=C/C(C)=C/C=C/C(C)=C/C=C/C=C(C)/C=C/C=C(C)/C=C/C=C(\C)CC[C@H](CC=C(C)C)C(C)(C)O,129900393
GPXZOHHIWJNYTJ-FOBNYNKYSA-N,CCCCCCCC/C=C\CCCCCCCC(=O)OC[C@@H](COC(=O)CCCCCCCCCCCCC)OC(=O)CCCCCCCCCCCCCCC,56938015
WBKLUOHQBQPPBN-SCHMGOCJSA-N,CCCCCCCC/C=C\CCCCCCCC(=O)O[C@H](CO/C=C\CCCCCCCCCCCCCCCC)COP(=O)(O)OC[C@H](N)C(=O)O,52926273
FOHXFLPXBUAOJM-LIBJPBHASA-M,O=c1c(O[C@@H]2O[C@H](CO)[C@@H](O)[C@H](O)[C@H]2O)c(-c2cc(O)c([O-])c(O)c2)oc2cc(O)cc(O)c12,138911134
YDNKGFDKKRUKPY-TURZORIXSA-N,CCCCCCCCCCCCC/C=C/[C@@H](O)[C@H](CO)NC(=O)CCCCCCCCCCCCCCC,5283564
KRXDKQWKJIZPMU-DSJMHWKBSA-M,C[C@@H]1O[C@@H](OCCCCCCCCCC(=O)[O-])[C@H](O)C[C@H]1O,132282135
BVMZQOLNAJZMBO-UHFFFAOYSA-N,CC(=O)OC1(C)C(=O)C=C2C=C(CC(C)O)OC=C2C1=O,122198274
BTLDPXVDOAPOIR-HWKANZROSA-N,COC(=O)COC(=O)/C=C/c1ccc(O)c(O)c1,23659586
PQBCYTBVNFCCOI-JLNKQSITSA-N,CC/C=C\C/C=C\C/C=C\C/C=C\C/C=C\CCCCCCCCCCCCCCCC(=O)O,52921810
UYOJPIPBTQKANX-UHFFFAOYSA-N,C=C(C(=O)O)C(CCCCCC(=O)OC)C(=O)OC,23652017
IMNFDUFMRHMDMM-UHFFFAOYSA-N,CCCCCCC,8900
WEEOYKXHMIPYQX-UHFFFAOYSA-N,O=C(O)CC1(S(=O)(=O)O)C=CC(=O)O1,9543220
YWWVWXASSLXJHU-WAYWQWQTSA-M,CCCC/C=C\CCCCCCCC(=O)[O-],5461014
AXKVUJMUBAXXKG-LJQANCHMSA-L,CCCCCCCCCCCCCCCCC(=O)OC[C@@H](O)COP(=O)([O-])[O-],71627210
UFSKUSARDNFIRC-UHFFFAOYSA-N,Cc1ccc(NC(=O)C2(c3ccc4c(c3)OC(F)(F)O4)CC2)nc1-c1cccc(C(=O)O)c1,16678941
UYMYPMGPARAZNU-UHFFFAOYSA-N,CN1Cc2c3c(cc(O)c2-c2ccc4cc5c(cc4c21)OCO5)OCO3,440596
BIIVYFLTOXDAOV-YVEFUNNKSA-N,CN1CC[C@H](c2c(O)cc(O)c3c(=O)cc(-c4ccccc4Cl)oc23)[C@H](O)C1,5287969
LSAQVYAXNBXMMR-UHFFFAOYSA-N,O=CCOP(=O)(O)O,448696
SYMHUEFSSMBHJA-UHFFFAOYSA-N,Cc1ncnc2nc[nH]c12,5287547
JFCQEDHGNNZCLN-UHFFFAOYSA-L,O=C([O-])CCCC(=O)[O-],4418048
XPVIVVLLLOFBRH-XIRDDKMYSA-N,NCCCC[C@H](NC(=O)[C@H](Cc1c[nH]c2ccccc12)NC(=O)[C@@H](N)CO)C(=O)O,139036279
PESKGJQREUXSRR-UXIWKSIVSA-N,CC(C)CCC[C@@H](C)[C@H]1CC[C@H]2[C@@H]3CC[C@H]4CC(=O)CC[C@]4(C)[C@H]3CC[C@]12C,92128
BLYVBOMCZVHBIS-UHFFFAOYSA-L,N.N.N.N.N.N.NCCCCCCN.NCCCCCCN.[Cl][Pt+].[Cl][Pt+].[Pt+2],91825661
BRYCUMKDWMEGMK-SCSAIBSYSA-N,NC(=O)[C@H]1CNCCN1,7006530
UCDAVJCKGYOYNI-UHFFFAOYSA-N,CC(C)CCCCCCCCCCCCCCCCC(=O)O,4383090
XHHOHZPNYFQJKL-QWRGUYRKSA-N,N[C@@H](CCC(=O)N[C@@H](Cc1ccccc1)C(=O)O)C(=O)O,111299
KZBAXKKOXPLOBX-UHFFFAOYSA-N,COc1ccc(-c2oc3cc(OC)cc(O)c3c(=O)c2O)cc1,5378823
XATLIUSBVCYONE-UHFFFAOYSA-N,CCN=C1C=CC(=C(c2ccc(NCC)cc2)c2ccc(NCC)cc2)C=C1C,458937
LEYQHWFGXVSUKC-DWAHFOFBSA-N,COC(=O)CCCCCO[C@H]1O[C@H](C)[C@@H](NC=O)[C@H](O[C@H]2O[C@H](C)[C@@H](NC=O)[C@H](O)[C@@H]2OC)[C@@H]1O,129011050
SRKAMEOZEBOPRP-GDVQGPIFSA-N,CC/C=C\CC(/C=C/C=C\C/C=C\C=C\C(CCCCCC(=O)O)OO)OO,132472310
HAEOSTPXSODLJY-UHFFFAOYSA-N,O=P(OCCC(F)(F)C(F)(F)C(F)(F)C(F)(F)C(F)(F)C(F)(F)C(F)(F)C(F)(F)F)(N1CCOCC1)N1CCOCC1,3077214
RNCMBSSLYOAVRT-UHFFFAOYSA-N,CC(C)CCCCCCOC(=O)c1ccccc1C(=O)O,110394
GHRBCDHNYSUFRN-UHFFFAOYSA-N,CC(O)C1=Nc2c(nc(N)[nH]c2=O)NC1C,135886616
SDADNVAZGVDAIM-NNPWBXLPSA-L,O=P([O-])([O-])OC[C@@H](O)[C@H]1OC(O)[C@@H](O)[C@@H](O)[C@@H]1O,46878526
ABDVMXLJKAKVKI-YFFVWHPVSA-N,CCCCCC/C=C\CCCCCCCC(=O)O[C@H](COC(=O)CCCCCCC/C=C\CCCCCCCC)COP(=O)(O)O,52929473
DVXMEPWDARXHCX-OTMQOFQLSA-N,CCCCCCCC/C=C\CCCCCCCC(=O)OC[C@H](COP(=O)([O-])OCC[NH3+])OC(=O)CCCCCCCCCCCCCCC,86289653
UHEPJGULSIKKTP-UHFFFAOYSA-N,CC(=O)CCC=C(C)C,9862
SQGZFRITSMYKRH-QAGGRKNESA-N,C[C@]12CCC(=O)CC1=CC[C@@H]1[C@@H]2CC[C@]2(C)C(=O)CC[C@@H]12,160531
QCYCUBSBNNSHPN-UAELIUPZSA-N,Cc1cn([C@@H]2O[C@H](COP(=O)(O)OP(=O)(O)O[C@H]3O[C@H](C)CC(=O)[C@H]3O)[C@@H](O)[C@H]2O)c(=O)[nH]c1=O,91826553
IMUGYKFHMJLTOU-WVZVXSGGSA-M,O=C[C@@H](O)[C@@H](O)CC(=O)C(=O)[O-],21145092
ZUPSABSQBFCIOU-JSHOUVFRSA-N,CO[C@@H]1O[C@H](CO)[C@H](O)[C@H](O)[C@H]1O[C@@H]1O[C@@H](C)[C@H](O)[C@@H](O)[C@H]1O,125299
MWEQHAGXLGTSKL-OPCQMSRDSA-N,CC(=O)O[C@H]1[C@H](Oc2c(-c3ccc(O)cc3)oc3cc(O)cc(O)c3c2=O)O[C@H](CO)[C@@H](O)[C@@H]1O,52952531
OQILCOQZDHPEAZ-UHFFFAOYSA-N,CCCCCCCCCCCCCCCC(=O)OCCCCCCCC,85651
BWKILASWCLJPBO-LJQANCHMSA-N,CCCCCCCCCCCC(=O)OC[C@@H](O)COP(=O)([O-])OCC[N+](C)(C)C,460605
LLCSXHMJULHSJN-UHFFFAOYSA-M,O=P([O-])(OCC(O)CO)OCC(O)CO,25202983
HICYDYJTCDBHMZ-UHFFFAOYSA-N,CC1=CCC2C3C1C2(C)CCCC3(C)C,520957
BPTIBZRRAXNWLZ-UHFFFAOYSA-N,COC1=C(O)C(=O)c2oc(=O)ccc2C1=O,135857564
CWHUFRVAEUJCEF-UHFFFAOYSA-N,Nc1cc(C(F)(F)F)c(-c2cc(N3CCOCC3)nc(N3CCOCC3)n2)cn1,16654980
VGMTVMSJTCIQMF-AJIIGFCHSA-N,COc1ccc(S(=O)(=O)N(CC(C)C)C[C@@H](O)[C@H](Cc2ccc(OCP(=O)(O)O)cc2)NC(=O)O[C@H]2CO[C@H]3OCC[C@H]32)cc1,12004090
QXMHHXQBBKDSSL-BAQZNRHJSA-N,CCCCCCCC/C=C\CCCCCCCCCC(=O)OC[C@@H](COC(=O)CCCCCCC/C=C\CCCCCCCC)OC(=O)CCCCCCC/C=C\CCCCCCCC,9544447
VDABVNMGKGUPEY-UHFFFAOYSA-N,O=C(ON1C(=O)CCC1=O)c1ccc2c(c1)C1(OC2=O)c2ccc(O)cc2Oc2cc(O)ccc21,2762614
PZJOIILIPTVGFU-UWTATZPHSA-K,O=C([O-])[C@H]1COP(=O)([O-])OP(=O)([O-])O1,86289749
JKPUWSZSJINVLB-OSKNXYPTSA-N,CC/C=C\C[C@H](O)/C=C/C=C\C/C=C\C/C=C\C=C\[C@@H](O)CCC(=O)O,25073193
TXBORCBWDUAHAC-AIQOQHTRSA-N,C=CC(C)(O)CC[C@@]1(C)[C@@H]2CCCC(C)(C)C2=CC[C@@H]1C,46224604
LZKPPSAEINBHRP-KORIGIIASA-N,CC(C)CCCCCCCCC/C=C/[C@@H](O)[C@@H](N)CO,42608345
MEIRRNXMZYDVDW-MQQKCMAXSA-N,C/C=C/C=C/CO,641256
USFJGINJGUIFSY-XZULNKEGSA-N,CC(C=O)CCC[C@@H](C)[C@H]1CC[C@H]2[C@@H]3[C@H](O)C[C@@H]4C[C@H](O)CC[C@]4(C)[C@H]3C[C@H](O)[C@]12C,439479
YCYFTLOJTFQQOD-FZFXUSNISA-N,COC(C)(C)C(O)(O)/C=C/C(C)=C/C=C/C(C)=C/C=C/C(C)=C/C=C/C=C(C)/C=C/C=C(\C)CC/C=C(\C)CCC=C(C)C,90658838
VXTDUGOBAOLMED-HDFJDURCSA-N,C/C=C1/CN2[C@@H]3Cc4c([nH]c5ccccc45)[C@@H]2C[C@@H]1[C@H]3CO,24820754
NWKXNIPBVLQYAB-VDQVFBMKSA-N,COC(=O)/C=C(\C)CC/C=C(\C)CCC=C(C)C,5275508
QYNUQALWYRSVHF-ABLWVSNPSA-L,Nc1nc2c(c(=O)[nH]1)N1CN(c3ccc(C(=O)N[C@@H](CCC(=O)[O-])C(=O)[O-])cc3)CC1CN2,135510647
YZBQHRLRFGPBSL-RXMQYKEDSA-N,O=C1C[C@H]2CC=CN12,13293131
DCHJOVNPPSBWHK-UXXUFHFZSA-N,CN[C@@H]1[C@H](O)[C@H](NC)[C@H]2O[C@@]3(O)C(=O)C[C@@H](C)O[C@H]3O[C@@H]2[C@H]1O.Cl.Cl.O.O.O.O.O,30971
YYBNSQASHCKPHX-DWVDDHQFSA-N,C[C@@H](O)[C@H](N)C(=O)OP(=O)(O)OC[C@H]1O[C@@H](n2cnc3c(N)ncnc32)[C@H](O)[C@@H]1O,54533348
JOGKUKXHTYWRGZ-UHFFFAOYSA-N,Cn1c(=O)n(-c2ccc(C(C)(C)C#N)cc2)c2c3cc(-c4cnc5ccccc5c4)ccc3ncc21,11977753
WOAILDKFDXKSIY-OMKDVXPQSA-N,C[C@H]1C=C[C@@]2(C)CCCC[C@]2(C)[C@H]1C(=O)[C@@H]1C(=O)N2CC[C@H]3C(=O)O[C@@H]1[C@]32O,70678762
FUQAYSQLAOJBBC-MXYBEHONSA-N,CC1(C)C[C@@H]2[C@@H]1CC[C@@]1(C)CCC[C@]2(O)C1,56927726
JBNUARFQOCGDRK-GBXIJSLDSA-N,N[C@H](C(=O)O)[C@H](O)CO,193577
DWQKCOMHZOVRQI-VPENINKCSA-N,O=c1[nH]c(=O)n([C@H]2C[C@H](O)[C@@H](COP(=O)(O)O)O2)c(O)c1O,121225518
ODADKLYLWWCHNB-LDYBVBFYSA-N,CC(C)=CCC/C(C)=C/CC/C(C)=C/CC[C@]1(C)CCc2cc(O)cc(C)c2O1,5282350
XCOQKBFJVUFNGL-UHFFFAOYSA-N,CC1(C)CC(c2ccc(OCCCCCC(=O)O)cc2)CO1,70698391
SWXVUIWOUIDPGS-UHFFFAOYSA-N,CC(=O)CC(C)(C)O,31256
IJOJIVNDFQSGAB-SQOUGZDYSA-N,O=C1O[C@H](COP(=O)(O)O)[C@@H](O)[C@H](O)[C@H]1O,439452
XUJLWPFSUCHPQL-UHFFFAOYSA-N,CC(C)CCCCCCCCCCO,33865
ZZDYNTYJHKJVHN-QJEXQQAGSA-L,CCCCCCCC/C=C\CCCCCCCC(=O)O[C@H](COCCCCCCCCCCCCCCCC)COP(=O)([O-])[O-],86289156
PLDCWKCPEXNWJH-ZETCQYMHSA-N,NCCCC[C@H](NC(=O)CCN)C(=O)[O-].[H+],138453917
BUGQHORRADGONS-UHFFFAOYSA-N,O=C(Cc1c[nH]c2ccccc12)NC(Cc1ccccc1)C(=O)O,4255608
RVCNGLBZLLWEIQ-UHFFFAOYSA-N,NC1C(=O)C=CC=C1C(=O)O,49852353
DNVLJEWNNDHELH-UHFFFAOYSA-N,CN(C)C1CSSSC1,35970
VUNQJPPPTJIREN-CMAXTTDKSA-N,CC(C)=CCC/C(C)=C/CC/C(C)=C/CC/C(C)=C/CC/C(C)=C/CC/C(C)=C/CC/C(C)=C/CC/C(C)=C/Cc1ccccc1O,5280832
NUFXPJOTSOMKFZ-HQJQHLMTSA-M,C[C@H](c1c[nH]c2ccccc12)[C@H](O)C(=O)[O-],42578501
FOYCPAILIPEVBT-HJQYOEGKSA-N,CN(C)CCOP(=O)(O)OP(=O)(O)OC[C@H]1O[C@@H](n2ccc(N)nc2=O)[C@H](O)[C@@H]1O,14152391
RGFBRLNVZCCMSV-BIRGHMBHSA-N,CCO/N=C(\C(=O)N[C@@H]1C(=O)N2C(C(=O)[O-])=C(Sc3nc(-c4cc[n+](C)cc4)cs3)CS[C@H]12)c1nsc(N)n1,9938701
NUGRQNBDTZWXTP-UHFFFAOYSA-N,O=c1c(-c2ccc(O)cc2)coc2cc3c(c(O)c12)OCO3,5281779
KZDRPIVEHVRWMC-UHFFFAOYSA-N,C=CCn1c(=O)c(C(=O)Nc2nccs2)c(O)c2ccccc21,54685651
RHKKZBWRNHGJEZ-ARQDHWQXSA-N,O=P(O)(O)OC[C@@]1(O)O[C@H](CO)[C@@H](O)[C@@H]1O,10400369
CRBJBYGJVIBWIY-UHFFFAOYSA-N,CC(C)c1ccccc1O,6943
BXHPMUQFGGSDAK-TYAUOURKSA-N,CCCCC/C=C\C/C=C\CC1OC1C/C=C\CCCC(=O)NCCO,16061182
QZFHIXARHDBPBY-UHFFFAOYSA-N,COC(=O)Nc1c(N)nc(-c2nn(Cc3ccccc3F)c3ncc(F)cc23)nc1N,54674461
GYBNOAFGEKAZTA-QOLULZROSA-N,CC(C)=CCC/C(C)=C/CC/C(C)=C/CC/C(C)=C\CCC(C)CCOP(=O)(O)O,24892715
LSBDFXRDZJMBSC-UHFFFAOYSA-N,NC(=O)Cc1ccccc1,7680
KQGAHNAFXMVSGY-LLVKDONJSA-M,C[C@@H](O)CCCCCCCCCC(=O)[O-],86289577
HGHJYCKSBMCGRK-UHFFFAOYSA-O,Cc1cc2cc3cc(C)c(N)cc3nc2cc1N.[H+],44140561
ORXQGKIUCDPEAJ-YRNVUSSQSA-M,COc1cc(O)c(CC=C(C)C)c([O-])c1C(=O)/C=C/c1ccc(O)cc1,25245735
HTUBKQUPEREOGA-UHFFFAOYSA-N,C=CC(=O)Nc1ccc2ncnc(Nc3cccc(Br)c3)c2c1,4708
IQFWYNFDWRYSRA-BLELIYKESA-N,[NH3+][C@@H](CCSC[C@H]1OC(O)[C@H](O)[C@@H]1O)C(=O)[O-],49792010
MNWFXJYAOYHMED-UHFFFAOYSA-M,CCCCCCC(=O)[O-],93052
BVQVLAIMHVDZEL-UHFFFAOYSA-N,CC(=O)C(=O)c1ccccc1,11363
ZCDOYSPFYFSLEW-UHFFFAOYSA-N,[O]=[Cr](=[O])([O-])[O-],24461
IWXJGKGAPXGSCN-GCUSXLOISA-N,CC(C)[C@@H](O)CC[C@@H](C)[C@H]1CC[C@H]2[C@@H]3CC=C4[C@@H](O)[C@@H](O)CC[C@]4(C)[C@H]3CC[C@]12C,91825743
CAAULPUQFIIOTL-UHFFFAOYSA-L,COP(=O)([O-])[O-],12691389
DZKIUEHLEXLYKM-UHFFFAOYSA-N,Oc1cc2ccccc2c2ccccc12,10229
OFZCIYFFPZCNJE-UHFFFAOYSA-N,CCCC(C)(COC(N)=O)COC(=O)NC(C)C,2576
QQUFCXFFOZDXLA-VYOQERLCSA-N,CCCCC/C=C\C/C=C\C=C\[C@H](C/C=C\CCCC(=O)O)OO,9548880
HQAZKQIPCWKWFM-UHFFFAOYSA-N,CCCCCCCCCCCCCCCCCCCCCCCCCCCCC(O)CO,19770548
PKWIYNIDEDLDCJ-UHFFFAOYSA-N,Nc1n[nH]c(N)n1,15078
PYVRVRFVLRNJLY-MZMPXXGTSA-N,CCCCCCCC/C=C\CCCCCCCC(=O)OC[C@@H](O)COP(=O)([O-])OCC[NH3+],58177709
NLLRTVRDMOKHDF-BKSOJIHSSA-N,COc1cc(\C=C/C(C)=C/C(C)=C/c2ccccc2)oc(=O)c1,53493850
AGZMFTKKLPHOMT-DUJTVWLASA-O,C/C=C1/C[NH+]2CC[C@]34C(=C(C(=O)OC)[C@H]1C[C@H]23)Nc1ccccc14,135398013
HEZNVIYQEUHLNI-UHFFFAOYSA-N,CCSCc1ccccc1OC(=O)NC,34766
XQIOPWXEFQXMSF-UHFFFAOYSA-N,CC1=CCC(C2=CCC(CO)CC2)C1(C)C,24771797
PBYNMDCXAUWQCG-UHFFFAOYSA-N,CCCCCCCCCCCCCCCCCCCCCCCCC(C(=O)O)C(O)CCCCCCCCCCCCCCCC1CC1CCCCCCCCCCCCCCC1CC1CCCCCCCCCCCCCCCCCC,45266794
OPLVZTYVQUWKHB-SDBHATRESA-J,CC(C)=CCNc1ncnc2c1ncn2[C@@H]1O[C@H](COP(=O)([O-])OP(=O)([O-])OP(=O)([O-])[O-])[C@@H](O)[C@H]1O,71464514
XKFNOBGOFBCSSQ-UHFFFAOYSA-N,Cc1ccc(S(=O)(=O)Nc2ccccc2-c2nc3ccccc3o2)cc1,1376691
WFZFXUZFKAOTRR-UHFFFAOYSA-N,CC(C)=CCCC(C)CO,240230
PVVDIABOQGQVCB-UHFFFAOYSA-N,O=C(O)CNC(=O)CNC(=O)CCNC(=O)Cc1cc(I)c(O)c([N+](=O)[O-])c1,45266778
OCAPBUJLXMYKEJ-UHFFFAOYSA-N,c1ccc(-c2ccc(C(c3ccccc3)n3ccnc3)cc2)cc1,2378
XQZXYNRDCRIARQ-LURJTMIESA-N,C[C@H](O)C(=O)Nc1c(I)c(C(=O)NC(CO)CO)c(I)c(C(=O)NC(CO)CO)c1I,65492
QMSGNLMBWFRALO-UHFFFAOYSA-N,O=c1c(-c2ccc(Cl)cc2Cl)coc2cc(O)ccc12,5397220
FFTVPQUHLQBXQZ-KVUCHLLUSA-M,CN(C)c1ccc(O)c2c1C[C@H]1C[C@H]3[C@H]([NH+](C)C)C(=O)C(C(N)=O)=C([O-])[C@@]3(O)C(=O)C1=C2[O-],26275995
BDNWJTRKUBXAGH-HJHSNUOESA-N,O=C(O[C@@H]1O[C@H](C(=O)O)[C@@H](O)[C@H](O)[C@H]1O)c1c[nH]c2ccccc12,118701012
JTWNWNJMNSJYDL-UHFFFAOYSA-M,Cc1ncc(C=O)c(C(=O)O)c1[O-],54690916
WWUZIQQURGPMPG-KRWOKUGFSA-N,CCCCCCCCCCCCC/C=C/[C@@H](O)[C@@H](N)CO,5280335
UFMHYBVQZSPWSS-VQTJNVASSA-N,CCCCCCCCCCCCCCCCC[C@@H](O)[C@@H](N)CO,11616885
VAOXSMUPPRUEKF-VFHMDEBLSA-O,CC[C@H]1[C@@H]2C[C@H]3[C@@H]4Nc5ccccc5[C@]45C[C@@H](C2[C@H]5OC(C)=O)[NH+]3[C@@H]1O,86289343
XHMJOUIAFHJHBW-IVMDWMLBSA-M,[NH3+][C@H]1C(O)O[C@H](COP(=O)([O-])[O-])[C@@H](O)[C@@H]1O,45266742
AERBNCYCJBRYDG-RCCFBDPRSA-N,CCCCCCCCCCCCCC[C@@H](O)[C@H](O)[C@@H](N)CO,11099168
AURFZBICLPNKBZ-SYBPFIFISA-N,CC(=O)[C@H]1CC[C@H]2[C@@H]3CC[C@H]4C[C@H](O)CC[C@]4(C)[C@H]3CC[C@]12C,92786
KJUGUADJHNHALS-UHFFFAOYSA-N,c1nn[nH]n1,67519
JHPNVNIEXXLNTR-UHFFFAOYSA-N,C[N+](C)(C)CCCC(=O)[O-],725
DVUFPRMEKXKECP-UHFFFAOYSA-N,COc1ccc(C(O)CNC(C)CCc2ccc([N+](=O)[O-])cc2)cc1,71751093
SJZRECIVHVDYJC-UHFFFAOYSA-N,O=C(O)CCCO,10413
USIUVYZYUHIAEV-UHFFFAOYSA-N,c1ccc(Oc2ccccc2)cc1,7583
JYTUSYBCFIZPBE-AMTLMPIISA-N,O=C(O)[C@H](O)[C@@H](O)[C@H](O[C@@H]1O[C@H](CO)[C@H](O)[C@H](O)[C@H]1O)[C@H](O)CO,7314
HKIBRYCZLMJRFT-ZMHPAJMFSA-N,CSCCCCCC(=NO)S[C@@H]1O[C@H](CO)[C@@H](O)[C@H](O)[C@H]1O,134160264
WVULKSPCQVQLCU-BUXLTGKBSA-N,C[C@H](CCC(=O)NCC(=O)O)[C@H]1CC[C@H]2[C@@H]3CC[C@@H]4C[C@H](O)CC[C@]4(C)[C@H]3C[C@H](O)[C@]12C,3035026
RYAKCZURVOCRAI-JZTOSSBESA-N,CC/C=C\C/C=C\[C@@H](/C=C\CCCCCCCC(=O)O)OO,122391290
SSDSANQMNUWVJR-GQPBWUKJSA-K,C[C@H](OP(=O)([O-])OC[C@@H](O)[C@@H](O)[C@@H](O)Cn1c2cc(=O)ccc-2cc2c(=O)[nH]c([O-])nc21)C(=O)[O-],46878489
DJDSLBVSSOQSLW-UHFFFAOYSA-N,CCCCC(CC)COC(=O)c1ccccc1C(=O)O,20393
VEDWXCWBMDQNCV-SCFUHWHPSA-M,O=C([O-])c1cccc(C(=O)CC[C@H]2O[C@@H](n3cnc4c(=O)[nH]cnc43)[C@H](O)[C@@H]2O)c1,135926564
QYPPJABKJHAVHS-UHFFFAOYSA-N,NCCCCN=C(N)N,199
CUZMOIXUFHOLLN-UMVVUDSKSA-N,Cc1ccc(/C(=C\CN2CCCC2)c2ccccn2)cc1.Cl.O,5284472
GFNNBHLJANVSQV-UHFFFAOYSA-N,COc1cc2ncnc(Nc3cccc(Cl)c3)c2cc1OC,2051
CJXAEXPPLWQRFR-UHFFFAOYSA-N,Clc1ccc(Cn2c(CN3CCCC3)nc3ccccc32)cc1,2782
ULPVJDOMCRTJSN-RVXWVPLUSA-N,Nc1ncnc2c1ncn2[C@@H]1O[C@H](COP(=O)(O)OC(=O)c2cccc(O)c2O)[C@@H](O)[C@H]1O,440201
ZGVGTPFSVCXVNJ-UHFFFAOYSA-N,CCCCCCCCCCCCCCCCCC(=O)OCC(COC(=O)CCCCCCCCCCCCCCCCC)OC(=O)CCCCCCCCCCCCCCC,545567
RQIDQEBURXNDKG-KTKRTIGZSA-M,CCCCCCCC/C=C\CCCCCCCCCCCCCCCC(=O)[O-],86289176
ZQEIXNIJLIKNTD-UHFFFAOYSA-N,COCC(=O)N(c1c(C)cccc1C)C(C)C(=O)OC,42586
VNDJCGMKSHKEIZ-JENRNSKYSA-N,O=C(O)[C@H]1O[C@@H](Oc2cc(O)c3c(=O)c(O)c(-c4cc(O)c(O)c(O)c4)oc3c2)[C@H](O)[C@@H](O)[C@@H]1O,72551434
HYBRYAPKQCZIAE-UHFFFAOYSA-N,COc1ccc2c(c1OC)CN(C)CCc1cc3c(cc1C(=O)C2)OCO3,98570
BAUYGSIQEAFULO-UHFFFAOYSA-L,O=S(=O)([O-])[O-].[Fe+2],24393
RVBUGGBMJDPOST-UHFFFAOYSA-N,O=C1CC(=O)NC(=S)N1,2723628
IDUGRYTYJSUQEL-VXRWAFEHSA-N,CC(CCC[C@H]1C(=O)CC[C@@H]1CC(=O)O)OS(=O)(=O)O,121232651
DCDHSOINTWUWCZ-KNHCDGMMSA-N,O=P(O)(O[C@@H]1[C@@H](O)[C@H](O)[C@@H](CO)O[C@@H]1O)O[C@H]1C(O)O[C@H](CO)[C@@H](O)[C@@H]1O,86289958
JRJPVFOFQVUVLG-UHFFFAOYSA-N,CCCCCCCCCC(=O)OCC(C)CC,3017826
NMJORVOYSJLJGU-UHFFFAOYSA-N,C.C.C.C.O.O.O.O.O.O.O.O.O.O.O.O.O.O.O.O.O.O.O.O.O.O.O,85782665
RRHGJUQNOFWUDK-UHFFFAOYSA-N,C=CC(=C)C,6557
XETIGMNRSOUDLK-USDBNLMRSA-N,NC1(Cc2ccc(O)cc2)C(=O)NC(=O)NC1=NC[C@H](O)[C@H](O)[C@H](O)CO,136662823
KNFZHRYXLWKRSU-XWXLMPLOSA-N,C=CC(C)(C)[C@]1(C[C@@H]2NC(=O)[C@@H]3CCCN3C2=O)C(=O)Nc2c1ccc1c2C=CC(C)(C)O1,25163938
WYTGDNHDOZPMIW-RCBQFDQVSA-O,COC(=O)C1=CO[C@@H](C)[C@@H]2C[n+]3ccc4c([nH]c5ccccc54)c3C[C@H]12,170780
NCNSBFDGXBKAKB-UHFFFAOYSA-N,CSCC=O,10887828
ODKSFYDXXFIFQN-SCSAIBSYSA-N,NC(N)=NCCC[C@@H](N)C(=O)O,71070
ZHYZQXUYZJNEHD-VQHVLOKHSA-M,CC(C)=CCC/C(C)=C/C(=O)[O-],9549327
OHFMYRJCMYNZKO-KUKPGQNJSA-N,CC1CC[C@@H]2[C@H](C)CC[C@@H]3[C@@H](C3(C)C)C12O,129626758
DPABDECPOHTCEX-NMFPTBMGSA-N,CC/C=C\C/C=C\C/C=C\C/C=C\C/C=C\C/C=C\CCC(=O)O[C@@H](CO)COC(=O)CCCC/C=C\C/C=C\C/C=C\C/C=C\CC,53478182
JXZQZARENYGJMK-UHFFFAOYSA-N,CC(C)=CCCC(C)C1=CCC(C)=CC1,6428461
SPNKZMRXBVCONG-KKSFZXQISA-N,COc1c(C(C)C)cc(O)c2c1CC[C@H]1C(C)(C)C(=O)CC[C@]21C,15011611
UDSUNACNDRCFFJ-RUTAEVJPSA-N,CO[C@@H](C=C(C)C)C[C@H](C)[C@@H]1CC[C@]2(C)C3=CC[C@H]4C(C)(C)C(=O)CC[C@]4(C)[C@H]3CC[C@@]12C,50994306
YHAJBLWYOIUHHM-GUTXKFCHSA-N,C=C(C)[C@@H]1CCC(C)=C2CC[C@H](C)[C@@H]2C1,94275
FKUQDPQMNVKDHV-GXIKJMEPSA-N,CC/C=C\C/C=C\C/C=C\C=C\C(C/C=C\CCCC(=O)O)OO,122391314
WCVLVNLRVRJFLN-ZCXUNETKSA-M,CCCCCCCCCCCCCCCC/C=C\CCCCCCCC(=O)[O-],86289650
CQOVPNPJLQNMDC-ZETCQYMHSA-M,NCCC(=O)N[C@@H](Cc1cnc[nH]1)C(=O)[O-],70678869
PCXDJQZLDDHMGX-UHFFFAOYSA-O,[NH3+]CCC=O,21286229
DOIQIHBVQRPIOJ-QSYYFJFSSA-N,CCCCCCCCCCCCCCCCCCCCCCCCCCCC(=O)N[C@@H](CO)[C@H](O)[C@H](O)CCCCCCCCCCCCCCCC,70789069
VQUZNVATTCZTQO-PZGQECOJSA-M,O=C[C@H](O)[C@@H](O)[C@@H](O)C(=O)[O-],146170783
YQHLDYVWEZKEOX-UHFFFAOYSA-N,CC(C)(OO)c1ccccc1,6629
MQHLULPKDLJASZ-QMMMGPOBSA-N,Cc1cc(C[C@H]([NH3+])C(=O)[O-])ccc1O,86289482
DPSUQBKEHXAIDY-YHNANPAJSA-N,O=C1CCC(Cc2cccc(O[C@@H]3O[C@H](C(=O)O)[C@@H](O)[C@H](O)[C@H]3O)c2)O1,132472300
WFZQLUSOXHIVKL-QXMHVHEDSA-N,CCCCCCCC/C=C\CCCCCCCCCCCC(=O)OCC,5364508
ZMITXKRGXGRMKS-LUJOEAJASA-M,C[C@]12CC[C@H](OS(=O)(=O)[O-])C[C@@H]1CC[C@@H]1[C@@H]2CC[C@]2(C)C(=O)CC[C@@H]12,122198224
HRQGCQVOJVTVLU-UHFFFAOYSA-N,ClCOCCl,10967
OINNEUNVOZHBOX-XBQSVVNOSA-K,CC(C)=CCC/C(C)=C\CC/C(C)=C\CC/C(C)=C\COP(=O)([O-])OP(=O)([O-])[O-],129320372
FQXXSQDCDRQNQE-VMDGZTHMSA-O,COC1=CC=C2[C@H]3Cc4ccc(OC)c5c4[C@@]2(CC[NH+]3C)[C@H]1O5,11865354
SMEROWZSTRWXGI-HVATVPOCSA-N,C[C@H](CCC(=O)O)[C@H]1CC[C@H]2[C@@H]3CC[C@@H]4C[C@H](O)CC[C@]4(C)[C@H]3CC[C@]12C,9903
NVGOPFQZYCNLDU-UHFFFAOYSA-N,CNc1cnn(-c2cccc(C(F)(F)F)c2)c(=O)c1Cl,33775
YAXAFCHJCYILRU-YFKPBYRVSA-N,C[NH2+][C@@H](CCSC)C(=O)[O-],51351776
LYELQAFKYBUWAN-ONEGZZNKSA-N,C/C=C/c1ccc2oc(-c3ccc(O)cc3OC)cc2c1,14213215
SSWZIHDEYOORCA-UHFFFAOYSA-N,CS(=O)CCCCCCCCN,121232648
CGKMKXBKVBXUGK-LFVBFMBRSA-N,CC(C)CCCC(C)CCCC(C)CCCC(C)[C@H](O)C(=O)O,6326763
LHYHMMRYTDARSZ-BYNSBNAKSA-N,CC1=C[C@@H]2[C@@H](CC1)[C@](C)(O)CC[C@H]2C(C)C,10398656
PDGXJDXVGMHUIR-UJURSFKZSA-N,CC[C@@](C)(O)[C@@H](O)C(=O)O,448154
RPGJJWLCCOPDAZ-UHFFFAOYSA-N,CCCCCCCCCCCCCCCCCCCCC(O)C(=O)O,193484
XHCQZAMDSPGKMT-UHFFFAOYSA-N,Cc1cccc2c(C(=O)O)cc(O)cc12,85787655
PJAHUDTUZRZBKM-UHFFFAOYSA-K,O.O=C([O-])CC(O)(CC(=O)[O-])C(=O)[O-].[K+].[K+].[K+],2735208
VSHFRHVKMYGBJL-CKUXDGONSA-N,CCC[NH+]1CCCC[C@H]1C(=O)Nc1c(C)cccc1C.O.[Cl-],53262281
MWGXDZHCLRMDFE-TZFLZTJBSA-L,O=C(O)/C([O-])=C\C=C/C(=O)c1ccccc1[O-],136351794
SLPNZWQAANGGLR-WMPRHZDHSA-N,CCCCC/C=C\C/C=C\C/C=C\C/C=C\C/C=C\CCCCCCCCCCC(=O)O,52921822
ZSDLSQASILNAAH-YGXKTJSJSA-N,O=c1c(O)c(-c2ccc(O)cc2)oc2cc(O)cc(O[C@H]3O[C@@H](CO)[C@H](O)[C@@H](O)[C@@H]3O)c12,72551435
KPGXRSRHYNQIFN-UHFFFAOYSA-M,O=C(O)CCC(=O)C(=O)[O-],5188693
FDABVSXGAMFQQH-LOYHVIPDSA-N,COc1cc2c(cc1O)[C@@H](Cc1ccc(Oc3cc(C[C@@H]4c5cc(O)c(OC)cc5CCN4C)ccc3O)cc1)N(C)CC2,159911
OZJLEDRUBLSXFE-RPBSFSNWSA-L,CCCCCCCCCCCCCCCC/C=C\OC[C@@H](O)COP(=O)([O-])[O-],129011068
JTWNWNJMNSJYDL-UHFFFAOYSA-N,Cc1ncc(C=O)c(C(=O)O)c1O,440898
QPDMOMIYLJMOQJ-STQMWFEESA-N,CC(C)C[C@@H]1NC(=O)[C@H](Cc2ccccc2)NC1=O,7076347
MPXAWSABMVLIBU-UHFFFAOYSA-N,O=c1c2c(O)cc(O)cc2oc2c(O)ccc(O)c12,5281626
BVAQOPQXUNGRCM-UHFFFAOYSA-M,O=C([O-])Cn1c(=O)sc2cccc(Cl)c21.[K+],23703973
GYBUSKWANOPNPI-GXTWGEPZSA-N,C=C(C)[C@H]1C[C@H](c2c(O)cc3oc4c(OC)c(O)ccc4c(=O)c3c2O)C(C)(C)C1,70698384
FAZBDRGXCKPVJU-MRXNPFEDSA-N,CCCCCCCCCCCCCC(=O)OC[C@@H](O)COP(=O)(O)O,9547180
BQDKCWCMDBMLEH-UHFFFAOYSA-N,CCCCCC#CC(=O)O,21872
XHIXPVCTDRNTTC-YQVKZWHSSA-N,Nc1nc2c(c(=O)[nH]1)NC([C@H](O)[C@@H](O)CO)CN2,135874854
PAZZVPKITDJCPV-UHFFFAOYSA-M,CCCCCCCCC(O)CCCCCCCCC(=O)[O-],78391299
MBDIPBHBEVOYQB-UHFFFAOYSA-N,COc1cc(OC)c2c(O)c3c(=O)cc(C)oc3c(-c3c4cc(OC)cc(OC)c4c(O)c4c(=O)cc(C)oc34)c2c1,149547
MVPPADPHJFYWMZ-UHFFFAOYSA-N,Clc1ccccc1,7964
OIIWPAYIXDCDNL-UHFFFAOYSA-M,C[Si](C)(C)CCC(=O)[O-].[Na+],23666333
SQWOBSHRAUJBNP-IBGZPJMESA-N,O=C(O)CN1CCN(CC(=O)O)CCN(CC(=O)O)[C@@H](Cc2ccc([N+](=O)[O-])cc2)CN(CC(=O)O)CC1,447331
KRXOUZZWQXTUIB-IDERWEGCSA-N,CCCCC/C=C/C/C=C/C/C=C/C/C=C/C/C=C/CCC(=O)OC(CC(=O)[O-])C[N+](C)(C)C,53477825
IMZMKUWMOSJXDT-UHFFFAOYSA-M,O=C([O-])c1cc(=O)c2c(OCC(O)COc3cccc4oc(C(=O)O)cc(=O)c34)cccc2o1,46878542
HOQFSYQZOYFFAM-FAWNWTIBSA-N,C[C@@H](O)CCCCCCCCCCCCCCCCCCCCCCCC(=O)CCO[C@H]1O[C@H](CO)[C@@H](O)[C@H](O)[C@H]1O,102318041
UOHAKHBEJRPHQZ-VKHMYHEASA-N,N[C@@H](CSN=O)C(=O)NCC(=O)O,9942496
VXOVWFJOWNESCS-PGYXGQNHSA-M,C[C@@H]1O[C@@H](OCCCCCCCCCCCCCCC/C=C/C(=O)[O-])[C@H](O)C[C@H]1O,132282478
AFPLNGZPBSKHHQ-MEGGAXOGSA-N,CC(C)=CCC/C(C)=C/CC/C(C)=C/CC/C(C)=C/CC/C(C)=C/CC/C(C)=C/CC/C(C)=C/CC/C(C)=C/CC/C(C)=C/CO,5477212
HJMFZRRKMVZJCX-JZQYXDLISA-N,CC1(C)CC[C@]2(C(=O)O)CC[C@]3(C)C(=C2C1)CC[C@@H]1[C@@]2(C)C[C@@H](O)[C@H](O)C(C)(C)[C@@H]2CC[C@]13C,52952429
OZWKMVRBQXNZKK-NSHDSACASA-N,O=C(c1ccccc1)c1ccc2n1CC[C@@H]2C(=O)O,181817
GIJZWHLTBMCTJV-GFCQZRJLSA-M,CCCCC/C=C\C(O)/C=C\CCCCCCCC(=O)[O-],126456463
NBPUSGBJDWCHKC-UHFFFAOYSA-M,CC(O)CC(=O)[O-].[Na+],23676771
HGNHIFJNOKGSKI-WDYNHAJCSA-N,COc1cc2c3cc1Oc1c(OC)c(OC)cc4c1[C@H](Cc1ccc(cc1)Oc1cc(ccc1O)C[C@H]3N(C)CC2)N(C)CC4,442333
BWORNNDZQGOKBY-UHFFFAOYSA-N,COc1cc(O)c2c(=O)c(O)c(-c3ccc(OC)c(O)c3)oc2c1,5320287
LHXDLQBQYFFVNW-OIBJUYFYSA-N,CC1(C)C(=O)[C@]2(C)CC[C@H]1C2,82229
FBOUIAKEJMZPQG-AWNIVKPZSA-N,CC(C)(C)C(O)/C(=C\c1ccc(Cl)cc1Cl)n1cncn1,6436605
WGNUNYPERJMVRM-UHFFFAOYSA-N,O=C(O)Cc1cccnc1,108
LOIIZBXZZSSECJ-PJVKNAPTSA-N,C=C1C[C@@H]2C=C(CC[C@](O)(C(C)C)/C=C/[C@@](C)(O)CC[C@@H]1O)C(=O)O2,56834490
PHSQDXKUQRUWOG-PXMSNCRXSA-N,C[C@H](CCCCCCCCCCC/C=C/C(=O)O)O[C@@H]1O[C@@H](C)[C@H](O)C[C@H]1O,86289698
CKAPSXZOOQJIBF-UHFFFAOYSA-N,Clc1c(Cl)c(Cl)c(Cl)c(Cl)c1Cl,8370
LPXFOQGBESUDAX-NLEYBKGJSA-N,CCCCCCCC/C=C\CCCCCCCC(=O)OC[C@H](COP(=O)([O-])OCC[NH2+]C)OC(=O)CCCCCCC/C=C\CCCCCCCC,91746150
ODIMKKAAMGFUTD-FVKUMAIZSA-N,CCCCCCCC/C=C\CCCCCCCC(=O)OC[C@H](COP(=O)(O)OCCNC(=O)CCCCCCCCCCCCC)OC(=O)CCCCCCC/C=C\CCCCCCCC,86289681
SFBODOKJTYAUCM-UHFFFAOYSA-N,CC(C)Oc1ccc2c(=O)c(-c3ccccc3)coc2c1,3747
QLAHWTNCEYYDRR-UHFFFAOYSA-N,NC(CC(=O)c1cccc2oc3cc(=O)c4[nH]c(C(=O)O)cc(=O)c4c-3nc12)C(=O)O,98312
UPWGQKDVAURUGE-KTKRTIGZSA-N,CCCCCCCC/C=C\CCCCCCCC(=O)OC(CO)CO,5319879
TZPBMNKOLMSJPF-TWEVDUBQSA-N,O=C(O)c1ccccc1OC1O[C@H](CO)[C@@H](O)[C@H](O)[C@H]1O,151505
BUEBVQCTEJTADB-XIOHJVLTSA-N,OC[C@H]1O[C@@H](O)[C@H](O[C@@H]2OC[C@H](O)[C@H](O)[C@H]2O)[C@@H](O)[C@@H]1O,91851341
NKTGCVUIESDXPU-YLEPRARLSA-N,CCC/C=C/C/C=C/C=C/C=N/NN=O,9576787
GOLXRNDWAUTYKT-UHFFFAOYSA-N,O=C(O)CCc1c[nH]c2ccccc12,3744
ZRJBHWIHUMBLCN-YQEJDHNASA-N,C/C=C1\[C@H]2C=C(C)C[C@]1(N)c1ccc(=O)[nH]c1C2,854026
UDCFQVYVEMPFKM-CTPBMWBYSA-N,CC(=O)OC1C(C)=CC(=O)[C@]2(C/C=C(\C)CC/C=C(\C)CCCC(C)(C)O)O[C@H]12,121596209
YTIVTFGABIZHHX-UHFFFAOYSA-M,O=C([O-])C#CC(=O)O,4534582
FHFYDNQZQSQIAI-UHFFFAOYSA-N,CCn1cc(C(=O)O)c(=O)c2cc(F)c(N3CCN(C)CC3)cc21,51081
BHTRKEVKTKCXOH-BJLOMENOSA-N,C[C@H](CCC(=O)NCCS(=O)(=O)O)[C@H]1CC[C@H]2[C@@H]3[C@H](O)C[C@@H]4C[C@H](O)CC[C@]4(C)[C@H]3CC[C@]12C,387316
UGTZHPSKYRIGRJ-JGVFFNPUSA-N,NCCCC[C@H](N)C(=O)N[C@H](CCC(=O)O)C(=O)O,102067377
FNLHPZUNSZDBLN-CBPJZXOFSA-M,[NH3+][C@H]1[C@H](O)[C@@H](COP(=O)([O-])[O-])OC(O)[C@@H]1O,25246240
UOACBPRDWRDEHJ-KVQBGUIXSA-J,Nc1[nH]c(=O)nc2c1ncn2[C@H]1C[C@H](O)[C@@H](COP(=O)([O-])OP(=O)([O-])OP(=O)([O-])[O-])O1,86289402
AHRQMWOXLCFNAV-UHFFFAOYSA-O,CC[NH3+].O=[N+]([O-])[O-],6432248
GNTURDCSUKZVNZ-WIAJBTPCSA-N,CCCCC/C=C\C/C=C\C=C\C(C/C=C\CCCC(=O)OC)OO,86290097
AJVRSHNXSHMMCH-UHFFFAOYSA-K,O.O=C([O-])CC(O)(CC(=O)[O-])C(=O)[O-].[Fe+3],22178220
HXAIQOCRALNGKB-UHFFFAOYSA-N,CCOCN(C(=O)CS(=O)(=O)O)c1c(C)cccc1CC,6426848
OHUXOEXBXPZKPT-STQMWFEESA-N,N[C@@H](Cc1ccccc1)C(=O)N[C@@H](Cc1cnc[nH]1)C(=O)O,9966159
IXBONFUZSBFCIX-UHFFFAOYSA-N,CC1=NN(C(=O)c2cc3nc(-c4ccccc4)cc(C(F)(F)F)n3n2)C(O)(C(F)(F)F)C1,4303131
UFLRJROFPAGRPN-UHFFFAOYSA-N,CN1CCN(C(=S)Nc2ccc(Nc3ccc([N+](=O)[O-])cc3)cc2)CC1,5464102
LPNBBFKOUUSUDB-UHFFFAOYSA-M,Cc1ccc(C(=O)[O-])cc1,154342
GXPHTJFKVOCWKQ-PDLCYRHZSA-N,C=C1[C@@H](C)[C@]2(C)C(C)=C(C)[C@@](C)(C2C)[C@H]1C,46187193
FYHHDJRMDOBZJF-UHFFFAOYSA-N,CCCCCC(N)CC(=O)O,295606
XIEGSJAEZIGKSA-KOQCZNHOSA-N,CN1[C@@H]2CC[C@H]1CC(OC(=O)c1c[nH]c3ccccc13)C2.Cl,656664
QVDSEJDULKLHCG-UHFFFAOYSA-M,C[NH+](C)CCc1c[nH]c2cccc(OP(=O)([O-])[O-])c12,36688142
QUHYUSAHBDACNG-UHFFFAOYSA-N,O=C(CCCCc1ccc(O)cc1)CCc1ccc(O)cc1,14608480
AMEKQAFGQBKLKX-UHFFFAOYSA-N,CC1=C(C(=O)Nc2ccccc2)S(=O)(=O)CCO1,21330
XJJZQXUGLLXTHO-UHFFFAOYSA-N,CC(N)Cn1ccc2cc(F)c(Cl)cc21,5191289
MWRVRCAFWBBXTL-UHFFFAOYSA-N,O=C(O)c1ccc(O)cc1C(=O)O,11881
HEMYFRUQBYQMQP-VWXWZJPTSA-N,CC1(C)[C@H](O)CC[C@]2(C)[C@H]3CC[C@@]4(C)[C@H](C5COC(=O)[C@@](O)(C(C)(C)O)C5)CC[C@]4(C)C3=CC[C@@H]12,72551429
KPEBWQGRAPDCOD-UVTDQMKNSA-N,CC(C)CCCCCCC/C=C\C(=O)N1CCCCC1,92136107
SDTFBAXSPXZDKC-UHFFFAOYSA-N,Nc1nc2ccccc2c(=O)[nH]1,135403814
MOBMOJGXNHLLIR-GBNDHIKLSA-N,O=c1[nH]cc([C@@H]2O[C@H](COP(=O)(O)O)[C@@H](O)[C@H]2O)c(=O)[nH]1,439424
CLQMBPJKHLGMQK-UHFFFAOYSA-N,CC(C)C1(C)N=C(c2ncccc2C(=O)O)NC1=O,54738
VQUZNVATTCZTQO-PZGQECOJSA-N,O=C[C@H](O)[C@@H](O)[C@@H](O)C(=O)O,88712001
LZERJKGWTQYMBB-UHFFFAOYSA-N,COc1ccc(-c2cc(=O)c3c(O)cc(OC)cc3o2)cc1,5281601
PTJFJXLGRSTECQ-BILTVKSSSA-N,O=C(O)CCC[C@H](O)/C=C/C=C/C=C/[C@H](O)C/C=C\CCCCCO,102571794
NYCRCTMDYITATC-UHFFFAOYSA-N,NC(Cc1ccccc1F)C(=O)O,9465
RSZDAYHEZSRVHS-UHFFFAOYSA-N,COc1cc2oc(=O)ccc2cc1CC=C(C)C,68486
CDAHFUWPMGXLON-UHFFFAOYSA-M,O=C([O-])C(=O)Cc1ccc(O)c(I)c1,21145065
SEEJZRCEDNOVGA-AUTSUKAISA-N,CCCCCCCCCCCCC/C=C/[C@@H](O)[C@H](COP(=O)(O)O)NC(=O)CCCCCCCCCCCCCCCCCCCCCCC,5283587
ABOOPXYCKNFDNJ-UHFFFAOYSA-N,CC(Oc1ccc(Oc2cnc3cc(Cl)ccc3n2)cc1)C(=O)O,178795
LDEMREUBLBGZBO-KQYNXXCUSA-M,Nc1ncnc2c1ncn2[C@@H]1O[C@H](COP(N)(=O)[O-])[C@@H](O)[C@H]1O,23615303
NSTPXGARCQOSAU-VIFPVBQESA-M,O=CN[C@@H](Cc1ccccc1)C(=O)[O-],6938788
MYFVWSDZEBSNKM-REOHCLBHSA-N,NC(=O)OC[C@H]([NH3+])C(=O)[O-],25202071
JQVAEIIIMVMJBO-UHFFFAOYSA-N,COc1cc(CCNCc2ccccc2O)c(OC)cc1C#N.Cl,90489019
XIWXUSFCUBAMFH-WEPHUFDCSA-N,COc1cc(/C=C/C(=O)O[C@@H](C(=O)O)[C@@H](O)C(=O)O)ccc1O,72551457
TWEQNPPRXJRHHM-UHFFFAOYSA-L,CC(=O)O.CC(=O)O.N.NC1CCCCC1.[Cl][Pt][Cl],91825658
LILPTCHQLRKZNG-CKKRXTSSSA-N,Oc1ccc([C@@H]2Oc3ccc(/C=C/c4cc(O)cc(O)c4)cc3[C@H]2c2cc(O)cc(O)c2)cc1,637098
IXAQOQZEOGMIQS-JEWNPAEBSA-N,CCCCC[C@@H](O)/C=C/C=C\C=C\C=C\[C@@H](O)[C@@H](O)CCCC(=O)O,9841438
BRARRAHGNDUELT-UHFFFAOYSA-N,O=C(O)c1ncccc1O,13401
ZZJYIKPMDIWRSN-TZBSWOFLSA-N,CC(C)(C)[C@@]1(O)CCN2C[C@@H]3c4ccccc4CCc4cccc(c43)[C@H]2C1,37461
JQTCHIYVEDEVBR-VMNXYWKNSA-N,CCCCCC/C=C\CCCCCCCCCC(=O)OCC(CO)OC(=O)CCCCCCCCC/C=C\CCCCCC,118987335
KGPGFQWBCSZGEL-ZDUSSCGKSA-N,CCn1c(-c2nonc2N)nc2c(C#CC(C)(C)O)ncc(OC[C@H]3CCCNC3)c21,16725726
DAIKHDNSXMZDCU-FQTGFAPKSA-N,CC1=C\[C@@H](O)CC(=O)Cc2nc(co2)C(=O)N2CCC=C2C(=O)O[C@H](C(C)C)[C@H](C)/C=C/C(=O)NC\C=C\1,5459319
YRHZEQFAUQVVIS-FAVIALCLSA-N,C[C@H](CCCCC(=O)O)O[C@@H]1O[C@@H](C)[C@H](OC(=O)c2c[nH]c3ccccc23)C[C@H]1O,86289738
KEEHJLBAOLGBJZ-WEDZBJJJSA-M,CC(/C=C/C12OC1(C)CCCC2(C)C)=C\C=C\C(C)=C\C(=O)[O-],131953096
HILMMWCZVHCJNL-UHFFFAOYSA-N,COC(=O)c1ncnc2nc[nH]c12,6141615
PDPWCKVFIFAQIQ-UHFFFAOYSA-N,CNC(=O)C(OC)c1ccccc1COc1cc(C)ccc1C,10935908
AZCFLHZUFANAOR-OWOJBTEDSA-N,O=C(O)/C=C/C(=O)CC(=O)C(=O)O,5280525
XZTUSOXSLKTKJQ-CESUGQOBSA-N,C[C@]12CC[C@H](O)C[C@H]1CC[C@@H]1[C@@H]2CC[C@]2(C)[C@@H](C3=CC(=O)OC3)CC[C@]12O,4369270
JVICFMRAVNKDOE-UHFFFAOYSA-M,CCN(CC)c1ccc(C(=C2C=CC(=[N+](CC)CC)C=C2)c2ccc(N(CC)CC)cc2)cc1.[Cl-],16955
QRTXZGIQTYDABO-UHFFFAOYSA-N,CNC(=O)Oc1cc(C)c(C)cc1Cl,522251
PFLXIUOIVYGOQQ-LNNRFACYSA-N,N[C@H]1[C@H](Oc2c[nH]c3ccc(Br)c(Cl)c23)O[C@H](CO)[C@H](O)[C@@H]1O,71728432
DJBNUMBKLMJRSA-UHFFFAOYSA-N,O=C(NCC1CCCCN1)c1cc(OCC(F)(F)F)ccc1OCC(F)(F)F,3356
FZLJPEPAYPUMMR-JAJWTYFOSA-L,CC(=O)N[C@H]1[C@@H](OP(=O)([O-])[O-])O[C@H](CO)[C@H](O)[C@@H]1O,49859685
AMQNWIBRZVRDHO-ZETCQYMHSA-M,CCCCCC(=O)N[C@@H](O)C(=O)[O-],135563672
ZJAOAACCNHFJAH-UHFFFAOYSA-L,O=C([O-])P(=O)([O-])O,51644315
HGTBAIVLETUVCG-UHFFFAOYSA-M,CSCC(=O)[O-],5179950
SBHIRCGPIWGBMU-PBUWDAODSA-N,C=C1/C=C/[C@@H](C(C)CC(=O)C=C(C)C)CCC(C)=CCC1,70698101
QTHJXLFFFTVYJC-OWOJBTEDSA-L,O=C([O-])C/C=C/C(=O)C(=O)[O-],25245156
GBMIFBVLJSCVJT-UHFFFAOYSA-N,O=C(Nc1ccc(Nc2nccc(Nc3cc(C4CCCC4)[nH]n3)n2)cc1)Nc1cccc(C(F)(F)F)c1,77232197
FRAUAYJDJWCREF-FEXRMQIKSA-M,CCCCC[C@H]1O[C@H]1C[C@@H](/C=C/C=C\C/C=C\CCCC(=O)[O-])OO,119058197
WIJWBOWLVOOYFR-BDSSXFGHSA-M,CC/C=C\C[C@H]1C(=O)CC[C@H]1CCCCCC(=O)[O-],129900417
IGJKYDBBINVMLH-JXRLJXCWSA-N,CCCCC/C=C\C/C=C\C/C=C\C/C=C\CCCC(=O)O[C@H](CO)COP(=O)([O-])OCC[N+](C)(C)C,52924038
RYAUSSKQMZRMAI-UHFFFAOYSA-N,CC(Cc1ccc(C(C)(C)C)cc1)CN1CC(C)OC(C)C1,91695
WHBHBVVOGNECLV-OBQKJFGGSA-N,C[C@]12CCC(=O)C=C1CC[C@@H]1[C@@H]2CC[C@@]2(C)[C@H]1CC[C@]2(O)C(=O)CO,440707
XFDJYSQDBULQSI-UHFFFAOYSA-N,CCN1CC(CCN2CCOCC2)C(c2ccccc2)(c2ccccc2)C1=O,3156
NOWSJBQEOYCSBC-UHFFFAOYSA-N,COc1cc(CO)nc(-c2ccccn2)c1OC,53493586
MYUPFXPCYUISAG-UHFFFAOYSA-N,OC(c1ccccc1)(c1cncnc1)c1ccc(Cl)cc1Cl,33605
PQNASZJZHFPQLE-LURJTMIESA-N,CNCCCC[C@H](N)C(=O)O,164795
GCZRCCHPLVMMJE-WXMXURGXSA-M,CCCCC/C=C\C=C\[C@H](O)C/C=C\C/C=C\CCCC(=O)[O-],86289661
RJBKVKVYNJTHJS-DQSYDGHTSA-N,CNc1nc2c(Cc3cccnc3)c(C)c(O[C@@H]3O[C@H](C(=O)O)[C@@H](O)[C@H](O)[C@H]3O)c(C)c2s1,443294
NCYCYZXNIZJOKI-MKOSUFFBSA-N,CC1=C(/C=C/C(C)=C\C=C\C(C)=C\C=O)C(C)(C)CCC1,6436082
WGOIKYSVBBVLLY-MUQNOEDGSA-N,CC/C=C\C/C=C\C/C=C\C/C=C\C/C=C\CCCC(=O)OC[C@@H](COC(=O)CCCCCCCCCCC)OC(=O)CCCCCCC/C=C\C/C=C\CCCCC,56937282
CUOKHACJLGPRHD-UZBSEBFBSA-N,O=C1O[C@H](CO)[C@H](O)[C@@H]1O,11829598
JFVXEJADITYJHK-UHFFFAOYSA-L,O=C1C(c2[nH]c3ccc(S(=O)(=O)[O-])cc3c2O)=Nc2ccc(S(=O)(=O)[O-])cc21.[Na+].[Na+],2723854
